            0.300312 0 0 0 -8.81233e-05  0.000164802  7.26613e-06 0 0 0   -0.011 -0.02329  0.04412   -0.0012069   0.00150607 -4.82435e-05   0.00202306 -4.59238e-05 -0.000562222 0 0 0 0.0122745   0.16655  -9.80758 
            0.400168 -0.187679  0.146785 -0.138411 -0.0154838  0.0399738 0.00568312  3.14891e-06  3.46881e-06 -1.02858e-06 -0.0110002 -0.0232896  0.0441201 0.00361243  0.0183168 0.00367426   0.00202302 -4.60175e-05  -0.00056217  2.84817e-07 -6.68732e-07 -9.66675e-08 0.0122742  0.166551  -9.80758 
            0.500004   -0.12064  0.0627906 -0.0109537   -0.01252 -0.0332478 0.00678354  -0.00050356  -1.3874e-05 -1.24979e-07 -0.0110003 -0.0232889  0.0441201  0.0166502  -0.351163 0.00889163   0.00199385  2.01036e-06 -0.000631504 -2.95214e-06  8.95197e-05 -7.85548e-07 0.0122773  0.166464  -9.80758 
            0.600253  -0.142991  0.0900403 -0.0544826 -0.00938248 -0.00707196 -0.00915555   0.0339971   0.0113924 0.000246947 -0.0110143   -0.02329  0.0441303  0.0221255   -0.10498 -0.0548729   0.00192395 -3.17091e-05 -0.000591582  0.00201612 -0.00607732  0.00252465 0.0103371  0.172347  -9.80748 
            0.700091    -0.155149    0.0343115 -0.000984981 -0.0101823 -0.0220441 -0.0058579   0.0225577   0.0206646 0.000371113 -0.0110127 -0.0232921  0.0441301  0.0120241  -0.118227 -0.0263352   0.00204889  0.000115886 -0.000772701  0.00367215 -0.00398509 -0.00115529 0.00875234   0.170408   -9.80752 
            0.799919  -0.127599  0.0453219 -0.0121585  -0.0122589 -0.00938833  0.00147213    0.12845  0.0518203 0.00107839 -0.0110182 -0.0232945  0.0441271 -0.0026665  -0.029722 0.00378508   0.00190481  4.91658e-05 -0.000737038  0.00922438  -0.0227384 -0.00700892 0.00344298   0.188544   -9.80719 
            0.900565  -0.256127  0.0557958 -0.0223259  -0.0205549 0.000204787   0.0212288   0.198622   0.110188 0.00223817 -0.0110238 -0.0233134  0.0441357 -0.0355615   0.023213  0.0660888   0.00206343 -0.000224382 -0.000705799  0.0196476 -0.0348778 -0.0293041 -0.00650828    0.200655    -9.80695 
              1.0004  -0.294099 0.00660003 -0.0113265 -0.0230555 0.00663701  0.0176314   0.224708   0.105241 0.00224841 -0.0110266 -0.0233085  0.0441369 -0.0371917  0.0497736  0.0361063   0.00206923 -0.000168849 -0.000707121  0.0187359 -0.0397534 -0.0138389 -0.0056454   0.205024   -9.80686 
             1.10022 -0.259907  0.106962 -0.017076 -0.0188309  0.0127802  0.0154968   0.228595  0.0455452 0.00146606 -0.0110232 -0.0233106  0.0441483 -0.00739239   0.0641818   0.0197666   0.00199943 -0.000241892 -0.000694998  0.00810354    -0.04058 -0.00454013 0.00456194   0.205615   -9.80684 
             1.20006  -0.321065  0.0975047 -0.0516935 -0.0173795  0.0304018  0.0135529   0.301081   0.030924 0.00162502 -0.0110254 -0.0233099  0.0441481 0.000148468     0.11501  0.00884439   0.00193042   -0.0001759 -0.000570081 0.00547956 -0.0535665 0.00246319 0.00708301   0.217922   -9.80658 
              1.3003  -0.299479   0.109787 -0.0388395 -0.0109637  0.0173395 0.00116712    0.141761  -0.0101711 0.000626612 -0.0110291 -0.0233179  0.0441593  0.0272074  0.0389261 -0.0335754   0.00202711 -0.000146942 -0.000595986 -0.00190954  -0.0254866   0.0247207 0.0141432   0.19044  -9.80714 
             1.40014  -0.31267   0.12855 -0.083327 -0.0052098  0.0285147 0.00388746    0.175899  -0.0243446 0.000628736 -0.0110304 -0.0233156  0.0441575  0.0412881  0.0743527 -0.0143516   0.00194619 -0.000174997 -0.000437712 -0.00442062  -0.0314707   0.0156486 0.0165524  0.196424  -9.80702 
             1.49997  -0.309199    0.11462 -0.0744812  0.00259758   0.0251715 -0.00258828    0.123724  -0.0428152 0.000405626 -0.0110342  -0.023319  0.0441574  0.0560236   0.049996 -0.0287752   0.00209361  -7.9773e-05 -0.000453166 -0.00774975  -0.0222166     0.02248 0.0197427  0.187374  -9.80719 
             1.60061  -0.185536   0.105198 -0.0606943 -0.000193535    0.0168146  -0.00365139   0.0651571 -0.00382351 0.000846276 -0.0110395  -0.023313  0.0441792  0.0262356 0.00932234 -0.0254545    0.0020517 -0.000118114 -0.000471646 -0.000753675   -0.0116963    0.0202468 0.0130454  0.177343  -9.80739 
             1.70047 -0.0521461  0.0821332 -0.0310997 0.00122938 0.00506921 0.00279829    0.0187228 -0.000126268  0.000942444 -0.0110427 -0.0233016  0.0441954  0.0248655 -0.0345839  0.0027247   0.00181664 -5.49789e-05 -0.000550306 -8.02096e-05  -0.00322584   0.00973707 0.0124395  0.169483  -9.80753 
              1.8003 -0.0490891  0.0862864 -0.0337204 -0.00584271  0.00310525  0.00994705  0.0235376  0.0321847 0.00151803  -0.011042 -0.0233005  0.0441953 -0.0105283   -0.02665  0.0237379   0.00179695 -0.000129104 -0.000548444   0.0057249 -0.00398802  0.00282427 0.00690994   0.170392   -9.80752 
             1.90014 -0.102706  0.054359 -0.021955 -0.00981342  0.00418372  0.00981837  0.0331009  0.0395416 0.00169329 -0.0110423 -0.0232977   0.044201 -0.0238028 -0.0120799  0.0131925   0.00178567 -0.000142202 -0.000553643  0.00704354 -0.00573638  0.00489059 0.00564665   0.172036   -9.80749 
             1.99999  -0.123029  0.0304079 -0.0216055 -0.00489896  -0.0059589 -0.00309867  0.0145487     0.0252 0.00132562 -0.0110433 -0.0232878  0.0441937 0.00463089 -0.0418801 -0.0361894   0.00185326 -7.42273e-05 -0.000551205 0.00446299 -0.0025837  0.0143029 0.00806511   0.168852   -9.80754 
             2.10063  -0.0188861    0.104032 -0.00410274  -0.0227395 -0.00863648    0.014499  0.0190158  0.0627868 0.00247225 -0.0110529 -0.0232805  0.0441721 -0.0627411 -0.0421434   0.029098    0.0016232 -0.000380657 -0.000578604   0.0112338 -0.00312718  0.00142727 0.00162844   0.169589   -9.80753 
             2.20046    0.027867   0.0318119 -0.00212802 -0.0188757 -0.0163001 0.00174195 0.00968082  0.0353209 0.00164566 -0.0110573 -0.0232848   0.044165 -0.0272147 -0.0584607  -0.016086   0.00173581 -0.000115929 -0.000594032  0.00626059 -0.00168267   0.0124753 0.00635343    0.16804   -9.80756 
             2.30031  -0.251329    0.16232 -0.0595298  -0.011121 0.00249746  0.0166723   0.0792839 -0.00160396 0.000240803 -0.0110942 -0.0233245  0.0442598 0.0147422 0.0176075 0.0371177   0.00165485 -9.99301e-05 -0.000528389 -0.00037022  -0.0137997 -0.00280139 0.0127527  0.179768  -9.80734 
             2.40015  -0.166684    0.12013 -0.0120167 0.00189072 0.00787397  0.0173687   0.0879489  -0.0379485 -0.00155044 -0.0110927 -0.0233304  0.0442523 0.0586334 0.0327469 0.0274405   0.00164454  1.53155e-05 -0.000541242  -0.00691628    -0.015422 -0.000500417 0.0190027  0.181257  -9.80731 
             2.49999 -0.175709 0.0952257 -0.051322 -0.00353579   0.0132218   0.0103398    0.0911516  -0.00795649 -2.69007e-05 -0.0110983 -0.0233381   0.044261   0.0130198   0.0480723 -0.00548995    0.0016593 -6.22358e-05  -0.00053891 -0.00152809  -0.0162669   0.0081373 0.0138441  0.181948   -9.8073 
             2.60063  -0.182701  0.0978402 -0.0572569 -0.00503731   0.0100849  0.00971046  0.0741015 -0.0021631 0.00018746 -0.0110984 -0.0233381  0.0442638  0.00498466   0.0250747 -0.00676446   0.00179865 -0.000132992 -0.000496773 -0.000484535   -0.0131982    0.0081056 0.0128397  0.179028  -9.80736 
             2.70046 -0.0960422  0.0854874  -0.034675 -0.00298813   0.0142899 -0.00345322   0.0755358 -0.00430065 8.35693e-05 -0.0110998 -0.0233492  0.0442623  0.0111943  0.0291879 -0.0443698   0.00152181 -4.26706e-05 -0.000537575 -0.000888911   -0.0136717    0.0173891 0.0131883  0.179305  -9.80735 
             2.80028  -0.570369   0.330746 -0.0315433 0.000433676    0.014033 -0.00128329  0.0662524 -0.0122556 0.00015513 -0.0111176  -0.023381  0.0442565 0.0407066 0.0149776 -0.024492   0.00161905 -0.000180738 -0.000500006 -0.00233219  -0.0119311   0.0113194 0.0145821  0.177764  -9.80738 
             2.90013 -0.532647  0.387211  0.010735   0.00371367   0.00716119 -1.93077e-05   0.0436352 0.000609507 0.000583144 -0.011125  -0.02338 0.0442469   0.0853611  -0.0360488 0.000659967   0.00152538 -0.000137742 -0.000560077 -1.23962e-05  -0.00779947   0.00864165 0.0123813  0.173902  -9.80745 
             2.99998  -2.58434  0.654992 -0.375494  0.0126039  0.0044365 0.00764381    0.0548853   0.00178923 -1.54623e-05 -0.0111586 -0.0235405  0.0443155  0.0893307 -0.0639173  0.0269421   0.00204169 -0.000174353 -0.000464411  6.63162e-06  -0.00950291 -0.000342949 0.0124464  0.175761  -9.80742 
             3.10062 -4.88941  1.28706 -1.37705   0.0186106 -0.00830701  0.00924537  0.0290746 0.00992186 0.00358518 -0.0110585 -0.0235324  0.0440774 0.0657238 -0.080019  0.018264   0.00232748  -0.00038244 -0.000496348  0.00150108 -0.00515696 0.000897572 0.0109647  0.171591  -9.80749 
             3.20047  -4.0288  1.36475 -1.42538  0.0253911 -0.0253048 0.00486658 -0.00598734   0.0102208   0.0056434 -0.0110217 -0.0235706  0.0441579 0.0907492 -0.111207 0.0358222   0.00206646 -0.000314357 -0.000588637   0.00176636 -0.000189196      0.01044 0.0103436  0.166165  -9.80759 
             3.30032  -3.9494 0.773411 -2.58992  0.0342309 -0.0468715  0.0139138 -0.0334995  0.0122852  0.0058057 -0.0109096  -0.023538   0.044323  0.111869 -0.127804    0.1119    0.0020628 -0.000353556 -0.000575562 0.00217907 0.00515003 0.00789798 0.00972207   0.161435   -9.80767 
             3.40015 -4.12089 0.213349 -4.33914  0.0444361 -0.0559911  0.0300934 -0.0290482  0.0187478 0.00878074 -0.0109306  -0.023583  0.0443328   0.153152 -0.0856406   0.239007   0.00229636 -0.000670169 -0.000372236 0.00319949 0.00456227 0.00698888 0.00889269   0.162285   -9.80765 
             3.49998 -3.49613 -2.00179 -4.29655  0.0596189 -0.0575236  0.0573957 -0.0194555  0.0233141 0.00958478 -0.0109417 -0.0235633  0.0443512   0.199408 -0.0334966     0.3989   0.00225998 -0.000614605 -0.000418603 0.00375844 0.00301298 0.00849722 0.00873738   0.163669   -9.80763 
             3.60062 -3.15875 -4.57967 -4.37005 0.0845403 -0.041328  0.120394  0.0176359  0.0223446 0.00210384 -0.0103573 -0.0235033  0.0441053   0.22549 0.0284081  0.597414   0.00223214 -0.000564957 -0.000332658  0.00353241 0.000404898 -0.00108338 0.0107119  0.167492  -9.80756 
             3.70047 -2.08999 -4.87963 -4.01349   0.108403 -0.0254276   0.196749    0.048264   0.0227503 -0.00891078 -0.0101866 -0.0234814  0.0439917 0.181041 0.051932 0.839213   0.00204164  -0.00091403 -0.000200461   0.0034319 -0.00177916 -0.00407093 0.0121781  0.169753  -9.80752 
              3.8003 0.531049 -3.45718 -5.90083   0.119996 -0.0364753   0.284837 0.00604654  0.0292447  0.0072307 -0.00989665  -0.0236085   0.0441592    0.13764 -0.0257625   0.993572   0.00198134  -0.00103079 -0.000112802  0.00377155  0.00104208 -0.00283823 0.00999458   0.167645   -9.80756 
             3.90015 -0.410236  -4.80464  -7.76433   0.128554 -0.0405055   0.402151 0.00645526  0.0443116 0.00847856 -0.00999179  -0.0239132   0.0441114   0.09921 -0.064598   1.08941   0.00207552 -0.000973017  -0.00010984 0.00299393 0.00187829 -0.0122893 0.00868228   0.168366   -9.80755 
                   4 0.612648 -3.97862 -8.84171   0.128327 -0.0775268   0.501869 -0.0660648  0.0470195  0.0282849 -0.00972928  -0.0238713   0.0439456  0.018131 -0.197975   1.07213   0.00225451  -0.00111304 -0.000280161    0.003301  0.00661189 -0.00714449 0.00515833   0.164816   -9.80761 
             4.10025 0.829401 -3.09981   -11.39   0.135461 -0.0978282   0.606584 -0.0644142  0.0330273  0.0271887  -0.009724 -0.0237548  0.0440334 -0.00156459   -0.171132     1.02663   0.00231874  -0.00107242 -0.000243054  0.00191027  0.00625516 -0.00667479 0.00630599   0.163585   -9.80763 
             4.20009 0.522933  -2.0273 -14.1384   0.140295 -0.0975926   0.696392 -0.038999 0.0327521 0.0227819 -0.00985489  -0.0236557   0.0442315 -0.0415644 -0.0624285   0.865877   0.00226158  -0.00114236 -0.000163096  0.00261753  0.00242903 -0.00225905 0.0104231  0.165942  -9.80759 
             4.29994 -0.279861 -0.709262  -14.2296  0.131747 -0.083671  0.771353 -0.0236285  0.0461655  0.0207184 -0.00941663  -0.0233909    0.044381 -0.0977668  0.0494705   0.678215   0.00228921   -0.0011848 -0.000224842   0.00608014  -0.00126985 -8.71242e-05 0.0131355  0.171127   -9.8075 
             4.40056 -0.821765   1.10154   -14.083   0.111832 -0.0961962   0.823308 -0.0379324   0.040451 0.00914454 -0.00994524  -0.0230612   0.0442011 -0.132719 0.0459504  0.430439   0.00232742  -0.00122248 -0.000366916 0.00581921 0.00656879 0.00473533 0.00610484   0.167723   -9.80756 
              4.5004 -1.65655  2.67102 -15.4354  0.0895889 -0.0911377   0.863386 -0.0466108  0.0348709 0.00139378  -0.010006 -0.0230516   0.044138 -0.150842  0.141708  0.251898   0.00238517  -0.00122167 -0.000296949 0.00823582 0.00967787 0.00226008 0.00163442   0.168798   -9.80755 
             4.60024 -0.810266   3.49303  -16.8183  0.0600192 -0.0872446   0.873291 -0.0484503   0.024239  -0.013635 -0.0100088 -0.0232957  0.0445072 -0.200286  0.140601 0.0157079   0.00246671  -0.00119731 -0.000279784 0.00989708  0.0162432  0.0062319 -0.00554312    0.167784    -9.80756 
              4.7001 -0.282561   4.40449  -20.1535  0.0629354 -0.0474377   0.874439 -0.0494185  0.0465696  0.0119773 -0.0106458 -0.0228537  0.0439671 -0.0939791   0.269467 -0.0562099   0.00239961  -0.00117033 -0.000235098 0.00873129 0.00607244 0.00454198 0.00530708    0.17069   -9.80751 
             4.79994 0.636469  6.45496  -25.493   0.0546177 -0.00381655    0.886712 -0.0626027  0.0517924  0.0166561 -0.0112161 -0.0229774  0.0436977 -0.0635223   0.330361  0.0482646  0.00244576 -0.00127482 -0.00015118  0.0127505 0.00243138 -0.0014545 0.00837714   0.175566   -9.80743 
             4.90057 0.938102  7.37249 -30.9213  0.066485 0.0162941   0.87548 -0.0414325  0.0459305  0.0249233 -0.0112877 -0.0224162   0.043614 0.00307764   0.255663  0.0437173   0.00258998  -0.00121353 -0.000136054 0.00609212 0.00118507 0.00439204 0.00918962      0.168   -9.80756 
             5.00039  1.00929  7.32873 -35.1921 0.0473502 0.0290449  0.892432 -0.0733315  0.0382868 0.00537621 -0.0109377 -0.0223588  0.0438415 -0.0801283   0.145622   0.109398    0.0029093  -0.00135815 -0.000271545   0.00748304   0.00757523 -7.47517e-06 0.00128939   0.172295   -9.80749 
             5.10024  0.97736  6.55247 -39.4206 0.0426838 0.0321518   0.90023 -0.0660977  0.0154164 0.00211443 -0.0111165 -0.0223921  0.0435096  -0.11013 0.0379804  0.104199   0.00294754  -0.00133635 -0.000247354  0.00323812  0.00643835 0.000943829 -0.00169095    0.166038    -9.80759 
             5.20008 0.0323636   5.58932  -42.7692 0.0307226 0.0240218  0.921781  -0.0641155 -0.00657496  -0.0055543 -0.0110051 -0.0226454  0.0433286  -0.136104 -0.0623569   0.162774   0.00299092  -0.00138474 -0.000260278  0.00183655  0.00606203 -0.00505549 -0.00464324     0.16156    -9.80767 
             5.29992 -0.868434   4.32263  -46.5533 0.00932662   0.010766   0.945431 -0.0804284 -0.0169966 -0.0129381 -0.0110047 -0.0225847  0.0432656   -0.15982 -0.0785448   0.217665   0.00336218  -0.00148718 -0.000120995 0.000562095  0.00897208 -0.00726423 -0.00980604    0.163082    -9.80764 
             5.40056 -1.52345  1.73429 -50.0252 -0.0234248 -0.0132982   0.970837   -0.11703 -0.0512136 -0.0296149 -0.0111492 -0.0224091  0.0430464  -0.211877 -0.0730006   0.217723   0.00339398  -0.00150019 -0.000153634 -0.00536771   0.0148347 -0.00881259 -0.0242096    0.16511   -9.80758 
              5.5004  -2.11785 -0.737244   -52.819 -0.0457099 0.00297918   0.993275  -0.127832 0.00412081 -0.0146098 -0.0108501 -0.0223088  0.0433833 -0.180313 0.0608983   0.19599   0.00338389  -0.00156409 -0.000131109  0.00415963   0.0175585 -0.00846434 -0.0116418   0.177194   -9.80739 
             5.60023 -2.50608 -1.76401  -55.085 -0.0688354 0.00879376    1.01063  -0.146245 -0.0014267 -0.0172174 -0.0109065 -0.0222464  0.0433339 -0.120872  0.102527   0.19812   0.00338295  -0.00160197 -0.000149252  0.00287366   0.0206524 -0.00724978 -0.0158716   0.180998   -9.80732 
             5.70006 -2.81093 -2.69658 -56.9469    -0.101388 -0.000324003      1.02816  -0.186514 -0.0423653  -0.020383 -0.0111724 -0.0222022   0.043334 -0.0864027  0.0632632   0.210305   0.00339207  -0.00166225 -0.000191729 -0.00473896   0.0280774 -0.00583113 -0.0331639   0.186505   -9.80717 
              5.8003 -3.31733 -5.01287 -58.5234 -0.106653 0.0105198   1.04841  -0.188775 -0.0388148  -0.021564 -0.0111663 -0.0221847  0.0433414 -0.00251296    0.129406    0.184957   0.00362744   -0.0014552 -0.000131423 -0.00405707   0.0285109 -0.00581389 -0.0323855   0.187627   -9.80715 
             5.90014 -3.59024 -8.18823 -59.9464 -0.0983229  0.0309087     1.0677   -0.18735 -0.0252775  -0.026443 -0.0110964 -0.0221622  0.0433852 0.136572 0.215089 0.183173  0.00372329 -0.00143505 3.45588e-05 -0.00184224   0.0280287 -0.00658433 -0.028291  0.188546  -9.80715 
             5.99998 -3.16368  -9.9536 -61.4779 -0.0976747  0.0520525    1.09053  -0.230649 -0.0320847 -0.0221089  -0.011168 -0.0220985  0.0434208 0.202653 0.243329 0.178723  0.00376179  -0.0015418 3.07848e-05  -0.0032689   0.0357753 -0.00810463 -0.0350464   0.200349   -9.80689 
             6.10061  -2.0245 -11.4634 -61.6284 -0.0778576  0.0747067    1.11371  -0.242383 -0.0361836 -0.0167172 -0.0112355 -0.0220349  0.0434592  0.27051 0.242694 0.198242   0.00375506  -0.00157227 -1.24843e-05 -0.00527998   0.0372904  -0.0103129 -0.0381553   0.202546   -9.80683 
             6.20046 -0.982155  -13.0569  -60.6456 -0.0560837    0.11544    1.14579  -0.281208 0.00701671 -0.0329877 -0.0112518 -0.0214377  0.0432875 0.310733 0.322987 0.211243   0.00351444  -0.00171005 -2.51562e-05 -0.00133308   0.0421506  -0.0164998 -0.0311433    0.21591   -9.80657 
              6.3003 -0.672264  -14.8785  -57.3614 -0.0394546   0.149495    1.16708   -0.315177 0.000317054   -0.015749 -0.0115952 -0.0210334  0.0433835 0.303475 0.356012  0.17894   0.00358596  -0.00167897 -6.88097e-05 -0.00263046   0.0488534  -0.0173114 -0.0367446   0.225886   -9.80633 
             6.40014 -0.795986  -15.9896  -52.7421 -0.0244081   0.189337    1.16945   -0.340962  -0.0144506 0.000469123  -0.011867 -0.0203511  0.0433276  0.264305  0.403097 0.0928461     0.003778  -0.00149019 -0.000171529 0.00106244  0.0560345 -0.0128882 -0.0397603   0.235668   -9.80609 
             6.49998 -0.719283  -16.7146  -46.8316 -0.000703498     0.224894      1.16971  -0.335263 -0.0326982  0.0108036 -0.0119772 -0.0204715  0.0434079  0.206947  0.405971 0.0134921   0.00323794  -0.00121221 -0.000340849 0.000883086   0.0561725  -0.0100215 -0.042533  0.233472  -9.80613 
             6.60062 -0.765265  -17.0534    -40.64 0.0199223  0.268407     1.158  -0.330375 -0.0388916 0.00473914 -0.0117867 -0.0204311  0.0433417   0.151772   0.438061 -0.0908846   0.00321088  -0.00112931 -0.000324751  0.00467542   0.0557029 -0.00644525 -0.0402016   0.232711   -9.80616 
             6.70047 -0.743857  -16.3471  -34.0497 0.0243632   0.31014   1.14551  -0.338828 -0.0457143  0.0213248 -0.0118546 -0.0202992  0.0432737 0.0528156  0.425188 -0.146915   0.00300143 -0.000954484 -0.000353168   0.0044095   0.0582725 -0.00624036 -0.043275  0.235175  -9.80608 
              6.8003 -0.633393  -14.6565  -27.8247 0.0251735  0.361703   1.11676  -0.350118 -0.0436013  0.0117081 -0.0112234 -0.0204894  0.0426338 0.00739675   0.416008  -0.199449   0.00267629 -0.000714286 -0.000255202   0.0140337     0.05851 -0.00122938 -0.038247  0.240458  -9.80598 
             6.90015 -0.0889461   -13.0646   -22.7838 0.0160193  0.397595   1.08987  -0.362252 -0.0553008  0.0413356 -0.0108028 -0.0205449  0.0423564 -0.0361043   0.360499  -0.237843    0.0025543 -0.000571868 -0.000216328  0.0167993  0.0619803 0.00150461 -0.0419469   0.242569   -9.80591 
             6.99999 0.300311 -11.4908 -18.4491 0.0106413  0.426269   1.07227  -0.361339 -0.0546243  0.0566275 -0.0107672  -0.020232   0.042346 -0.0120035    0.31244  -0.250153    0.0025264 -0.000511786 -0.000156772  0.0124586  0.0641057 -0.0022414 -0.0453332   0.241308   -9.80593 
             7.10063 0.626188 -9.58669 -15.0611 0.00437979   0.455863    1.05311  -0.361886 -0.0441714  0.0685341 -0.0106326 -0.0203681  0.0422106 0.0171696  0.284693 -0.263257   0.00246818 -0.000484728 -0.000128049   0.0105377   0.0659339 -0.00663366 -0.0485515   0.242133   -9.80589 
             7.20046 0.226146  -6.7096 -11.2378 0.0127097  0.493554   1.03238  -0.353661 -0.0357919  0.0418003 -0.0109789 -0.0205804  0.0425038   0.10218  0.285837 -0.266791   0.00253225 -0.000478507 -0.000130713  0.00870724   0.0637077 -0.00963441 -0.0479747   0.244364   -9.80584 
             7.30031 0.300638 -3.80923 -8.44445 0.0289129  0.519061   1.00426  -0.355041 -0.0381759  0.0449847 -0.0109751 -0.0204852  0.0425334  0.187986  0.262189 -0.291969   0.00249925  -0.00046162 -0.000134854  0.00812675   0.0641453 -0.00934476 -0.0471337   0.244022   -9.80585 
             7.40015 0.432197 -1.05881 -5.59472 0.0481824  0.535748  0.972918  -0.360023 -0.0386864  0.0595447 -0.0108579 -0.0204457  0.0424438  0.225158  0.212033 -0.282748   0.00249341 -0.000430083 -0.000157823  0.00886712   0.0657162 -0.00840932 -0.0463875   0.242467   -9.80589 
             7.49998 0.736722  1.96544 -2.40133 0.0818399  0.548224  0.936335  -0.368117 -0.0482813  0.0666189 -0.0108728 -0.0204526  0.0424654  0.317284  0.169359 -0.243812   0.00240531 -0.000358001   -0.0002292  0.00887065   0.0673333 -0.00489297 -0.0440371   0.242669    -9.8059 
             7.60063 0.832326  4.49759 0.514263 0.110519 0.577438 0.916526  -0.358684 -0.0483497  0.0616588 -0.0108474 -0.0204598  0.0425749   0.31275  0.236889 -0.148291   0.00241765 -0.000340194 -0.000211048  0.00878119    0.065664 -0.00486717 -0.0461995   0.243437   -9.80587 
             7.70047 0.898564  6.03955  4.34452 0.148549 0.578189   0.8985  -0.385179 -0.0452426  0.0608365 -0.0111417  -0.020517  0.0422582   0.327462   0.166228 -0.0991715   0.00265279 -9.50517e-05 -0.000413151  0.00975684   0.0688838 -0.00362639 -0.0411813   0.241958   -9.80593 
             7.80031 1.52675 6.67808 8.66557 0.181175 0.592587  0.91058  -0.387725 -0.0531988  0.0614127 -0.0106982 -0.0204599  0.0421895  0.325099  0.121823 0.0394276   0.00256391 -6.51925e-05 -0.000452353   0.0114131   0.0687446 -0.00991245 -0.0401886   0.241753   -9.80594 
             7.90015 2.32757 6.52872 12.6442 0.223015 0.616968 0.908658  -0.376584 -0.0696091  0.0771625 -0.0107482 -0.0206102  0.0419494   0.40604  0.024696 0.0396334   0.00251074  2.10795e-05 -0.000451226  0.00824861   0.0684576 -0.00797332 -0.0427436   0.245973   -9.80582 
             7.99997 3.92221 5.26002 15.3205  0.27217 0.592006 0.904071  -0.397633 -0.0570476  0.0578529 -0.0108508  -0.020618  0.0420316  0.513773 -0.292326 0.0230023  0.00244071 0.000135972 -0.00041215 0.00890009  0.0706621 -0.0060274 -0.0383193    0.24529   -9.80586 
             8.10061 5.09285 3.45826 14.1938 0.327757 0.523952 0.910695  -0.416096 -0.0411495  0.0344258 -0.00998158  -0.0206394   0.0423885   0.612786  -0.622566 0.00473699   0.00267233  0.000113246 -0.000267767   0.0127237   0.0728186 -0.00759915 -0.0324472   0.241745   -9.80597 
             8.20046 5.92238 1.65057 11.5508 0.396718 0.481039 0.918859  -0.398689 -0.0658446   0.044436 -0.0107497 -0.0201984  0.0421664  0.692637 -0.701532 0.0163263   0.00256653  0.000158533 -8.56075e-05  0.00979537    0.072064 -0.00919787 -0.0371342   0.245802   -9.80585 
             8.30031  5.23137 0.592476  9.12508 0.481764 0.441635 0.936499 -0.380596  -0.10606 0.0364278 -0.0116884 -0.0197257  0.0424507   0.72182 -0.687297  0.102457   0.00242441  0.000260637 -3.77294e-05 0.00439261  0.0728987 -0.0126432 -0.0424424   0.254083   -9.80562 
             8.40015    3.7842 -0.394291   7.27196 0.544659 0.378586 0.951993 -0.367563 -0.107286 0.0448558 -0.0117891 -0.0198301  0.0425394  0.658462 -0.668877  0.131344  0.00243254 0.000192523 -6.3599e-05 0.00465693  0.0711286   -0.01358 -0.0450906   0.252424   -9.80565 
             8.49999    2.7653 -0.186814   3.90244 0.598522 0.324838 0.963671 -0.357456 -0.110265  0.048664 -0.0118809 -0.0198687  0.0425432  0.552356 -0.600512  0.116724   0.00237371  0.000105333 -1.90085e-06 0.00387658  0.0689797 -0.0126993 -0.0487442   0.252319   -9.80563 
             8.60062   2.09499 -0.139275  0.550223 0.637747 0.244325 0.963986  -0.359431 -0.0851526  0.0363983 -0.0116585 -0.0199991  0.0423137   0.489829  -0.628981 0.00048898   0.00254912 -0.000150948  3.03428e-05 0.00760061  0.0694524 -0.0114425 -0.0465382   0.246407   -9.80579 
             8.70045  2.28328  1.37038 -4.12121 0.709687 0.186048 0.941314  -0.371228 -0.0935649  0.0555691  -0.011382 -0.0197258  0.0429575  0.596845 -0.561707 -0.147006   0.00256968 -0.000437624  0.000207082 0.00289775  0.0734474 -0.0058624 -0.0422097   0.252783   -9.80565 
              8.8003  2.30124  1.47328 -8.21359 0.776708 0.142138 0.913856  -0.368932 -0.0985771  0.0695767  -0.011451 -0.0198303  0.0428767  0.590544 -0.450954 -0.255736  0.00260408 -0.00041357 0.000191471 -0.000339847    0.0737318  -0.00210518 -0.042003   0.25669  -9.80555 
             8.90013  2.79803  2.27667 -12.4535  0.84446 0.102054 0.883048  -0.369756 -0.0996174  0.0809168 -0.0115044  -0.019886  0.0428493   0.62815 -0.410867 -0.249622  0.00265814 -0.00040409 0.000204094 -0.00254919   0.0743069 -0.00042704 -0.0405705   0.258619   -9.80551 
             8.99997  3.37912  5.65754 -16.8861 0.905654 0.071499 0.869281 -0.370911 -0.103496  0.083327 -0.0116626  -0.019908  0.0426103  0.628909 -0.364234 -0.117713    0.0026187 -0.000615545  0.000219883 -0.00210047   0.0721128 -0.00231884 -0.0416323   0.259868   -9.80547 
              9.1006  2.99878  8.04991 -19.9354  0.963146 0.0329854  0.882103 -0.377005  -0.10502 0.0749039 -0.0118362 -0.0198716  0.0424844  0.669029 -0.391099  0.129827   0.00272542 -0.000595643  0.000219801 -7.39203e-05    0.0711965   -0.0059701 -0.042399  0.259311  -9.80548 
             9.20044  2.50211  9.79562 -22.3356    1.02971 -0.0152282   0.889007 -0.380935 -0.100029 0.0661861  -0.011977 -0.0197181  0.0424802   0.74218 -0.474895  0.122783   0.00270237 -0.000342842 -6.42649e-05 -0.000889489    0.0722408  -0.00393412 -0.0431599   0.259117   -9.80548 
             9.30028  2.71451  6.90928 -25.6522    1.10398 -0.0856613   0.902264 -0.405777 -0.112656 0.0440132 -0.0120938 -0.0196886  0.0421299  0.794846 -0.614862  0.143019   0.00281226  -2.5413e-06 -3.40892e-06 -0.00172584   0.0728743 -0.00457545 -0.0450344   0.257281   -9.80552 
             9.40012  3.16904  3.03257 -28.0237   1.19587 -0.147101  0.921452 -0.394181 -0.125773 0.0556057 -0.0116247 -0.0197702  0.0413197  0.884667 -0.650457  0.169386   0.00277137  9.55832e-07 -2.06096e-05 -0.00144798   0.0713807 -0.00649155 -0.0432815    0.25575   -9.80557 
             9.49997  3.21763 -1.72013 -30.0699   1.29092 -0.217937  0.954891 -0.394863 -0.139729 0.0542263 -0.0109271 -0.0198795  0.0407113  0.908085 -0.618725  0.321099  0.00300616 7.39239e-05 1.41309e-05 -0.00174078   0.0701092  -0.0114141 -0.0429688   0.252526   -9.80565 
             9.60062  3.03622 -5.95224  -29.973   1.37684 -0.271791  0.987514 -0.393837 -0.134153 0.0529079 -0.0108687 -0.0196637   0.040838 0.879529 -0.50047 0.353951   0.00293867  9.64289e-06 -1.57388e-05 -0.0010431  0.0705044 -0.0104048 -0.0427266   0.253886   -9.80562 
             9.70046  2.57972 -9.47992  -29.559   1.46531 -0.313679   1.02549 -0.394365 -0.132523 0.0521214 -0.0108347 -0.0196418   0.040834   0.90333 -0.350397  0.346442   0.00334543 -6.42518e-05 -1.50334e-05 -0.000880015     0.070422   -0.0110573 -0.042639  0.254114  -9.80562 
              9.8003  1.68712 -11.8903  -26.467    1.5501 -0.334689   1.06256 -0.398683 -0.118343 0.0353746  -0.010633 -0.0191674  0.0404968 0.920354 -0.20145 0.226755   0.00322679 -0.000151101 -0.000160402 0.000359484   0.0701533  -0.0133706 -0.0419878   0.256814   -9.80555 
             9.90014  1.05804 -13.6376 -22.8269   1.64694 -0.341079   1.06947 -0.386582 -0.114594 0.0158609 -0.0099388   -0.01893  0.0402623    1.00815 -0.0598976  0.0380943   0.00321041 -0.000101502 -0.000151088 0.00310106  0.0702296 -0.0104426 -0.0396363   0.258153   -9.80552 
             9.99998    1.018 -14.4019 -19.2611   1.73556 -0.351618   1.05721 -0.384992 -0.129406 0.0141951 -0.00999926  -0.0187037   0.0400372   0.994899 -0.0154244  -0.145392   0.00300172 -2.44838e-05 -0.000160957  0.00659144   0.0755807 -0.00768131 -0.0438037   0.258706   -9.80549 
             10.1006 0.976169  -15.052 -15.4361  1.82686 -0.34178  1.03724  -0.398628  -0.134093 -0.0323996 -0.00991183  -0.0186015   0.0394883  0.936086 0.0173866 -0.254261   0.00284617  1.76884e-05 -0.000100308   0.0108267   0.0736211 -0.00850106 -0.045037  0.263123  -9.80537 
             10.2005   2.0483 -13.5739 -12.8606   1.91315 -0.333733   1.01078  -0.406672  -0.137743 -0.0577222 -0.00999467  -0.0187585   0.0390481  0.802382 0.0267476 -0.286302   0.00286629 -0.000141777  0.000124638   0.0129934   0.0717122 -0.00866455 -0.0455704   0.265442    -9.8053 
             10.3003   2.8722 -10.0324 -9.49592   1.98834 -0.328625  0.970695  -0.402667   -0.15772 -0.0726788 -0.00910631  -0.0191112      0.0386    0.699079 -0.00995814   -0.300714   0.00280139 -0.000147292  0.000100082   0.0189181   0.0713481 -0.00251884 -0.044155  0.266298  -9.80529 
             10.4001  3.30332 -5.09553 -6.48987   2.04444 -0.338828  0.954644   -0.40238  -0.143403 -0.0587408 -0.0100138 -0.0190616  0.0379392   0.629719 -0.0846994   -0.29471   0.00277899 -0.000224906   5.5109e-05   0.0170975   0.0725558 -0.00932085 -0.0483358   0.264408   -9.80532 
                10.5  4.08303  -1.2905 -3.74039   2.10733 -0.360714  0.913143  -0.40862 -0.142709 -0.048396 -0.00964455   -0.019045   0.0379142  0.644797 -0.196874  -0.37301   0.00265063  6.90136e-05 -9.32902e-05   0.0190345    0.074747 -0.00569019 -0.0461177   0.262768   -9.80537 
             10.6006   4.45409   2.38427 -0.755385   2.17242 -0.384355  0.872958  -0.407231  -0.141847 -0.0482224 -0.0096235 -0.0190511  0.0379741  0.658802 -0.310897 -0.378365   0.00272546  0.000148549 -0.000159978   0.0192671   0.0743172 -0.00520878 -0.0465937   0.262822   -9.80537 
             10.7005 5.21745 5.36252 2.04366  2.23877 -0.42363 0.835149  -0.415273  -0.138344 -0.0492052 -0.00974726    -0.01903   0.0379449  0.625275 -0.409974 -0.264512   0.00256568  0.000354862 -0.000263154   0.0194183   0.0753589 -0.00252715 -0.0449955   0.262982   -9.80537 
             10.8003 5.10414 7.26619 4.60874    2.3099 -0.459213  0.813795  -0.421897  -0.159136 -0.0512636 -0.00992235  -0.0189686   0.0375054   0.61463 -0.369855 -0.132118   0.00262031  0.000368156 -0.000304392   0.0158423   0.0767547 -0.00216109 -0.043216  0.268993  -9.80522 
             10.9001 3.60532 10.6556  6.4404   2.38104 -0.501363  0.805696  -0.446105   -0.16838 -0.0711143 -0.00987858  -0.0189955   0.0368469   0.668875  -0.272904 -0.0757309   0.00259109  0.000267911 -0.000309389   0.0171033    0.080155 -0.00428798 -0.0375858   0.269893   -9.80521 
                  11 2.04045   13.64 9.55247    2.4492 -0.535183  0.805217  -0.462588  -0.168098 -0.0914225 -0.00985118  -0.0192205   0.0364284   0.701395  -0.202588 -0.0789137    0.0025846  0.000263238 -0.000390528   0.0206826    0.080951 -0.00753349 -0.0337694   0.267744   -9.80529 
             11.1006 1.53549 15.9753  14.022   2.53178 -0.537925  0.792554  -0.458755  -0.183268 -0.0656621 -0.00978449  -0.0193981   0.0365396    0.838167 -0.00630091   -0.149869  0.00248521 0.000360467 -0.00053029   0.0186016   0.0812039 -0.00718775 -0.0355523   0.271425   -9.80518 
             11.2004 0.825262  17.2175  18.9874   2.60686 -0.535154  0.774357  -0.443183  -0.172839 -0.0763071 -0.00974524  -0.0190982   0.0367751   0.86901 0.0775114 -0.193197   0.00250311  0.000609223 -0.000688544   0.0184751   0.0795736 -0.00607439 -0.0379882   0.267776   -9.80527 
             11.3003 0.953084  17.4535  25.4932  2.68725 -0.54391 0.762267 -0.440072 -0.156491 -0.115957 -0.0099349 -0.0185701  0.0370554   0.910512  0.0181078 -0.0421276   0.00246812  0.000646907 -0.000707691   0.0227055    0.078815 -0.00656488 -0.035287  0.261598  -9.80545 
             11.4001 1.40804 16.9262 30.7736  2.78358 -0.51953 0.762276  -0.438816  -0.177432 -0.0761799 -0.00968276  -0.0188779   0.0367512  0.956379 0.0497577  0.137504   0.00249342  0.000667182 -0.000711623   0.0179924   0.0780129 -0.00619207 -0.0407857   0.267067   -9.80528 
             11.4999 4.36795 12.6217 33.7077   2.88361 -0.527022  0.787509  -0.446685  -0.174774 -0.0900079 -0.00948534  -0.0186674   0.0369532   0.962922 -0.0324982   0.292123   0.00226012  0.000823044 -0.000714792   0.0205683   0.0792083 -0.00742878 -0.0372227    0.26687    -9.8053 
             11.6006 5.33748 8.95623 35.0974   2.98801 -0.479851  0.831939  -0.440337  -0.240443 -0.0315349 -0.00929173  -0.0181117   0.0358327   1.02399 0.0748784  0.284903   0.00226424  0.000879239 -0.000581982    0.01706  0.0784912 -0.0101327 -0.0478053   0.275494   -9.80501 
             11.7004 5.71526 5.23777  37.092    3.1143 -0.473741  0.867783  -0.463336  -0.261299 -0.0440676 -0.00904838  -0.0179131   0.0356837   1.16182 0.0215337  0.234819   0.00234789  0.000938871 -0.000544549  0.0191472  0.0822614 -0.0121963 -0.0447081   0.281922   -9.80485 
             11.8002 5.96539 1.53175 38.4306   3.22549 -0.473081  0.884603 -0.457584 -0.256934 -0.040675 -0.00909762  -0.0179059   0.0356891     1.1577 -0.0516638   0.185727   0.00232576  0.000948121 -0.000542601  0.0182899  0.0812021 -0.0113327 -0.0459073   0.280409   -9.80488 
             11.9001  6.41042 -2.10564  39.9792   3.34712 -0.475842  0.886883  -0.465749  -0.260077 -0.0402282 -0.00914193  -0.0177985   0.0356992   1.17086 -0.218948  0.119147   0.00231663  0.000992192 -0.000515561   0.0151426   0.0826841 -0.00927577 -0.0475107   0.284443   -9.80476 
             12.0003  7.26769 -5.02662  41.1985   3.45095 -0.504871  0.901298 -0.451367  -0.26212 -0.035499 -0.00915068  -0.0177856   0.0355654   1.12565 -0.427637 0.0955335   0.00218996      0.00102 -0.000514793   0.0155564   0.0796369 -0.00954586 -0.0501706   0.280115   -9.80487 
             12.1002   7.8937 -5.27729  38.7601  3.57837  -0.5554 0.928363  -0.460286  -0.263815 -0.0384836 -0.00926978  -0.0176196   0.0357432   1.19368 -0.543699 0.0511616   0.00225356  0.000954402 -0.000429243  0.0171016  0.0823416 -0.0123518 -0.0466176    0.28274   -9.80481 
                12.2  7.63541 -4.19019  34.4474   3.69621 -0.624658  0.906986  -0.461179  -0.246276 -0.0382359 -0.00874725  -0.0179256   0.0354829   1.21146 -0.631691  -0.15131    0.0023426  0.000888698 -0.000386906    0.018731   0.0821347 -0.00999837 -0.0434368   0.280366    -9.8049 
             12.3002  6.80276 -2.07461  28.8976   3.79806 -0.634604  0.881593  -0.453735  -0.292591 -0.0428983 -0.00971054  -0.0173758   0.0360766   1.16802 -0.436765 -0.270755   0.00222942   0.00088514 -0.000365201    0.010078   0.0772719 -0.00789395 -0.0599746   0.284555   -9.80469 
             12.4001  6.52388 -1.02525  22.5031   3.91881 -0.686522  0.850947 -0.454847 -0.283855 -0.040454 -0.00947609  -0.0173963   0.0360233   1.17465 -0.425296 -0.260004   0.00226772  0.000855892 -0.000359457   0.011626  0.0785017 -0.0076781 -0.0568584   0.283996   -9.80472 
             12.5003   5.81592 -0.049177   16.8185   4.01438 -0.704318   0.83557  -0.448262  -0.305575 -0.0535487 -0.00970353  -0.0174939   0.0360973   0.955212   -0.35101 -0.0780091   0.00218264  0.000824495 -0.000362536  0.00842342   0.0740775 -0.00769343 -0.0654837   0.283728   -9.80468 
             12.6002  5.00865 0.424375  11.6637   4.13238 -0.725601    0.8466  -0.472836  -0.317144 -0.0330037 -0.00981554  -0.0178064   0.0359806  0.953019 -0.286243 0.0588286   0.00230117  0.000929125 -0.000378813  0.00549809   0.0765051 -0.00988195 -0.064319  0.291346  -9.80446 
                12.7 4.44989 2.84097 6.81869   4.23833 -0.786515  0.843103  -0.489197  -0.299234 -0.0355938 -0.0100679 -0.0175921  0.0362275    0.939547   -0.348005 -0.00653611  0.00256403 0.000905326 -0.00037941  0.00911694   0.0794784 -0.00931808 -0.0564095   0.290471   -9.80454 
             12.8006 4.78154 5.26653 1.96504    4.3336 -0.824079  0.844301  -0.496065  -0.301449 -0.0384272 -0.0102143 -0.0174426  0.0363109  0.940931 -0.282374 -0.133954  0.00257147 0.000838155 -0.00037252 0.0104478 0.0789469 -0.010964 -0.0553708   0.289896   -9.80456 
             12.9005   4.60685   8.27218 -0.745185   4.43148 -0.872068  0.816782 -0.499914 -0.287044 -0.053215  -0.010509 -0.0173802  0.0365249  0.982017 -0.294765 -0.300554   0.00283444  0.000591307 -0.000795055  0.0110361  0.0813029 -0.0094958 -0.0521168    0.28862   -9.80461 
             13.0003  4.98441  10.9535 -1.92928    4.5288 -0.886394  0.772544  -0.489789  -0.284371 -0.0473481 -0.0100539 -0.0173351  0.0364577   1.03597 -0.161926 -0.295339    0.0027966  0.000603112 -0.000814774  0.00882535   0.0814675 -0.00618322 -0.0544058   0.289651   -9.80457 
             13.1002  5.38707  13.5758 -2.10909  4.62685 -0.87965 0.735266  -0.482308  -0.284097 -0.0379456 -0.00954949   -0.017268    0.036403     0.99505 -0.00545857   -0.154541   0.00280867  0.000612624 -0.000840973  0.00657554   0.0807224 -0.00318402 -0.0571842   0.291207   -9.80451 
                13.2    7.5647   14.3091 -0.656998   4.73087 -0.858056  0.728683  -0.481817  -0.289127 -0.0170056 -0.00897481  -0.0173209   0.0361713    1.03709  0.0996316 0.00607985   0.00279683  0.000672448 -0.000841553  0.00560148   0.0789795 -0.00336115 -0.0581966   0.292945   -9.80445 
             13.3002 8.46698 14.6387 1.45145   4.81927 -0.849814  0.748918  -0.486654  -0.290437 -0.0361807 -0.00878496  -0.0169073   0.0364882   1.02761   0.11566 0.0330893   0.00278803  0.000647365 -0.000835974  0.00888733    0.076903 -0.00598899 -0.0584318    0.29128    -9.8045 
             13.4001 7.58718 13.6727 3.78219   4.93249 -0.833865  0.760095  -0.494392  -0.306047 -0.0240155 -0.00844371   -0.017254    0.036476    1.15951   0.149591 -0.0353512   0.00288349  0.000703097 -0.000819336   0.0110094   0.0756957 -0.00819903 -0.0576413   0.291842   -9.80449 
             13.4999  7.1929 12.6387 6.47557   5.08192 -0.828027  0.760548   -0.512102   -0.323649 -0.00715871 -0.00836258  -0.0177071   0.0360145    1.36515   0.123818 -0.0492261   0.00288437   0.00084422 -0.000851212  0.0116585  0.0762724 -0.0104229 -0.0543213   0.293657   -9.80445 
             13.6006 6.27388 10.3427 8.87569   5.22042 -0.823911   0.76873  -0.517678  -0.326757 -0.0123363 -0.00823838   -0.017802   0.0360168   1.34675 0.0538136 0.0963824   0.00291288  0.000868908 -0.000834742  0.0133108  0.0757433 -0.0121939 -0.0532451   0.293017   -9.80448 
             13.7004 6.46747 8.94036 11.3134   5.3448 -0.82127 0.779265   -0.51397  -0.323812 -0.0167915 -0.00824141  -0.0178515   0.0360252     1.2276 -0.0193097   0.238427   0.00253185  0.000882706 -0.000831185  0.0130245  0.0757952 -0.0110561 -0.054248  0.292459  -9.80449 
             13.8003 6.66088 7.70019 12.2608   5.45473 -0.825892  0.785629  -0.505508  -0.302505 -0.0248214 -0.00812693  -0.0183405   0.0359806    1.18227 -0.0953487   0.225131     0.002572  0.000945198 -0.000803067  0.00976619   0.0763535 -0.00635998 -0.0565683   0.291578    -9.8045 
             13.9001 6.95855 6.43704 12.4905   5.57658 -0.860446  0.804405  -0.518443  -0.294607 -0.0530784 -0.00784085  -0.0183805   0.0361848   1.25368 -0.210137   0.11965   0.00262717  0.000917449 -0.000806684   0.0114573   0.0775692 -0.00680486 -0.0534904   0.290164   -9.80456 
                  14 7.58194 3.44548 11.5734   5.70311 -0.870822  0.824925  -0.511471  -0.306625 -0.0382694 -0.00792196  -0.0182631   0.0360532   1.28618 -0.238466  0.101796   0.00257892  0.000981652 -0.000790341   0.0119238   0.0764859 -0.00843016 -0.0550537   0.290473   -9.80454 
             14.1006  7.31272 0.612466  10.1461   5.84261 -0.877066  0.825912   -0.51193   -0.31264 -0.0255754 -0.00821694   -0.018022   0.0358401   1.30111 -0.209395  0.148018     0.002611   0.00104515 -0.000747189  0.00888752   0.0770183 -0.00653715 -0.0564741   0.294069   -9.80443 
             14.2005  7.40193 -2.43137  8.04891   5.97196 -0.897035  0.846486  -0.512214  -0.314136 -0.0242969 -0.00822496  -0.0179952    0.035817   1.20822 -0.223423  0.246059   0.00258255   0.00105065 -0.000693235  0.00861257    0.076969 -0.00685895 -0.056579   0.29446  -9.80442 
             14.3003  6.97301 -4.55899   5.8269   6.08552 -0.923909  0.877511  -0.512003   -0.31139 -0.0263381 -0.00821834  -0.0180722   0.0357775   1.09828 -0.228567  0.247467   0.00253592   0.00106613 -0.000737008  0.00935708   0.0764341 -0.00795601 -0.0563651   0.293173   -9.80446 
             14.4002  6.01327 -5.52744   3.1306   6.18108 -0.947431  0.893106   -0.50683  -0.303255 -0.0342703 -0.00813394  -0.0181529   0.0355341    1.0354 -0.197813  0.109734   0.00252039   0.00102892 -0.000752969  0.00992186   0.0758346 -0.00734596 -0.0569645   0.291383   -9.80451 
                14.5   5.10324  -6.07591 -0.200558    6.2716 -0.954815  0.910235  -0.501716    -0.3053 -0.0434625 -0.00833109  -0.0183153   0.0354601  0.989893 -0.122056 0.0297407  0.00286397 0.000915827 -0.00071621   0.0100848   0.0737008 -0.00869869 -0.0594723   0.290509   -9.80452 
             14.6003  4.01627 -7.02217 -4.43315   6.38321 -0.966976  0.907467  -0.503587  -0.303476 -0.0311971 -0.00832049  -0.0180442   0.0355022   0.985598  -0.108277 -0.0117901   0.00291279  0.000918023 -0.000697784  0.00863743   0.0749086 -0.00791288 -0.057678  0.291796  -9.80449 
             14.7001  3.86735 -8.30356 -9.88002   6.49731 -0.977081  0.891927   -0.50047  -0.301359 -0.0158613 -0.00847673  -0.0176937   0.0354258   0.918168 -0.0755291 0.00957025   0.00288558   0.00095375 -0.000671503  0.00740715   0.0771349 -0.00470594 -0.0545665   0.293198   -9.80447 
             14.7999  3.59327 -8.55096 -16.4025   6.59498 -0.991953  0.888738   -0.499231   -0.301437 -0.00633649 -0.00837079  -0.0174123    0.035492   0.881275 -0.0513951  0.0134893   0.00297548  0.000929346 -0.000627041  0.00704631   0.0784282 -0.00385102 -0.0532168   0.292662   -9.80449 
             14.9006  3.68525 -7.58639 -22.6085   6.66158 -0.998696   0.89369 -0.503578 -0.294702 -0.011441 -0.00819515  -0.0175036   0.0351689   0.753299 -0.0438046 -0.0159341   0.00302948  0.000790885 -0.000596496 0.00755465  0.0785065 -0.0048755 -0.0547473   0.292758   -9.80448 
             15.0004   4.0875 -6.78693 -27.5839    6.7489 -0.997812  0.888852  -0.498988  -0.298079 -0.0103802 -0.00824283  -0.0176903   0.0352296   0.817469 0.00258697  -0.167488   0.00293231  0.000724511 -0.000681823  0.00713146   0.0777344 -0.00492877 -0.0538208   0.292308    -9.8045 
             15.1002  4.03932 -6.93007 -34.0453   6.83904 -0.974732  0.857804  -0.493842  -0.292412 -0.0180862 -0.00833894  -0.0179996   0.0352563 0.890359 0.152992 -0.30503   0.00285545  0.000715465 -0.000610531  0.00941823   0.0767875 -0.00303148 -0.0506846   0.293896   -9.80447 
             15.2001  4.58571 -6.27614 -39.1493   6.93069 -0.961174  0.829961   -0.49205  -0.293207 -0.0137189 -0.00839401  -0.0179669   0.0352848  0.942081  0.248358 -0.234315   0.00284971  0.000645168 -0.000654451  0.00843133   0.0769161 -0.00323655 -0.051309  0.292914  -9.80449 
             15.2999  5.26413 -4.35837 -44.0358   7.01272 -0.943154  0.818099  -0.496596  -0.298746 -0.0100929 -0.00846584  -0.0177841   0.0353738   0.88998  0.322728 -0.091121   0.00288329  0.000575686 -0.000680869  0.00718241    0.078605 -0.00466313 -0.0545187    0.29362   -9.80445 
             15.4006  4.91035 -1.37493 -45.8265   7.09931 -0.909094  0.822643   -0.501482   -0.299701 -0.00765737 -0.00864941  -0.0178313   0.0354368    0.881596    0.416264 -0.00664149   0.00289629  0.000566986 -0.000761616  0.00630151   0.0782572 -0.00606201 -0.0556489   0.293611   -9.80445 
             15.5004  3.31986  1.24454 -44.3736   7.17352 -0.863308  0.819964  -0.513812  -0.296409 -0.0190424 -0.00896304  -0.0172303   0.0352234   0.882255   0.518435 -0.0929116  0.00344483 0.000551549 -0.00144534  0.00631189   0.0804239 -0.00621409 -0.0569018   0.297197   -9.80433 
             15.6003 1.42984  3.2059 -41.475   7.25889 -0.799031  0.809235 -0.516942 -0.286115  -0.02781 -0.00885539  -0.0166891   0.0352604  0.903223  0.667645 -0.107266  0.00350182 0.000588721 -0.00154083    0.007547   0.0816663 -0.00593579 -0.0551086   0.299759   -9.80426 
             15.7001  1.27803  3.21229 -39.8085    7.3339 -0.734361  0.785781  -0.525485  -0.289687 -0.0449132 -0.00954068  -0.0165407   0.0355042   0.881451   0.817848 -0.0976754  0.00344327 0.000688041 -0.00156201 0.00661872  0.0863758 -0.0031899 -0.0585286   0.304081   -9.80411 
             15.7999  1.59278  2.55231 -39.9261   7.43216 -0.635428  0.781817  -0.519589  -0.278355 -0.0359633 -0.00943382  -0.0164399   0.0354427     0.946585     0.981707 -0.000907801  0.00341015 0.000725149 -0.00151475  0.00871961   0.0849282 -0.00358708 -0.0543133   0.303408   -9.80416 
             15.9006  2.50724  2.05973 -40.4858   7.53574 -0.526008  0.800531  -0.517854  -0.275702 -0.0230743 -0.00936711  -0.0161052   0.0352849  0.96375  1.06891 0.135216  0.00336206  0.00072716 -0.00145935   0.0107453    0.082366 -0.00582537 -0.0512198   0.301951   -9.80422 
             16.0004  3.75184  1.92908 -39.0929   7.64585 -0.418491  0.825041   -0.506363   -0.282932 -0.00308348 -0.00934367  -0.0159161   0.0351612  0.96558  1.07286 0.199827  0.00344833 0.000713973 -0.00163134   0.0115451   0.0790433 -0.00753952 -0.049567  0.297522  -9.80436 
             16.1002  4.74743   2.3201 -36.0546    7.7413 -0.309471  0.835241   -0.506301   -0.274271 -0.00442095 -0.00933727  -0.0158296   0.0350775 0.992522  1.04252 0.045852  0.00338938 0.000758546 -0.00168919   0.0118867   0.0799395 -0.00667779 -0.0485242   0.298868   -9.80433 
             16.2001  5.31445    2.253 -34.3857  7.83077 -0.21364 0.839299   -0.52355  -0.283901 -0.0205332 -0.00933767  -0.0158429   0.0351216    1.01009    1.02448 -0.0630976  0.00326784 0.000858913 -0.00153456   0.0108265   0.0817478 -0.00740507 -0.0525349   0.301609   -9.80422 
             16.2999  6.08238 0.533016 -32.3988   7.93252 -0.111248  0.823047  -0.520448  -0.284642 -0.0205417 -0.00942213  -0.0158564   0.0350862   0.98903   1.08669 -0.100589  0.00325369  0.00093718 -0.00152651  0.00992315   0.0821715 -0.00551224 -0.0531767   0.301092   -9.80423 
             16.4006   8.20577 -0.331648   -29.769  8.02819  0.01098 0.820013  -0.522834  -0.275643 -0.0181932 -0.00941154  -0.0158079   0.0350013   0.889415    1.15632 -0.0156485  0.00316299 0.000904342 -0.00149345   0.0124084   0.0812019 -0.00595112 -0.0498862   0.302652    -9.8042 
             16.5004   8.4707  0.29251 -26.5507  8.10815 0.121615 0.827395  -0.526672  -0.279389 -0.0225041 -0.00944915  -0.0158059   0.0349652  0.792422   1.10232 0.0986593  0.00334903 0.000721904 -0.00148983  0.0122495  0.0818652 -0.0067148 -0.0512837   0.303167   -9.80418 
             16.6002  8.21001  2.17621 -24.2535  8.16796 0.217837 0.840088  -0.549721  -0.288499 -0.0529114 -0.00935904  -0.0160096   0.0341956  0.733102   1.00941 0.0576433  0.00340853 0.000650588  -0.0013914   0.0110301   0.0858382 -0.00793339 -0.0578954   0.306718   -9.80403 
             16.7001  8.16541  2.21084 -23.8412  8.23676 0.307432 0.842605  -0.557527  -0.298457 -0.0609121 -0.00900698  -0.0159608   0.0340712  0.677712  0.921954 0.0125019  0.00333717 0.000866742 -0.00121171  0.00908991   0.0869741 -0.00771503 -0.0613033    0.30613   -9.80403 
             16.7999  8.66593 0.942441 -25.7416  8.29481  0.37391 0.838313  -0.567048  -0.317627 -0.0700648 -0.00797084  -0.0155846    0.033857   0.545672   0.682443 0.00804361  0.00332409 0.000944573 -0.00117277  0.00513213   0.0889359 -0.00680485 -0.0669758   0.304046   -9.80406 
             16.9006  10.9006 0.371414 -30.8819  8.35165 0.414874 0.830309  -0.556576  -0.327413 -0.0659809 -0.0076316 -0.0141902  0.0334413  0.396893  0.353237 0.0915457   0.00309975  0.000973838 -0.000953695  0.00113117   0.0890916 -0.00284637 -0.0677182   0.300041   -9.80418 
             17.0004  11.7998  1.73243 -39.6888  8.40562 0.450705 0.841547  -0.531626  -0.320873 -0.0591657 -0.00951762  -0.0131536   0.0331885  0.397155  0.150411 0.0937844   0.00304156  0.000719998 -0.000450614  0.0029271  0.0862759 -0.0027924 -0.062411  0.296802  -9.80431 
             17.1003  10.3004  2.25366 -46.8719  8.44865 0.467887 0.850837  -0.524021  -0.311257 -0.0529453 -0.00995949  -0.0135517   0.0333744   0.478183  0.0270361 -0.0380057   0.00307105  0.000723718 -0.000473487  0.00434975   0.0863585 -0.00371545 -0.0601244   0.297234   -9.80431 
             17.2001  7.15674  2.45293 -53.4136  8.50575 0.454975 0.842946  -0.520425  -0.323697 -0.0622645 -0.00986658   -0.013419   0.0332113   0.657942 -0.0676058  -0.178363   0.00308842  0.000741316 -0.000574943  0.00246762   0.0853244 -0.00429081 -0.0628282    0.29417   -9.80439 
             17.2999  5.98286  1.79693 -59.1495  8.57341 0.430473 0.827025   -0.52197  -0.332102 -0.0574456 -0.00980925  -0.0133469   0.0329198    0.81943  -0.100135 -0.0798665   0.00312013  0.000758085 -0.000565207 -0.000351378    0.0851966  -0.00453281 -0.0666995   0.292527   -9.80441 
             17.4006   5.5267  1.64246 -60.1669  8.64589 0.416039 0.823308  -0.527392  -0.339647 -0.0541075 -0.00995283  -0.0130747   0.0328272   0.918137 -0.0832892  0.0535409   0.00313746   0.00067924 -0.000685501 -0.000671694    0.0874881   -0.0043835 -0.069046  0.294829  -9.80433 
             17.5004    4.81338 -0.0211193    -59.496  8.72056 0.426151 0.844332  -0.546646    -0.3283 -0.0789604 -0.00995818  -0.0119226    0.032939  0.988432 -0.022509  0.196809  0.00330066 0.000628462 -0.00113183  0.00139998   0.0909606 -0.00534645 -0.0668713   0.301647   -9.80413 
             17.6002  4.38974 -1.28038 -55.6221  8.82715 0.437635 0.865263  -0.550086  -0.311154 -0.0993332 -0.00961272    -0.01118   0.0329239    1.15605 -0.0417311   0.169735  0.00322976 0.000591166 -0.00117172  0.00342655   0.0923225 -0.00520718 -0.0626824   0.304296   -9.80408 
             17.7001  3.70524 -5.09868  -51.175  8.95283  0.43349 0.890654  -0.551626  -0.306204 -0.0975601 -0.00919033  -0.0112643   0.0327793    1.26793 -0.0920685   0.121312  0.00320654 0.000668803 -0.00119036  0.00314254   0.0899302 -0.00656603 -0.0617573   0.302506   -9.80414 
             17.7999  2.55384 -9.25775 -46.2621  9.09206 0.430335 0.906034 -0.546044 -0.295445 -0.103415 -0.00876764  -0.0112831   0.0326563    1.33382 -0.0961316  0.0997015  0.00316183 0.000727324 -0.00116544  0.00382862   0.0882642 -0.00714709 -0.0589917    0.30058   -9.80422 
             17.9006 1.26352 -11.489 -41.527  9.21581 0.411122 0.915968  -0.548546  -0.304659 -0.0951571 -0.00891505  -0.0112827   0.0326943   1.22808 -0.150279  0.191519  0.00314766 0.000714905 -0.00116325  0.00306613   0.0892815 -0.00677388 -0.0614053   0.301427   -9.80418 
             18.0004 0.729414 -13.1534 -37.7777  9.32568 0.399718 0.931803  -0.555698  -0.308182 -0.0914375 -0.00877779  -0.0115157   0.0325452   1.05318 -0.220642  0.267774   0.00280943   0.00065312 -0.000921329   0.0049833   0.0908379 -0.00596429 -0.0610213   0.304229   -9.80409 
             18.1003  1.53161 -16.5215 -36.7368  9.41649 0.376928 0.960583  -0.563728  -0.305254 -0.0818746 -0.0086458 -0.0118695  0.0326726  0.826561 -0.321135   0.30012   0.00282493  0.000683593 -0.000872378  0.00520902   0.0921115 -0.00610075 -0.0611622   0.306616   -9.80402 
             18.2001  3.51155 -19.8457 -38.3167  9.47325 0.317273  0.98735  -0.574734  -0.319482 -0.0520393 -0.00753226  -0.0116374   0.0330422  0.579924 -0.520541  0.159355  0.00283085 0.000660162 -0.00082835  0.00168617   0.0935523 -0.00652908 -0.0670005   0.307581   -9.80395 
             18.2999  4.52794 -22.8433 -43.8351  9.52233 0.258398   1.0013  -0.573398  -0.319959 -0.0470965 -0.0072122 -0.0115747  0.0329826  0.421273 -0.609547 -0.015012   0.00311367  0.000490336 -0.000210088 0.000210571   0.0942956 -0.00711456 -0.0685131   0.307723   -9.80393 
             18.4006  6.60932 -25.0653 -52.5071  9.56183 0.183255 0.992504   -0.56825  -0.326007 -0.0531048 -0.0069108  -0.010718  0.0329177  0.324488 -0.653607 -0.120043   0.00313864  0.000497802 -0.000177465 -0.00175146   0.0932618  -0.0065603 -0.0704985   0.305026     -9.804 
             18.5004  9.34013 -24.3935 -62.4132  9.59106 0.116007 0.980625 -0.565002 -0.327579  -0.05198 -0.00677621  -0.0104767   0.0329879  0.232572 -0.574735 -0.101696   0.00339158 -0.000154235  2.46502e-05 -0.00280283   0.0931174 -0.00638648 -0.0715252   0.303964   -9.80403 
             18.6003  9.87098 -21.3696 -70.2324   9.59582 0.0600649  0.985399  -0.560014  -0.324934 -0.0259916 -0.00655702  -0.0106127   0.0325755   0.146066  -0.493837 0.00293012   0.00346915  -0.00027342 -6.22866e-05 -0.00619475   0.0973848 -0.00834833 -0.0753362   0.306995   -9.80391 
             18.7001  9.56545 -19.6276 -77.3337   9.60964 0.0269313  0.969371  -0.575149  -0.329395 -0.0331467 -0.00616758  -0.0103185   0.0322388    0.112334     -0.3307 0.000780435   0.00354661 -0.000401056  -0.00015631 0.000966483   0.0987869 -0.00628509 -0.0697378   0.310785   -9.80383 
             18.7999  8.13004 -19.8027 -84.2477     9.61498 -0.00359621    0.970236  -0.576566  -0.335863 -0.0185051 -0.00615395  -0.0102196    0.032054  0.153635 -0.187651 0.0100747   0.00363363 -0.000404499 -0.000249811 -9.14952e-05     0.100066  -0.00635039 -0.072053  0.311966  -9.80377 
             18.9006  7.36844  -21.921 -92.3502     9.65315 -0.00863089    0.973723  -0.570995  -0.318114 -0.0462202 -0.00605095   -0.010567   0.0323054    0.314585 0.000547613  -0.0469266   0.00366446 -0.000403609 -0.000206882 0.000749678   0.0968524 -0.00709414 -0.0678649   0.308622   -9.80391 
             19.0004  6.62828 -23.0692 -100.247    9.68979 0.00357388   0.961721   -0.57948  -0.307959 -0.0561921 -0.00595876  -0.0106629   0.0323968  0.454435  0.159461 -0.143163   0.00376009 -0.000701795 -3.88416e-05 0.00375164  0.0993913 -0.0067476 -0.0633076   0.312065   -9.80383 
             19.1002   6.1239 -21.4872 -106.697   9.75006 0.0349505   0.94127  -0.585316  -0.282575 -0.0820198 -0.00582294  -0.0108398   0.0318571  0.565156  0.284351 -0.261069   0.00367096 -0.000891291 -8.40158e-05 0.00988291   0.101002 -0.0066115 -0.0530993   0.313964   -9.80383 
             19.2001  5.12755   -16.96 -111.756   9.79079 0.0645086  0.924164  -0.611651  -0.289068 -0.0646091 -0.00606965  -0.0107102   0.0322747  0.555602  0.284179 -0.312792    0.0037289 -0.000989225 -0.000176781  0.00371692    0.102568 -0.00861243 -0.0594313   0.320489   -9.80358 
             19.3003  5.11405 -10.7833 -115.534   9.87317 0.0837393  0.890262   -0.58575  -0.273682 -0.0826861 -0.00583988  -0.0109388   0.0321019 0.687155 0.201019 -0.32627    0.0036171  -0.00109471 -0.000227629  0.00709576   0.0965657 -0.00815716 -0.0545747   0.310151   -9.80394 
             19.4001  3.70252 -4.42524 -116.738   9.91825 0.0915588  0.860597 -0.591072 -0.305908 -0.068135 -0.00610881  -0.0113569   0.0328369  0.706887 0.0843948 -0.313977   0.00375071  -0.00115042 -0.000307316 -0.000843715    0.0987415  -0.00821491 -0.0670613   0.314441   -9.80373 
                19.5   1.74802 -0.563297  -114.982  10.0118 0.107161 0.816493  -0.583734  -0.282354 -0.0760147 -0.00587546  -0.0104742   0.0329079  0.892055 0.0525727 -0.334836   0.00363554  -0.00114723 -0.000424851  0.00738384   0.0995473 -0.00694039 -0.0557819   0.312533   -9.80386 
             19.6006 0.664061  3.16681 -111.882  10.0966 0.107853 0.783012   -0.58872  -0.299176 -0.0712384 -0.00607905  -0.0107352   0.0329108    1.04277 -0.0224886  -0.304612   0.00365606  -0.00111777 -0.000491576 0.00468834   0.101207 -0.0066861 -0.060726  0.315533  -9.80374 
             19.7005 0.0564328   5.96603  -106.583  10.1945 0.101967 0.751301  -0.594694  -0.317614 -0.0689417 -0.00632197   -0.011001   0.0328689    1.21077 -0.0787029  -0.286578   0.00356706 -0.000738066 -0.000908576  0.00200246    0.102789 -0.00636486 -0.0658896   0.318652    -9.8036 
             19.8003 -0.0132444    8.24949    -98.619   10.2998 0.0944213  0.731418  -0.612203  -0.344215 -0.0702278 -0.00672036  -0.0113216   0.0327423    1.33487 -0.0727207  -0.109118   0.00354018 -0.000644674  -0.00104559 -0.00185609    0.104646 -0.00679233 -0.0731272   0.324109   -9.80337 
             19.9001  1.03034  9.22034 -87.5929  10.4087 0.101393 0.733149  -0.645779  -0.362403 -0.0836894 -0.00730406  -0.0111436   0.0328842   1.29788 0.0230402 0.0290291  0.00362974 -0.00061069 -0.00116617  -0.0043017     0.10944 -0.00715101 -0.0771722   0.334532   -9.80299 
                  20 0.931603   7.7153 -76.7141  10.5145 0.097395 0.747395 -0.660333 -0.406042 -0.092392 -0.00775748    -0.01151   0.0323388  1.25169  0.10336 0.156019  0.00373209 -0.00029595 -0.00117234 -0.00858041    0.108388 -0.00815099 -0.0878986   0.336864   -9.80282 
             20.1006 0.781678  5.69366 -65.8636  10.6275  0.11494 0.774566 -0.679754  -0.42403 -0.103594 -0.00764836  -0.0114194   0.0323424  1.21036 0.230714 0.140963   0.00354667 -0.000243141  -0.00122278 -0.00900459    0.108422 -0.00987119 -0.0908735   0.340199   -9.80268 
             20.2004 0.105567  3.57452 -56.0216   10.766 0.158274  0.79542  -0.680487  -0.393668 -0.0857131 -0.00704796  -0.0115906   0.0328441  1.21327 0.368546 0.124036   0.00347809  6.26769e-05 -0.000796316 -0.00463672    0.109156  -0.0107833 -0.0819482    0.34066   -9.80274 
             20.3003 -0.225437   2.50386  -47.5646  10.8985 0.205342 0.813112   -0.67475  -0.379517 -0.0672513 -0.00698818  -0.0118035   0.0329715  1.18146 0.456286 0.162835   0.00344535  0.000101101 -0.000752059 -0.00195411    0.108631  -0.0115124 -0.0770853    0.33919   -9.80283 
             20.4001 0.0397143    1.3029  -41.4479  10.9917 0.256676  0.81773  -0.692864  -0.379078 -0.0915665 -0.00639478  -0.0120927   0.0329942   1.0095 0.502938 0.163674   0.00341666  0.000103946 -0.000690105 -0.00466602    0.111343 -0.00898796 -0.0804376   0.344748   -9.80261 
             20.4999  0.762342 -0.229366  -37.2584  11.0919 0.295314 0.832863  -0.685884  -0.382375 -0.0930448 -0.00657336  -0.0116654   0.0329654 0.905389 0.439617 0.173017   0.00336928  0.000175024 -0.000643623 -0.00576976    0.110333 -0.00891954 -0.0813684   0.342396   -9.80268 
             20.6006  1.89452 -1.27853  -34.736  11.1668 0.330417 0.857037 -0.689106 -0.391785 -0.106233 -0.00621283  -0.0115322   0.0331341 0.770366 0.374085 0.181484   0.00341147  0.000201815 -0.000149158 -0.00608074    0.111319 -0.00981935 -0.0836114   0.343184   -9.80264 
             20.7004  2.73934 -1.88762 -32.1676  11.2429 0.368721 0.881289 -0.684347 -0.393542 -0.102742 -0.00637043  -0.0115581   0.0330943  0.70545 0.305359 0.164012   0.00345928  0.000150787 -3.43256e-05 -0.00527431    0.111493  -0.0109526 -0.0830256   0.343065   -9.80265 
             20.8002  2.69326 -3.02292 -29.0454  11.3101 0.396924 0.904194 -0.679859 -0.395923 -0.102382 -0.00635877  -0.0116177   0.0331093 0.676732 0.221779 0.157206   0.00346994  0.000167726 -4.44601e-05 -0.0047654   0.112328  -0.012412 -0.0832598   0.343194   -9.80264 
             20.9001  2.36112  -4.7504 -26.9492  11.3835 0.403271 0.915891 -0.681872 -0.399744 -0.117681 -0.00620622  -0.0114699   0.0330019 0.725025 0.100733 0.144111   0.00348754  0.000191244 -3.37471e-05 -0.00657564    0.112364  -0.0116956 -0.083966  0.341813  -9.80268 
             21.0003  2.59749 -8.12761 -25.7741   11.468 0.409372 0.908284 -0.691328  -0.40218 -0.122463 -0.00658528  -0.0112987   0.0328359  0.765956 0.0175365 0.0587161  0.00348728 0.000305385 3.22403e-05 -0.00646372    0.110322 -0.00835123 -0.082833   0.34153   -9.8027 
             21.1001  3.19852 -11.5352 -25.0169  11.5406 0.407115 0.923584 -0.688304 -0.398629  -0.11848 -0.00641717  -0.0113274   0.0328979    0.79328 -0.0130246   0.104783  0.00347892 0.000302104 7.57454e-05 -0.00697511    0.111129 -0.00965299 -0.0833668   0.341461    -9.8027 
                21.2  3.40208 -13.8564 -25.1028  11.6158 0.400753 0.949113 -0.683864 -0.388259 -0.111168 -0.00630174  -0.0113283   0.0329104   0.785985 -0.0181098   0.175499  0.00364204 0.000124797 0.000248495 -0.00904518      0.1122  -0.0118126 -0.0838454   0.340945   -9.80271 
             21.3006  2.96895 -15.7011 -24.6919  11.6966 0.395727  0.95988 -0.685614 -0.395167 -0.103775 -0.00623136  -0.0112771   0.0329464    0.772145 -0.00321111    0.111766  0.00365476  0.00017845 0.000198782 -0.00832919    0.112373  -0.0107809 -0.0835512   0.340539   -9.80273 
             21.4005  2.69427 -18.0705 -23.8354  11.7725  0.39702 0.969187 -0.685293 -0.390679 -0.105274 -0.00624329  -0.0112925   0.0329403    0.77048  0.0247465 -0.0505468  0.00373818 0.000232623 0.000134226 -0.0091456   0.112324 -0.0114526 -0.0837232   0.340609   -9.80273 
             21.5003 1.26618 -17.692 -22.756  11.8428 0.400364 0.956193  -0.685246  -0.390442 -0.0956902 -0.00631279   -0.011262   0.0326136  0.791519  0.081551 -0.204637  0.00374478 0.000176151 0.000119173 -0.00798448    0.112987  -0.0115614 -0.0843012   0.340547   -9.80272 
             21.6001 0.382105 -14.4019 -21.2005  11.9221 0.419327 0.912832 -0.686861 -0.416888 -0.110466  -0.005664 -0.0111016  0.0320576  0.829213  0.173518 -0.361946  0.00373385 6.15405e-05 9.62846e-05 -0.00286245    0.111975 -0.00865293 -0.084563   0.34125   -9.8027 
                21.7 -0.323951  -10.8966  -19.7925  11.9976 0.439095 0.857075 -0.682258 -0.445228 -0.107035 -0.00514851  -0.0110438   0.0315227  0.851598    0.2243 -0.391896  0.00373768 8.99971e-05 7.97658e-05  0.00328569      0.1129 -0.00599143 -0.0852478   0.341098    -9.8027 
             21.8002 -0.165039  -6.70814  -19.1784  12.0871 0.461254  0.82322 -0.682504 -0.442113 -0.105975 -0.00516751  -0.0110036   0.0316317  0.852937  0.241612 -0.317093  0.00371057 5.71328e-05 8.66267e-05  0.00230921    0.112845 -0.00613223 -0.0848606   0.341009    -9.8027 
             21.9001 -0.0887111   -3.66809    -18.057  12.1704 0.496127 0.796371 -0.683181 -0.440264 -0.121645 -0.00519399  -0.0109647    0.031568  0.806485  0.272214 -0.286877  0.00368037 0.000115649 8.47033e-05  0.00173737    0.111622 -0.00662659 -0.0852041   0.341806   -9.80267 
             21.9999 0.457185  0.83961 -16.8868  12.2604 0.526223 0.772355  -0.68102 -0.441856  -0.12857 -0.0052428 -0.0109278  0.0315529  0.815624  0.248005 -0.268929  0.00367695 0.000101584 8.79938e-05 0.000805156    0.111395 -0.00732506 -0.0848612   0.342217   -9.80266 
             22.1006  1.94398    4.809 -14.7549  12.3376 0.548768 0.757477 -0.677526 -0.437558  -0.12581 -0.00524497  -0.0107177   0.0314903  0.841537  0.192371 -0.256797  0.00359255 0.000118532 9.26127e-06 0.000654671    0.111763 -0.00942939 -0.0853469   0.341966   -9.80267 
             22.2004  2.83662  8.35926 -12.2522  12.4228 0.551977 0.735896 -0.680385  -0.43689 -0.128169 -0.00535283  -0.0107397   0.0314771  0.922756 0.0457137 -0.188542  0.00340507 0.000234296 -0.00021543 0.000919607    0.112532   -0.009749 -0.0851024   0.341206   -9.80269 
             22.3003  3.94758   9.4703 -10.9913  12.5283  0.54578 0.721454 -0.684033 -0.438302 -0.136578 -0.00541738  -0.0107428    0.031165     1.07713  -0.0691178 -0.00771035  0.00372295 0.000651014 4.40702e-05 -0.000137422     0.113091   -0.0093248 -0.0841833   0.341135    -9.8027 
             22.4001  5.49769  8.07384 -10.0149  12.6256 0.534246 0.735169 -0.683927  -0.42921 -0.130327 -0.00533739  -0.0108602   0.0321065    1.0755 -0.135259  0.263302  0.00348822  0.00101232 4.35741e-06   0.0016243     0.11294 -0.00989029 -0.0852887   0.339822   -9.80274 
             22.4999  5.65352  3.85498 -9.25978  12.7388 0.512314 0.771106 -0.691615 -0.441995 -0.140596 -0.00489518  -0.0108751   0.0311535   1.08299 -0.153542  0.414144 0.00360108  0.0011074 3.7606e-05 0.00161814   0.113838 -0.0112179 -0.0840292   0.339851   -9.80275 
             22.6006   5.92393 -0.721847  -9.39726   12.857 0.509272 0.831161 -0.659078 -0.473116 -0.124781 -0.00372498  -0.0108068   0.0305298   1.07338 -0.139613   0.45547  0.00362183  0.00107546 0.000124103 0.00291296   0.115554 -0.0164361 -0.0842898   0.341605   -9.80269 
             22.7004  5.44605 -5.60889   -9.012  12.9708 0.497038 0.875846 -0.655885 -0.484105  -0.12051 -0.00366987  -0.0108113   0.0302934   1.09451 -0.136323  0.371363   0.0037539  0.00110359 0.000174554 0.00312455   0.115997     -0.017 -0.0839919   0.342444   -9.80266 
             22.8003  4.66727 -10.0425 -9.63765  13.0846 0.483728 0.911865  -0.65715 -0.488373 -0.117994 -0.00364038  -0.0108187   0.0302508   1.11421 -0.107964  0.261513  0.00373396  0.00109339 0.000209624 0.00307532   0.116096 -0.0179326 -0.0835348   0.342737   -9.80265 
             22.9001  3.63397 -14.3734  -9.9916  13.1872 0.466803 0.934979 -0.658044  -0.48586 -0.119676 -0.00356999  -0.0109099   0.0301299   1.07766 -0.130685  0.149864  0.00391334  0.00101964 0.000312694 0.00416601   0.116279  -0.018395 -0.0838291   0.341491    -9.8027 
                  23  3.42572 -16.8013 -10.7309  13.2903 0.466229 0.938741 -0.659499 -0.497107  -0.13582 -0.00345967  -0.0109241   0.0299388   0.999842 -0.0996469  0.0387281  0.00386299 0.000956717 0.000337687 0.00532228   0.114299 -0.0171988 -0.0855325   0.342614   -9.80264 
             23.1006  3.15184 -16.5076 -12.2529  13.3907 0.448948 0.930749 -0.656422 -0.498315 -0.120985 -0.00307802  -0.0108892    0.030253    0.91916  -0.125206 -0.0496623  0.00404878  0.00054856 0.000451964 0.00572863   0.116221  -0.015854 -0.08408 0.342357 -9.80266 
             23.2004  4.23707 -14.3079 -13.8562  13.4724 0.439329 0.912207 -0.655824 -0.513771 -0.122887 -0.00272881  -0.0111732   0.0293024   0.86159 -0.110952 -0.200994  0.00367306 0.000287892 0.000446114  0.0100221   0.115601 -0.0143192 -0.0853885   0.342043   -9.80266 
             23.3003  4.13638 -11.0605 -14.7372  13.5595 0.438301 0.879266 -0.662388 -0.527426 -0.140716 -0.00225298   -0.011216   0.0289996   0.876604 -0.0880481  -0.320188  0.00374862 0.000300145 0.000450207  0.0118082   0.113417 -0.0123449 -0.0862247   0.343357   -9.80261 
             23.4001  3.98457 -7.68964 -14.5625  13.6426 0.418462 0.841912 -0.657151  -0.52754 -0.124142 -0.00230868  -0.0111844    0.028914  0.894591 -0.146314 -0.366268  0.00376102 0.000252782 0.000381229 0.0133899  0.115151  -0.01207 -0.0856856   0.342115   -9.80266 
             23.4999  4.21363 -5.42831 -14.7792  13.7328 0.393276 0.797151 -0.655493 -0.530551 -0.112611 -0.00232793  -0.0112314    0.028949  0.866881 -0.161204 -0.323241  0.00378061 0.000301856 0.000372249  0.0147282   0.116503 -0.0108843 -0.0846947   0.341541   -9.80269 
             23.6006  4.33979 -3.17808 -14.4493  13.8252 0.395886 0.776019 -0.656651 -0.531142 -0.124523 -0.00219248  -0.0112634   0.0288237   0.802908 0.00808669  -0.188948  0.00377115 0.000371289 0.000325448  0.0132476   0.115321 -0.0111999 -0.0848857   0.342616   -9.80265 
             23.7004   4.36354 -0.393796  -14.3033  13.9056 0.419294 0.768006 -0.649887 -0.532614 -0.132058 -0.00208021  -0.0112072   0.0288105   0.738357   0.218493 -0.0695235  0.00349806 0.000308058 0.000304329  0.0125043   0.114177 -0.0121576 -0.0857538   0.343651    -9.8026 
             23.8002  4.61146  2.42552 -13.9075  13.9743 0.450381 0.772445 -0.650276 -0.531548  -0.13563 -0.0020444 -0.0111681   0.028793  0.703133   0.39329 0.0389173  0.00346558 0.000300486 0.000297385   0.012624   0.113332 -0.0135568 -0.0864149   0.343634    -9.8026 
             23.9001  4.44179  3.03575 -12.6727  14.0468 0.491014 0.788176 -0.660979 -0.538654 -0.134121 -0.00188413  -0.0112399   0.0287436  0.762764  0.529135 0.0692537  0.00355519 0.000392923 0.000265345  0.0132308   0.112157 -0.0154781 -0.086441  0.343686   -9.8026 
             23.9999 4.26472 1.39514  -11.27  14.1229 0.554305 0.790096 -0.654886 -0.536148 -0.134975 -0.0019341 -0.0111739  0.0288625  0.80908 0.669258  0.01326  0.00354515 0.000444162 0.000247661  0.0130692   0.112383 -0.0150128 -0.0867364   0.343756   -9.80259 
             24.1006  5.21239   -1.651 -10.5112  14.2153 0.614021 0.789108 -0.657536 -0.535409 -0.125016 -0.00198551  -0.0112163   0.0285366  0.884998  0.672232 0.0076511  0.00353461 0.000532393 0.000249614   0.012502   0.113081 -0.0148169 -0.0856988   0.343712    -9.8026 
             24.2004  6.58137 -3.99055 -10.8858  14.3168 0.678786 0.796073 -0.660195 -0.534656 -0.111386 -0.00196146  -0.0110561    0.028385 0.943197 0.591928 0.128528  0.00356982 0.000580886 0.000464994  0.0116032   0.112824 -0.0151554 -0.0848411   0.344136   -9.80259 
             24.3003  8.61862  -6.1096 -12.8283   14.405 0.740183 0.822363 -0.662495 -0.534391 -0.119522 -0.00207455  -0.0110746   0.0283097 0.887801 0.506764 0.252028  0.00351282 0.000541629  0.00054733  0.0118447   0.111341 -0.0162083 -0.085564  0.344232  -9.80258 
             24.4001  10.5607 -8.63909 -15.9496  14.4899 0.788492 0.855714 -0.662693 -0.532189 -0.122333 -0.0021212 -0.0110215  0.0282848 0.845355 0.399906 0.262625  0.00357105 0.000532017 0.000622625   0.011464   0.110655 -0.0173494 -0.0858162    0.34409   -9.80259 
             24.4999  9.78611 -9.97579  -17.479  14.5862 0.824223 0.868638 -0.662132 -0.542346 -0.119783 -0.00206023  -0.0108332   0.0284144  0.93725 0.304296 0.128169  0.00360661 0.000524082 0.000588982  0.0117378   0.111291 -0.0158979 -0.0851621   0.344923   -9.80256 
             24.6006  8.65148 -11.5609 -18.9349  14.6789 0.837939 0.863311  -0.668539  -0.542355 -0.0973379 -0.0020539 -0.0106296  0.0279393   0.977788   0.248504 -0.0189235  0.00361176 0.000506388 0.000543102  0.0135031   0.112573 -0.0143551 -0.0841718   0.344024    -9.8026 
             24.7005   8.6317  -14.246 -21.2247  14.7749 0.858428 0.856048  -0.668485  -0.544366 -0.0856904 -0.00208118  -0.0105995   0.0278773 0.970254 0.297744 -0.01926  0.00363698 0.000600878 0.000668345 0.0145618  0.113541 -0.013757 -0.0837872   0.343663   -9.80262 
             24.8003  9.73296 -16.2796 -22.4535  14.8671 0.890183 0.861418  -0.669361  -0.537554 -0.0879668 -0.00205449    -0.01056   0.0278559    0.873998    0.348265 -0.00721113  0.00361572 0.000571187 0.000673506  0.0130209   0.112864 -0.0147285 -0.0840462    0.34347   -9.80262 
             24.9001  9.93042 -16.2256 -22.8858  14.9593 0.935458 0.865589 -0.672558 -0.534162 -0.101353 -0.00197595  -0.0105877   0.0279273   0.826822   0.418047 -0.0288441  0.00354522 0.000530032 0.000622557  0.0111994   0.111165 -0.0152185 -0.0841133   0.344034    -9.8026 
                  25  9.18792 -12.7252 -22.5719  15.0182  0.99117 0.871227 -0.678686 -0.525667  -0.13229 -0.00244791  -0.0104103   0.0268013   0.728604   0.509766 -0.0814673  0.00356603 0.000330021 0.000611919   0.011396   0.109216 -0.0169657 -0.0861052   0.344329   -9.80258 
             25.1006  8.47454  -10.336 -23.1452  15.0909  1.04567 0.841462 -0.670638 -0.534459 -0.134158 -0.00214117  -0.0103699   0.0266692  0.729761  0.578572 -0.246703  0.00352606 0.000352859 0.000606251  0.0136779   0.111034 -0.0150396 -0.0857018   0.344535   -9.80257 
             25.2005 7.58202 -7.9371 -24.644  15.1642  1.10284 0.806163 -0.663573 -0.539234 -0.128466 -0.0020002 -0.0103071   0.026653  0.715611  0.643168 -0.260141  0.00350345  0.00034474 0.000618164  0.0148806   0.112735 -0.0136374 -0.0851819   0.344327   -9.80258 
             25.3003  7.35288 -5.70727 -25.5585 15.2359 1.16691 0.76698 -0.652694 -0.546853 -0.126784 -0.00194836  -0.0103232   0.0266828  0.687951  0.679324 -0.215011  0.00352953 0.000368237 0.000574822  0.0170604   0.115268 -0.0113036 -0.0845219   0.344315   -9.80259 
             25.4001  7.41834 -3.51415 -26.1812  15.3125  1.23407 0.761223 -0.659788 -0.541864 -0.117322 -0.00191643  -0.0102713   0.0265946  0.685277   0.66484 -0.135809   0.0035182 0.000373086 0.000557272  0.0147947   0.113068 -0.0130617 -0.0842223   0.343943   -9.80261 
                25.5  6.43429 -0.20582  -25.633  15.3734  1.26847 0.766849 -0.675649 -0.541986 -0.104941 -0.00217858  -0.0104512   0.0266546   0.700469   0.491499 -0.0544369  0.00359923 0.000350258 0.000478666  0.0136894   0.112698 -0.0157812 -0.0851995   0.342675   -9.80264 
             25.6006  7.11167  3.20864 -25.0378  15.4551  1.33846 0.763659 -0.667966  -0.53833 -0.108158 -0.00201011   -0.010376   0.0264117   0.820761    0.48763 -0.0462446  0.00344575 0.000273021 0.000433964   0.013781   0.111733 -0.0156547 -0.0845802   0.343511   -9.80262 
             25.7004  7.1318 4.29006   -23.6  15.5437  1.38835 0.756052 -0.665317 -0.537874 -0.108334 -0.00198136  -0.0103702   0.0263993   0.922319    0.41839 -0.0482024  0.00343529 0.000514026 0.000233778   0.013851   0.111681 -0.0151248 -0.0843559   0.343806   -9.80261 
             25.8003  7.74707  3.37706 -22.5599  15.6373  1.42512 0.752918 -0.666552 -0.538961 -0.107656 -0.00205811  -0.0104173   0.0263461  0.936742  0.350573 0.0688851  0.00344957 0.000719528 0.000246234  0.0137286   0.111924 -0.0148363 -0.084375  0.343668  -9.80261 
             25.9001  8.96846  1.62905 -20.2293  15.7283  1.44494 0.760176 -0.673581  -0.54255 -0.105268 -0.00234202    -0.01059   0.0262579 0.875838 0.280214 0.161078  0.00340249   0.0007443 0.000200768  0.0133945   0.112799 -0.0144671 -0.0845532   0.342956   -9.80264 
                  26  9.79353 -1.07552 -17.9646    15.81  1.49138 0.788947 -0.663755  -0.53736 -0.106398 -0.00194026  -0.0103859   0.0264011 0.771621 0.334711 0.256357  0.00341335 0.000810569 0.000240353  0.0136226   0.111952 -0.0155537 -0.0845242   0.343451   -9.80262 
             26.1006  9.82273 -2.59355 -15.5332  15.8959  1.53278 0.808422 -0.656211 -0.538897 -0.100805 -0.00193062  -0.0103898   0.0263778 0.807224 0.339752 0.220568  0.00337255 0.000877353 0.000243796  0.0133101   0.112209 -0.0145752 -0.0841066   0.344044    -9.8026 
             26.2005  8.99235 -4.51665 -13.9604 15.9718 1.56017 0.84132 -0.663141 -0.540528 -0.105356 -0.00190108   -0.010557   0.0263753 0.799429 0.291931 0.218803  0.00349441 0.000900913 0.000355527  0.0139523   0.111341 -0.0166139 -0.0844606   0.343393   -9.80262 
             26.3003  8.83705 -8.26216 -12.6679  16.0496  1.58072 0.859944 -0.665209  -0.53989 -0.105362 -0.00189896  -0.0105417   0.0263456 0.753493 0.175663 0.220045   0.0034185 0.000984026 0.000354403  0.0139904    0.11198 -0.0161724 -0.0842345   0.343118   -9.80264 
             26.4001   8.4374 -11.1184 -11.9708  16.1247  1.59595 0.869181 -0.661172 -0.541543 -0.105524 -0.00200228  -0.0104829   0.0263577 0.721383 0.048528 0.165262  0.00343363 0.000980299 0.000364679  0.0145848   0.113093 -0.0138234 -0.0839168   0.343692   -9.80262 
                26.5  9.48748 -13.8243 -12.8024  16.1947  1.59957 0.894486 -0.660396 -0.538949 -0.110012 -0.00203898  -0.0104219   0.0263084    0.70141 -0.0644188   0.113002  0.00334879 0.000944017  0.00040052  0.0138341    0.11207 -0.0154561 -0.0845728   0.343403   -9.80262 
             26.6006   11.718 -15.4893 -15.0278  16.2795  1.57222 0.896633 -0.661731 -0.538698 -0.101361 -0.00185217  -0.0101289   0.0265288   0.773892  -0.291142 -0.0417979  0.00336186  0.00103079 0.000435986  0.0129469   0.113092 -0.0151523 -0.0834448   0.343335   -9.80263 
             26.7004  11.5479 -15.4277 -15.2843  16.3598   1.5354 0.876036  -0.663968  -0.544358 -0.0963067 -0.00170141  -0.0101098    0.026521  0.793623 -0.427171 -0.228768   0.0037867 0.000815453 0.000299527  0.0140737   0.113433 -0.0140857 -0.0829627   0.343646   -9.80263 
             26.8003  10.4882 -14.6606 -14.3654  16.4325  1.49519 0.838118  -0.668284  -0.561106 -0.0949157 -0.00142952 -0.00978042   0.0262674  0.716376 -0.467898 -0.314332  0.00383048 0.000811162 0.000278978  0.0174673   0.112552 -0.0126412 -0.0834747   0.344129   -9.80261 
             26.9001  8.39292 -11.6348 -11.2982  16.4923  1.46174 0.798713 -0.673724 -0.580635 -0.107456 -0.000913115  -0.00919964    0.0258573  0.601535  -0.38688 -0.303978  0.00381219 0.000755194 0.000249653  0.0206693   0.110311 -0.0114114 -0.0852549   0.344842   -9.80257 
                  27  6.06629 -7.42029 -7.76071  16.5134  1.42317 0.779793 -0.660592 -0.574304 -0.100734 -0.00158334 -0.00849301    0.024575  0.452235 -0.323087 -0.247314   0.0038082  0.00058767 0.000219009  0.0232436   0.109894 -0.0134006 -0.0875451   0.341874   -9.80265 
             27.1006  4.89093 -3.84134 -4.62012  16.563 1.39115 0.75659  -0.661397  -0.572917 -0.0979439 -0.00164586 -0.00851553   0.0245868  0.508492 -0.259404 -0.269866  0.00380914 0.000585833   0.0001912  0.0229509   0.110017 -0.0136962 -0.0872969   0.341796   -9.80265 
             27.2004   5.01851 -0.640124  -2.26936  16.6444  1.36819 0.744048  -0.668432  -0.575933 -0.0809191 -0.00168237 -0.00824648   0.0243234  0.712354 -0.208614 -0.236624  0.00345247  0.00078563 0.000183808   0.020726   0.109771 -0.0148696 -0.0860818   0.343535    -9.8026 
             27.3003   4.89673   2.24019 -0.140564  16.7273  1.35428 0.724857   -0.66956   -0.57778 -0.0781082 -0.00171944  -0.0081667   0.0241769  0.854253 -0.203486 -0.197729  0.00344284 0.000794484 0.000179057   0.019746   0.109369 -0.0152053 -0.0861301    0.34454   -9.80257 
             27.4001 5.09067 3.84424 1.70776  16.8109  1.34279 0.717335  -0.667752  -0.579446 -0.0869502 -0.00167641 -0.00813499   0.0242258   0.931588  -0.210048 -0.0210945  0.00335458 0.000816184 0.000138134  0.0195486   0.107931 -0.0158238 -0.0876188   0.344517   -9.80256 
             27.4999 4.81553 3.73751 2.15944  16.9235  1.32242 0.718546  -0.670777  -0.584819 -0.0799892 -0.00175439 -0.00796487   0.0237111  0.981862 -0.265298  0.171738  0.00332675 0.000890052  0.00016278  0.0181547   0.109019 -0.0153805 -0.0866515   0.346684   -9.80249 
             27.6006 4.76013 3.44435 2.11463  17.0424   1.2957 0.738134  -0.675104  -0.595476 -0.0775532 -0.00180023  -0.0077949   0.0233516   1.03913 -0.298482   0.30037  0.00333701 0.000940931 0.000151466 0.017589 0.110131 -0.01494 -0.0859108   0.348809   -9.80242 
             27.7004 4.90634 1.17557 1.19233  17.1462  1.26031 0.770372  -0.677186  -0.595034 -0.0779718 -0.00175441  -0.0078006   0.0233561  1.05311 -0.37754 0.320411  0.00324114  0.00110518 0.000202096  0.0177462    0.11013 -0.0150853 -0.0856216   0.348716   -9.80243 
             27.8003   5.29694   -1.7512 -0.431951  17.2311   1.2138 0.793672  -0.677021  -0.567811 -0.0771302 -0.00190279  -0.0080983   0.0239216   1.01442 -0.459088  0.229191  0.00324619  0.00109796 0.000211856  0.0175465    0.10843 -0.0139607 -0.0856744   0.345498   -9.80254 
             27.9001  6.15908 -5.37867 -3.04988  17.3232  1.17003 0.819346   -0.67092  -0.564345 -0.0747546  -0.0018282 -0.00816712   0.0241116  0.981514 -0.458106  0.155537  0.00323339  0.00107557 0.000252444  0.0179899   0.107887 -0.0146936 -0.0864407   0.344348   -9.80257 
             27.9999   7.2449 -8.65203 -4.60714  17.4168  1.11044 0.839247  -0.672208  -0.559655 -0.0736826 -0.00178902 -0.00815334    0.024176  0.909526 -0.514042  0.117948 0.00329011  0.0010624 0.00024597  0.0187186   0.108534 -0.0155849 -0.085304  0.343256  -9.80262 
             28.1006  8.21678  -11.483 -4.22503  17.5074  1.07636 0.845799  -0.674018  -0.564225 -0.0785625 -0.00155008 -0.00821376   0.0241539  0.841757 -0.426569 0.0399528  0.00323704  0.00107261 0.000235324  0.0174812   0.107364 -0.0151647 -0.0866266   0.344643   -9.80256 
             28.2004  8.22397 -11.3611 -3.26103  17.5891  1.02418 0.842795  -0.671254   -0.56166 -0.0734232 -0.00166822 -0.00819448   0.0240606   0.795036  -0.412972 -0.0395439  0.00328772 0.000652477 0.000163431  0.0183932    0.10873 -0.0148606 -0.0855506    0.34383    -9.8026 
             28.3002  7.68208 -10.3513 -1.21695  17.6733 0.994225   0.8328 -0.675923  -0.56373 -0.074993  -0.0014341 -0.00833706   0.0244176  0.792417  -0.35495 -0.192136  0.00323609 0.000631033 0.000146063  0.0168299   0.107933 -0.0147093 -0.0860198   0.345379   -9.80254 
             28.4001  7.16123 -7.99495 0.357061    17.74 0.973319  0.79188   -0.6674  -0.57953 -0.100596 -0.000867215  -0.00807098    0.0238401  0.770335 -0.270605 -0.352429   0.0032585 0.000584881  0.00016091  0.0194505   0.106422 -0.0123395 -0.0891667   0.344838   -9.80253 
             28.4999  7.45192 -5.45922  1.71904   17.815 0.944986 0.753941   -0.6641 -0.580234 -0.100374 -0.000851502  -0.00808001    0.0237702  0.778458 -0.245468 -0.345538  0.00320497 0.000557713  0.00013912  0.0203394   0.107048 -0.0120786 -0.0889948   0.344248   -9.80255 
             28.6006  7.37771 -3.41565  3.56856  17.8944 0.931568 0.724413 -0.668786 -0.585344 -0.108635 -0.000755845   -0.0080784    0.0237969  0.766541 -0.218107 -0.224873  0.00319716  0.00057387 0.000127248  0.0192122   0.105295 -0.0117016 -0.0904414   0.345633   -9.80249 
             28.7004  6.91149 -1.64868  6.00937  17.9739 0.916681 0.714239 -0.67459 -0.58727 -0.11021 -0.000676156  -0.00813465    0.0238064   0.753512  -0.212589 -0.0260663  0.00313321 0.000635509 4.13277e-05  0.0174999   0.104024 -0.0124792 -0.091266  0.347057  -9.80243 
             28.8003  6.65137 0.279403   7.6438  18.0423 0.882491 0.724936 -0.676981 -0.578319 -0.108978 -0.000731427  -0.00813415    0.0237915  0.704666 -0.290759  0.129227  0.00314509 0.000629537 1.86194e-05   0.018481   0.103871 -0.0136341 -0.0901444   0.345115   -9.80251 
             28.9001   7.0302 0.265484  9.64309  18.1114 0.858116 0.753813 -0.676247  -0.58263 -0.110725 -0.000491627  -0.00805069    0.0237839  0.706195 -0.292503  0.194983   0.00283884  0.000857747 -9.10778e-05  0.0179554   0.102577 -0.0158094 -0.0914748   0.345148    -9.8025 
                  29    7.0595 -0.764471   11.5126  18.1932 0.821391 0.768122 -0.687346 -0.586874 -0.106359 -0.000635779  -0.00816577    0.0235275  0.737365 -0.338897  0.192549   0.00283182  0.000904727 -9.60944e-05  0.0183339    0.10398 -0.0150663 -0.0894578   0.346892   -9.80246 
             29.1006  6.80703 -3.58252  14.3128  18.2775 0.770502 0.771531 -0.703319 -0.581731 -0.104165 -0.00118553 -0.00835198   0.0232102   0.71915 -0.429186   0.14296  0.00308339  0.00120929 -0.00020547  0.0189411   0.106074 -0.0131017 -0.0856622   0.348417   -9.80244 
             29.2004   6.6893 -6.75297  17.9987  18.3421 0.727858 0.801882 -0.699162 -0.585575 -0.104946 -0.000763791  -0.00827463    0.0233127  0.629687 -0.499416  0.235216   0.00267734   0.00129468 -0.000291936   0.019049    0.10483 -0.0153903 -0.0870951   0.347482   -9.80246 
             29.3003 6.26496 -9.4723 22.2249  18.4053 0.688428 0.843509 -0.697839  -0.60011 -0.103275 -0.000324978  -0.00851542    0.0232309 0.591963 -0.51409 0.309846   0.00267121   0.00128915 -0.000269176 0.0170511  0.104396 -0.018263 -0.0897384   0.349922   -9.80235 
             29.4001  6.31281 -10.9555  25.5537  18.4376 0.643055 0.855204 -0.674142 -0.593143 -0.111825 -9.22046e-05  -0.00826254    0.0229051  0.490512 -0.507993  0.177723   0.00270395   0.00122458 -0.000229678  0.0178119   0.100467 -0.0153812 -0.0942021    0.34415   -9.80251 
                29.5  5.47087 -12.0965  27.7765  18.4874 0.606434 0.860186 -0.671915 -0.601838 -0.115196 -1.53784e-05  -0.00823578    0.0229115   0.502577  -0.450221 -0.0483847   0.0026973  0.00123556 -0.00019294  0.0164355   0.100109 -0.0143989 -0.0964962   0.345645   -9.80243 
             29.6006  5.96296 -12.3378  29.1102  18.5569 0.558578 0.855398 -0.679056 -0.597375 -0.106709 -2.18657e-06  -0.00804945    0.0231385  0.604241 -0.439827 -0.204556    0.0026657   0.00130706 -0.000192363  0.0152096   0.102136 -0.0151694 -0.0945533   0.348018   -9.80237 
             29.7004  6.08226 -11.3105  29.7803  18.6317 0.527196 0.830411 -0.687033 -0.598234 -0.107922 6.81008e-05 -0.00787199   0.0233725  0.699825 -0.437888 -0.307687    0.0026533   0.00119199 -6.78187e-05  0.0121925   0.103038 -0.0147506 -0.0952158   0.351566   -9.80224 
             29.8003  6.11358 -9.83188  30.7339  18.6972 0.481908 0.798785  -0.68542 -0.603266  -0.11336 2.86585e-05 -0.00788575   0.0232871  0.733816 -0.516176 -0.312527   0.00264611   0.00117397 -8.82819e-05  0.0129945   0.101638 -0.0147376 -0.0963473   0.350371   -9.80227 
             29.9001  5.90884 -7.35511   30.738   18.778 0.403762 0.757409  -0.677049  -0.596395 -0.0874934 0.000239537 -0.00795497   0.0231346 0.769484 -0.69129 -0.27071    0.0026417   0.00115997 -8.78467e-05  0.0172434   0.105123 -0.0137424 -0.0913928   0.348857   -9.80237 
                  30  5.89858 -3.87408   29.455  18.8496 0.346968  0.73527 -0.678502 -0.606955 -0.102967 0.000175087 -0.00790347   0.0231707  0.779538 -0.675857 -0.157634  0.00266791  0.00097566 7.90215e-05  0.0158393   0.102896 -0.0134438 -0.0948847   0.349265   -9.80232 
             30.1006   5.65451 -0.482387   27.7334  18.9285 0.270555 0.709238  -0.679805   -0.60323 -0.0948945 0.000311881 -0.00795673   0.0231092  0.823511 -0.720016 -0.150287  0.00266656 0.000936583 8.98707e-05  0.0175477   0.102825 -0.0120519 -0.0933866    0.34815   -9.80237 
             30.2004 6.00094 2.03913  25.459  19.0068 0.197872  0.70852  -0.669528  -0.597964 -0.0969409 0.000261542 -0.00796258   0.0230914   0.898815    -0.7137 -0.0763702   0.0025608 0.000903613  0.00012102  0.0176093   0.101579 -0.0137024 -0.0943129   0.345499   -9.80246 
             30.3003 5.86942 1.60107 22.5509  19.1166 0.139342 0.704341  -0.685445  -0.617805 -0.0989881 0.000429978 -0.00787502   0.0224995    1.01218  -0.642447 -0.0264442  0.00244374  0.00118191 0.000137438  0.0152522   0.104543 -0.0140022 -0.0946488   0.352569    -9.8022 
             30.4001  5.49071 -0.16278  19.4979   19.2276 0.0752148   0.71023  -0.697463  -0.616856 -0.0939414 0.000603318 -0.00792671    0.022163   1.00703 -0.552049   0.12428   0.0025059  0.00120547 0.000140817  0.0152785   0.106326 -0.0146606 -0.0921115   0.354936   -9.80214 
                30.5  5.26066 -2.29983  17.2213   19.3309 0.0403057  0.747572  -0.699675  -0.635761 -0.0944573  0.00130822 -0.00805788   0.0217824  0.963882 -0.424346  0.261675  0.00259061  0.00118265 0.000152622 0.0121564  0.106325 -0.017953 -0.0955384   0.359006   -9.80196 
             30.6006  5.67188 -3.46837  13.4628    19.4216 0.00427251   0.774881  -0.694489  -0.635685 -0.0981362  0.00130463 -0.00806335   0.0217954  0.921088 -0.334703  0.299036  0.00248014  0.00115004 0.000133851  0.0119293   0.105884 -0.0177279 -0.0965593   0.358311   -9.80198 
             30.7005  6.70076 -3.78321  8.42082    19.5008 -0.0429307   0.788237 -0.685365 -0.613604 -0.118247   0.0015301 -0.00850791   0.0216716  0.898733 -0.293648  0.243654  0.00270331 0.000987102 0.000441738  0.0132592   0.106557 -0.0153749 -0.0949108   0.354193   -9.80214 
             30.8003  6.78855 -6.31022  3.11212    19.592 -0.052213  0.818032 -0.683952  -0.62624  -0.11249  0.00144972 -0.00844273   0.0216597  0.898429 -0.179466  0.157725  0.00271257 0.000998451 0.000455647  0.0117009   0.105367 -0.0163583 -0.0975631   0.356101   -9.80205 
             30.9001  7.83911 -10.0987 -3.84252    19.6827 -0.0387266   0.830583 -0.676188  -0.64027 -0.113348  0.00110112 -0.00848479   0.0216821   0.853039 0.00286721  0.0553897 0.00270583 0.00101545  0.0004858 0.00999345   0.104268 -0.0160319 -0.100895  0.358263  -9.80194 
                  31  9.73213 -12.4369 -12.8036  19.7889 -0.01267 0.828195 -0.676697 -0.643441 -0.100271 0.000490558 -0.00826292   0.0216206    0.872232    0.174763 -0.00370318  0.00271172  0.00102892 0.000532952 0.00803162   0.104239 -0.0149998 -0.100664  0.360852  -9.80184 
             31.1006   10.651 -13.4185 -21.5584     19.883 -0.0173587   0.817476  -0.666192  -0.637334 -0.0801195 0.000600853 -0.00786545   0.0214918    0.803913    0.133966 -0.00374356  0.00279828  0.00101796 0.000527374 0.00785894   0.107545  -0.014012 -0.0987452   0.359957    -9.8019 
             31.2005  10.1402 -13.5994  -29.248    19.944 -0.002685  0.810921  -0.664792  -0.640084 -0.0935251 0.000865368 -0.00773023   0.0210387   0.702455   0.203447 -0.0760657  0.00287369 0.000693763  0.00047738 0.00919132   0.107969 -0.0138032 -0.0998207   0.359802   -9.80189 
             31.3003  8.66487 -12.9921 -36.1024   20.0017 0.0160005  0.805329  -0.669224  -0.638602 -0.0975043   0.0008214 -0.00761162    0.020598  0.683447   0.30051 -0.178178  0.00288593 0.000599047 0.000506709 0.00924272   0.107878 -0.0146574 -0.100823  0.359729  -9.80188 
             31.4002  8.17367 -11.3696 -39.8562   20.0923 0.0345463  0.779918   -0.66389   -0.63906 -0.0747949 0.000560176 -0.00805234   0.0211578  0.869708  0.356173 -0.287937  0.00290657 0.000603927 0.000450631 0.0079842   0.10855 -0.014175 -0.099929  0.358326  -9.80194 
                31.5  7.58132 -9.88732 -42.1291   20.1706 0.0612597  0.746967  -0.660687  -0.642935 -0.0703675 0.000229332 -0.00774607   0.0210826  0.994981  0.432858 -0.311172  0.00295233 0.000575044 0.000400934 0.00869197   0.110374 -0.0142419 -0.100844  0.358274  -9.80194 
             31.6003  8.03957 -8.71796 -42.8727  20.2712 0.109272 0.720891  -0.660985  -0.643426 -0.0711034 0.000202701 -0.00770237   0.0210839  1.06837 0.579861 -0.16354  0.00295937 0.000585338 0.000379024 0.00880853   0.110482 -0.0143111 -0.100947  0.358383  -9.80193 
             31.7001   8.6589 -8.37664 -42.5173  20.3776 0.166238 0.717949 -0.665577 -0.640199 -0.065698  0.00018881 -0.00769374   0.0210785    1.08091   0.654765 -0.0254107  0.00291472 0.000585545 0.000315968 0.00777241   0.109574  -0.014935 -0.101259  0.358181  -9.80194 
             31.8003   8.3349 -6.70118 -40.3765  20.4546 0.241984 0.740627  -0.685423  -0.632923 -0.0841458 -6.00563e-05  -0.00721292    0.0210213  0.993049  0.729541 0.0829857  0.00296707 0.000486174 0.000232307 0.00725587   0.109058 -0.0165106 -0.102087   0.36067  -9.80184 
             31.9001   7.5778 -6.23637 -37.8529  20.5617 0.323012 0.749459   -0.68405  -0.630696 -0.0870927 3.77258e-05 -0.00719944   0.0210222    1.07385   0.792066 -0.0214666  0.00294688 0.000526224 0.000166246 0.00732283   0.108489 -0.0166969 -0.101475  0.360416  -9.80185 
                  32  7.05742 -6.85246 -35.6202  20.6669 0.427876 0.743304  -0.68399 -0.623322  -0.10465 5.50357e-05 -0.00709825   0.0211874   1.09331  0.963969 -0.127052  0.00290123 0.000527929 0.000207582 0.00846407   0.108847 -0.0167525 -0.100005  0.361684  -9.80182 
             32.1006  7.67517 -7.00695 -33.1584  20.7667 0.523625 0.741318 -0.690761 -0.623263  -0.10423  0.00010389 -0.00707969   0.0212421    1.03171   0.977588 -0.0467253  0.00284328 0.000499404 0.000186736 0.00790282   0.108659  -0.017599 -0.100855  0.362244  -9.80179 
             32.2005  8.99376 -6.57312 -31.2643  20.8789 0.614397 0.739105  -0.686834  -0.621057 -0.0975057 9.17644e-05 -0.00701753   0.0212279   1.03261  0.860506 0.0737117  0.00255835 0.000508731 0.000298877 0.00710273   0.108065 -0.0172964 -0.100411  0.361101  -9.80184 
             32.3003  9.56698 -6.46853 -30.3261  20.9851 0.679056  0.74845  -0.684276  -0.623375 -0.0842791   0.0002224 -0.00683245   0.0212837  1.04699 0.713692 0.117896  0.00251001 0.000536399 0.000252069 0.00519772   0.108086 -0.0174485 -0.101553  0.359573  -9.80188 
             32.4001  10.6835 -5.64436 -29.2035  21.0845 0.733976 0.759513   -0.68757  -0.625507 -0.0780675 0.000340636 -0.00683795   0.0213297  1.06565 0.525325 0.106243   0.0024784 0.000541719 0.000263971 0.00453646   0.108736 -0.0175463 -0.102723  0.359582  -9.80187 
                32.5  9.50058  -5.3284 -26.1065  21.1919 0.775339 0.778725   -0.69011  -0.623855 -0.0753816  0.00031536 -0.00694551   0.0213044  1.12685 0.396588 0.106606  0.00244986 0.000502964 0.000214074 0.00355786   0.108553 -0.0186014 -0.10322 0.359287 -9.80187 
             32.6006  8.46656 -8.78039 -24.2243  21.3041  0.80945 0.780052  -0.691677  -0.626928 -0.0703338 0.000213208 -0.00688601   0.0213282  1.16085  0.35674 0.064939  0.00244292 0.000632887 0.000223688 0.00421385   0.108994   -0.01799 -0.103384  0.359422  -9.80187 
             32.7004   7.2471 -12.1404 -21.4281  21.4115 0.839551  0.79466  -0.692387  -0.624541 -0.0659548 0.000270177 -0.00690842   0.0213341  1.02231 0.300983 0.193284  0.00248325 0.000700989 0.000160976 0.00373239   0.109264 -0.0184866 -0.103733  0.359372  -9.80187 
             32.8003  5.69152 -14.1652 -18.9491  21.5184  0.88121 0.818395   -0.69079  -0.623578 -0.0802394 0.000305203 -0.00692314   0.0213843  1.01429 0.327255 0.226314  0.00247287 0.000702821 0.000218179 0.00357125   0.108363 -0.0185715 -0.103316  0.359599  -9.80186 
             32.9001  4.91881 -15.5532 -17.9911  21.6358 0.916306 0.803905  -0.690592  -0.643474 -0.0818128 0.000281645  -0.0068299   0.0213797    1.10807   0.355289 -0.0095857  0.00243878 0.000772513 0.000294593 0.00688772   0.108416 -0.0150328 -0.102257  0.359748  -9.80187 
                  33  4.51507 -16.7059 -18.0972  21.7436 0.950869 0.814437  -0.689895  -0.633054 -0.0815766 0.000247039 -0.00679125   0.0213892   1.13476  0.354445 -0.123577  0.00243603 0.000694706 0.000390908 0.00478645   0.108351  -0.016885  -0.1028 0.359603 -9.80187 
             33.1006  4.67285 -18.4332 -17.9921  21.8477 0.990538 0.808913  -0.689993  -0.626512 -0.0833582  0.00023342 -0.00680059   0.0213752   1.06264  0.393795 -0.151507 0.00240279  0.0006838 0.00039166 0.00382821   0.108242 -0.0181353 -0.103427  0.359741  -9.80186 
             33.2004  4.27249 -18.8315 -17.7579  21.9589  1.04679 0.805823 -0.699431 -0.618668 -0.110997 0.000115339 -0.00675568   0.0213637   0.970901   0.451545 -0.0576213  0.00235378 0.000477135 0.000499042 0.00141171   0.105267 -0.0187867 -0.103356  0.360589  -9.80183 
             33.3002  4.00949  -17.367 -18.2229  22.0592  1.08197 0.775995 -0.694863 -0.636904 -0.094585 0.000521672 -0.00675856   0.0213809  0.937124  0.426841 -0.132513  0.00243873 0.000515665 0.000482658 0.00518486   0.106792  -0.015952 -0.102424   0.35996  -9.80186 
             33.4001  3.62393 -13.2697 -18.3368  22.1443  1.11776 0.744952  -0.693173   -0.64376 -0.0801047 0.000786577 -0.00679414   0.0210283   0.90863  0.402592 -0.284572  0.00252937 0.000424705 0.000475112 0.00762335   0.107844 -0.0147448 -0.10239 0.359642 -9.80187 
             33.4999  3.68846 -8.11093 -16.4919   22.227  1.16312 0.730767  -0.691894  -0.632873 -0.0855917 0.000352117 -0.00663689   0.0207558  0.927182  0.394015 -0.276807  0.00259258 0.000211594 0.000391656 0.00614303   0.107497 -0.0167191 -0.103068  0.359799  -9.80186 
             33.6006  4.07059 -5.17042 -15.1529  22.3278  1.21419 0.714706  -0.69257 -0.628402 -0.100198 0.000423964 -0.00660264   0.0206679   1.00394  0.441222 -0.155773   0.0024796 0.000266768 0.000405537 0.00456552   0.106226 -0.0176299 -0.103364  0.360356  -9.80183 
             33.7004  4.83275 -5.08292  -13.372  22.4305  1.26678 0.712543 -0.692322 -0.625751 -0.106674 0.000566889 -0.00658643   0.0205555 0.992433 0.543693 0.055644  0.00249069  0.00071522 0.000330744 0.00355505   0.105667 -0.0181484 -0.103549  0.360626  -9.80182 
             33.8003  6.00253 -6.86101 -10.3325  22.5286  1.32081 0.721003 -0.694704 -0.628783 -0.100302 0.000320679 -0.00677499   0.0203108 0.887459 0.645408 0.151201  0.00239742 0.000842946 0.000242326 0.00376851   0.106194 -0.0175044 -0.102812   0.36042  -9.80184 
             33.9001  6.47918 -7.58347 -5.76386  22.6273  1.37431 0.737358 -0.708909 -0.642302 -0.077909 -0.000100734  -0.00754671    0.0196624 0.850847 0.687275 0.160108  0.00251034 0.000738063 4.82664e-05 0.00347102   0.107008 -0.0174524 -0.100677  0.360729  -9.80185 
             33.9999  6.14231 -7.20096 -1.25386 22.7277 1.44593 0.74772  -0.707939   -0.65795 -0.0625997 -0.00019762 -0.00799087    0.019597 0.938893 0.725779 0.101688  0.00256027 0.000661399 5.57315e-05 0.00346087   0.108095 -0.0163393 -0.09933  0.36196 -9.80182 
             34.1006 5.61656 -9.3694 3.80686  22.8192  1.50702 0.748889  -0.710655  -0.653745 -0.0624014 -0.00062151 -0.00778896    0.019571   0.95394  0.673408 0.0515136   0.00258714    0.0010904 -3.92358e-06 0.00503593   0.109316 -0.0148755 -0.0981946   0.360541   -9.80188 
             34.2004  5.89323 -12.5883  6.99342  22.9131  1.60336 0.763075   -0.69684  -0.660622 -0.0918863 -8.41866e-05   -0.0079103    0.0195883 0.991216 0.732876 0.127114 0.00250758  0.0013175 0.00032234 0.00198965   0.105577  -0.016083 -0.102842  0.362952  -9.80174 
             34.3003  6.57684 -14.8278  6.90671  23.0034   1.6695 0.778901  -0.696428  -0.658408 -0.0974336 2.09441e-05 -0.00830654   0.0197655 0.995178 0.621015 0.253383 0.00254331 0.00132845 0.00041823 0.00365857   0.105188 -0.0163947 -0.103354  0.361365   -9.8018 
             34.4001   7.3191 -16.7341  5.60216  23.1068  1.72404 0.818039  -0.698025  -0.650681 -0.0933285 0.000150324 -0.00818063   0.0197571  0.96088 0.461783 0.347923   0.002602 0.00134146 0.00045461 0.00213659   0.105189 -0.0177232 -0.103145  0.361245   -9.8018 
                34.5  8.25049 -19.1099  3.05217  23.2086  1.76927 0.857377 -0.696778 -0.652358 -0.103481 2.68667e-05 -0.00796966   0.0197451 0.978072 0.298153 0.283989  0.00267417  0.00133697 0.000630903 0.000666442    0.105231  -0.0182123 -0.103778  0.362077  -9.80177 
             34.6006   8.35199  -19.6796 -0.707935  23.3153  1.80005 0.867624 -0.704059  -0.66782 -0.106835  9.0456e-05 -0.00773882   0.0198162  1.03209 0.220274 0.113219  0.00272019  0.00129503 0.000651884 0.00257557   0.104744 -0.0166769 -0.103646  0.363223  -9.80172 
             34.7004  9.37757 -21.1111 -6.01503  23.4135   1.7948 0.870175  -0.703186  -0.657507 -0.0609379 0.000561389 -0.00788493    0.019591   1.04004  0.100782 0.0274789  0.00276299  0.00128152 0.000644022 0.00449048   0.106211  -0.016671 -0.101287  0.361678  -9.80181 
             34.8003  9.26459 -23.5113 -10.6179  23.5195  1.81654 0.865214  -0.711043  -0.670638 -0.0767239  0.00043346 -0.00784149   0.0197336   1.00492  0.161279 0.0122265  0.00279563  0.00129529 0.000672084 0.00594568   0.104828 -0.0156992 -0.101693  0.362633  -9.80177 
             34.9001  9.65357 -24.3432  -15.084  23.6187  1.83536 0.873192  -0.710944  -0.665513 -0.0785532 0.000425067 -0.00785819    0.019761  0.895543  0.245501 0.0997614  0.00291306  0.00115456 0.000648927 0.00448734   0.104891 -0.0159869 -0.101705   0.36276  -9.80176 
                  35  10.3591 -22.3845 -19.1106  23.7056  1.85636 0.862698  -0.707959  -0.683454 -0.0637477 0.000659346 -0.00787002   0.0195654  0.836098  0.291036 0.0107115  0.00285266  0.00107443 0.000609159 0.00932247   0.106386 -0.0142565 -0.100575  0.362725  -9.80178 
             35.1006  8.93646 -21.6821 -21.6268   23.785  1.90019 0.847809  -0.706674  -0.691517 -0.0868502 0.000826989 -0.00775696   0.0194303  0.841568   0.39007 -0.149936  0.00285053  0.00103479 0.000578556  0.0112012   0.105996 -0.0135619 -0.101017  0.363022  -9.80176 
             35.2005  8.69378 -20.8928 -25.5909  23.8774  1.95731 0.836124 -0.711093 -0.690161 -0.108758 0.000850019  -0.0078387   0.0194919  0.902621  0.550006 -0.225834  0.00277876 0.000924715 0.000724522 0.00992934   0.104267 -0.0137477 -0.101299  0.363608  -9.80173 
             35.3003  9.43242 -21.3451 -29.5771  23.9624  2.01264 0.816139 -0.711546 -0.687476 -0.103462 0.000888576 -0.00780073   0.0195347  0.872429  0.640404 -0.204813  0.00275441 0.000915393 0.000714419 0.00939219   0.104491 -0.0141707 -0.101721   0.36355  -9.80173 
             35.4001  10.4235  -19.604 -33.0761  24.0509  2.06253 0.808964 -0.707107 -0.678394 -0.072515 0.000911878 -0.00766164   0.0197598   0.846369   0.619433 -0.0289227  0.00278624 0.000903043 0.000671415 0.00673149   0.105324 -0.0146055 -0.102037  0.362539  -9.80177 
                35.5  10.6323  -16.968 -35.9455  24.1401  2.11892 0.805931  -0.702226  -0.681266 -0.0618086 0.000936317 -0.00766559   0.0198666   0.86821  0.612534 0.0453326  0.00294758 0.000719365 0.000579821 0.00693107   0.106007 -0.0141936 -0.101884  0.362011  -9.80179 
             35.6006  10.5283 -16.1082 -38.4905   24.233  2.17987 0.795955  -0.694287  -0.689982 -0.0590772 0.000932198 -0.00767172   0.0198786   0.921849   0.639822 -0.0888217  0.00295597 0.000792623 0.000594853 0.00884499    0.10723 -0.0131995 -0.10137 0.361627 -9.80181 
             35.7004   8.9511  -17.178 -38.5617  24.3296  2.22804 0.780314   -0.69448  -0.693014 -0.0319039 0.000796211 -0.00789337   0.0196879  0.998266  0.598659 -0.230969  0.00286821  0.00107404 0.000107283 0.00778775   0.107524 -0.0131824 -0.102269  0.360816  -9.80183 
             35.8003  8.21717 -16.7424 -37.5644   24.437  2.30195 0.762856  -0.699275  -0.685234 -0.0558112  0.00108318 -0.00787857   0.0196884   1.10119  0.669194 -0.247562  0.00283116 0.000975717  0.00014536 0.00691879   0.105524 -0.0137086  -0.1015 0.361038 -9.80183 
             35.9001  8.00265  -16.713 -36.5111  24.5386  2.36578 0.741143  -0.698825  -0.689113 -0.0449871 0.000926435  -0.0077807   0.0197431   1.05823   0.71245 -0.108953  0.00282995 0.000980579 9.66035e-05 0.00759876   0.107099 -0.0139264 -0.10234  0.36178 -9.80179 
                  36  8.12844 -15.6826 -34.5684 24.6358 2.44769 0.75179  -0.709473  -0.677001 -0.0559444 0.000975938 -0.00764101   0.0196835 0.973051 0.823975 0.147565  0.00287604 0.000900672 8.96784e-05 0.00580348   0.105577 -0.0153534 -0.102463  0.362697  -9.80176 
             36.1006  8.12852 -14.5977 -32.6065   24.725  2.53843 0.793726  -0.721751  -0.660289 -0.0588852 0.000950838 -0.00751323    0.019666 0.956709 0.905574 0.265755  0.00290845 0.000790673 5.79584e-05 0.00266358   0.104012 -0.0173474 -0.103052  0.363536  -9.80172 
             36.2004  6.81493  -16.213 -28.8601  24.8268  2.64184 0.813605  -0.715284  -0.659744 -0.0721254  0.00100102 -0.00745977   0.0197151  1.00312  0.99724 0.183752  0.00321429 0.000995208 -6.1484e-05 0.00353262   0.104231 -0.0169721 -0.102164  0.363415  -9.80173 
             36.3003   6.0187 -18.5096 -25.2133  24.9213  2.75194 0.824518  -0.713544  -0.657207 -0.0831364 0.000977461  -0.0073557   0.0199273  0.957255   1.08363 0.0992021   0.00316031  0.000987712 -5.38911e-05 0.00450708   0.104764 -0.0166926 -0.101644  0.363973  -9.80172 
             36.4001  5.74617 -21.5386 -21.8897  25.0196  2.84022 0.832402  -0.711164  -0.661847 -0.0616994 0.000870123 -0.00736557   0.0197301 0.899453 0.952209 0.136566    0.0031666   0.00105634 -9.28955e-05 0.00396089   0.105278 -0.0162601 -0.101996  0.362915  -9.80175 
                36.5  6.40295 -22.7605 -21.2612  25.0964  2.94326 0.852514  -0.714101  -0.661785 -0.0725933  0.00081184 -0.00759344   0.0197066 0.768085 0.903642 0.291418   0.00313163  0.000997702 -2.56162e-06 0.00497791   0.105143 -0.0164627 -0.101918  0.363773  -9.80172 
             36.6006  7.77468 -23.4052 -23.3421  25.1715  3.01572 0.866035   -0.71313  -0.671402 -0.0575724  0.00104087 -0.00762577   0.0197206 0.732916 0.734246 0.237774   0.0030877  0.00100198 8.58476e-05 0.00679704    0.10601 -0.0151911 -0.101803  0.363477  -9.80173 
             36.7004  7.80544 -24.2256 -24.7986  25.2422  3.06482 0.894419  -0.712823  -0.664665 -0.0304399  0.00141862 -0.00745002   0.0196712 0.749718 0.562522 0.166596  0.00340981 0.000942298 6.54079e-05  0.0040052   0.106905 -0.0159082 -0.102809  0.362912  -9.80175 
             36.8003  8.08412  -25.292 -26.0479  25.3274   3.1214 0.898629  -0.715229  -0.676103 -0.0460622  0.00134286 -0.00732396   0.0197362    0.778114     0.50957 -0.00497379  0.00330923 0.000904318 7.44364e-05 0.00554219   0.105875 -0.0149259 -0.102202  0.362664  -9.80176 
             36.9001  8.49737 -28.6354 -28.4406  25.4019  3.16852 0.897434  -0.710016  -0.665727 -0.0321284  0.00149078 -0.00734805   0.0196548  0.779267  0.522813 -0.108562  0.00329671 0.000977031 8.35473e-05 0.00323881   0.107069 -0.0156706 -0.102853  0.362477  -9.80176 
             36.9999  9.28821  -29.289 -30.3831  25.4883  3.21721 0.875074 -0.712214 -0.681422 -0.025739  0.00148924 -0.00722912   0.0196671  0.719697   0.59182 -0.122268 0.00324066 0.00084091 0.00012491 0.00555671    0.10652 -0.0135812 -0.101514  0.361388  -9.80181 
             37.1006  8.58171 -27.8761 -30.8559 25.5622 3.28416  0.8514  -0.716587  -0.703901 -0.0262721  0.00155027 -0.00717264   0.0195829  0.706773  0.708011 -0.117343  0.00330621  0.00083968 0.000101253  0.0107203   0.106029 -0.0121696 -0.100674  0.361575  -9.80182 
             37.2004  7.98117 -24.3174 -28.7444   25.619  3.39018 0.852025 -0.740332 -0.688717 -0.109032  0.00143793 -0.00675818   0.0185672 0.643749 0.864742 -0.08297   0.00313106   0.00055771 -0.000154971 0.00949621   0.101129 -0.0141359 -0.10135 0.364137 -9.80171 
             37.3003  6.46288 -22.0305 -26.3948    25.68  3.47495 0.855978 -0.743231 -0.670022 -0.102877  0.00118217 -0.00682526   0.0186182   0.661087   0.870025 -0.0904172    0.0032056  0.000565333 -0.000172872 0.00531507   0.100884 -0.0156268 -0.102235   0.36435   -9.8017 
             37.4001  7.30611 -21.9545 -25.8383  25.7429  3.55593 0.847982  -0.742357  -0.668476 -0.0905144  0.00116051 -0.00681353   0.0186559   0.638094    0.85474 -0.0890827   0.00314877  0.000612403 -0.000180739 0.00480819   0.101404 -0.0158053 -0.10255 0.364246  -9.8017 
             37.4999  8.47185 -22.1095 -27.2052  25.8055  3.65964 0.845137 -0.747427 -0.664425 -0.115751  0.00103807 -0.00689055   0.0186727   0.611696   0.942139 -0.0117264   0.00308648  0.000615703 -0.000111627 0.00459153   0.100108 -0.0162047 -0.102259  0.364866  -9.80168 
             37.6006  9.77549 -21.5094 -30.2245  25.8844   3.7524 0.851262 -0.744231  -0.66484 -0.117154 0.000930501 -0.00652392    0.018545 0.673013 0.903456 0.101173   0.00303647  0.000657136 -5.96006e-05 0.00396676  0.0993613 -0.0158915 -0.101855  0.363889  -9.80172 
             37.7004  10.2862 -20.5601 -33.2057  25.9562  3.81635 0.863622  -0.742267  -0.666387 -0.0898596  0.00118849 -0.00627224   0.0184696 0.709713 0.704657 0.137952   0.00315732  0.000486122 -0.000100194 0.00276575  0.0997396 -0.0157475 -0.102512  0.362998  -9.80174 
             37.8003  10.1908 -19.2633 -36.2863  26.0386  3.89014 0.867519 -0.737843 -0.674492 -0.104939   0.0010487 -0.00618884   0.0185653  0.800258  0.617899 0.0653495   0.00312741  0.000509326 -7.41936e-05 0.00463068  0.0996173 -0.0150712 -0.101743  0.362691  -9.80176 
             37.9001  9.00384 -18.5566  -37.358   26.102  3.93839 0.868375 -0.741489 -0.670062 -0.074176 0.000993854 -0.00617466   0.0183588   0.818397   0.533685 -0.0762694   0.00310207  0.000479438 -0.000175328 0.00449938   0.100887 -0.0154066 -0.102459  0.363459  -9.80173 
                  38  7.87329 -20.0106  -38.301 26.1807 3.97821 0.85936   -0.74067   -0.66762 -0.0546961 0.000950648  -0.0062104   0.0182467  0.921777  0.495036 -0.147255    0.0031413  0.000495852 -0.000218476 0.00363437   0.101646 -0.0155757 -0.103031  0.363359  -9.80173 
             38.1006  8.46705 -21.2237 -39.8656  26.2821  4.02978 0.820089  -0.738416  -0.690455 -0.0529694 0.000740969 -0.00621706   0.0182912 0.920628 0.540288 -0.11522   0.00315278  0.000543765 -0.000197837 0.00840798   0.102235 -0.0140201 -0.102314  0.363289  -9.80174 
             38.2004   8.9679 -20.1952 -39.0514  26.3768  4.09038 0.809983   -0.73986  -0.694359 -0.0619247  0.00076254 -0.00621474   0.0182049  0.922884  0.568984 0.0467383   0.00311204  0.000151702 -0.000326531 0.00953322   0.101904 -0.0137382 -0.101925  0.363457  -9.80173 
             38.3003  8.88241 -18.2036 -38.0742  26.4795  4.17471 0.834709 -0.749008 -0.676732 -0.102639 0.000790546  -0.0061244   0.0179409 0.974492  0.65435 0.168494   0.00311607  3.29356e-05 -0.000267359 0.00783712   0.099069 -0.0147285 -0.100407  0.363732  -9.80174 
             38.4001  8.29211 -19.1114 -37.0514  26.5658  4.24084 0.867488  -0.757769  -0.659688 -0.0996251 0.000782368 -0.00606384   0.0179441 0.988301  0.64136 0.114469   0.00313734  4.82863e-05 -0.000302552  0.0048157  0.0986032 -0.0161689 -0.100956  0.364746   -9.8017 
             38.4999  8.50917 -21.8658 -37.0094  26.6663  4.29528 0.871449   -0.75636  -0.664211 -0.0883755 0.000765375 -0.00606158   0.0178387  0.993753  0.620572 0.0274192   0.00317404  9.49765e-05 -0.000310093 0.00473561  0.0987084 -0.0159158 -0.101476  0.364243  -9.80171 
             38.6006  9.77948 -24.0621  -38.047  26.7706  4.35505 0.879518 -0.755253 -0.661683 -0.089833 0.000767104 -0.00598653   0.0177316  0.961485  0.578013 0.0987244   0.00289429  0.000190846 -7.96168e-05 0.00389511  0.0981111 -0.0159502 -0.10142 0.363623 -9.80173 
             38.7004  11.6128 -24.8617 -39.7749  26.8584  4.40316 0.887419  -0.753355  -0.667341 -0.0803328 0.000831296 -0.00605221   0.0177763 0.861084 0.424822 0.166429   0.00285566  0.000169187 -9.63511e-05 0.00477272  0.0991923 -0.0156305 -0.101828  0.363899  -9.80172 
             38.8003  11.1483 -23.3955 -41.0039   26.941  4.44121 0.904962  -0.754534  -0.667528 -0.0811813 0.000813227 -0.00611583   0.0176939 0.841284 0.288297 0.210718  0.00300781 3.41797e-05 -9.4375e-05 0.00527459  0.0994339 -0.0156505 -0.101702   0.36435   -9.8017 
             38.9001  11.3111 -23.1892 -43.1582  27.0281  4.46076 0.931575  -0.753876  -0.660328 -0.0802826 0.000822585 -0.00607007   0.0177505 0.910618 0.153534 0.124937   0.00299319  7.86753e-06 -7.27947e-05 0.00292988  0.0990804 -0.0162656 -0.102328  0.363896  -9.80171 
                  39  10.2584 -25.8748 -44.5275  27.134 4.46999 0.93729  -0.749823  -0.665539 -0.0916805 0.000780939 -0.00598129   0.0176345    1.01141  0.0589215 -0.0212336   0.00304324  0.000382691 -0.000153024 0.00266211  0.0978223  -0.015642 -0.102253  0.362058  -9.80178 
             39.1006  10.3582 -28.4943 -46.0643  27.2368  4.46845 0.915713 -0.747558 -0.683892  -0.07378 0.000677324  -0.0059111   0.0176397   1.05515 0.0426558 -0.153599  0.00304882 0.000405408  -0.0001727 0.00625234  0.0987738  -0.014552 -0.102167  0.361995  -9.80179 
             39.2004  10.0702 -28.3225 -45.9209  27.3398  4.47801 0.885184  -0.750037  -0.709642 -0.0771059  0.00059953 -0.00582871   0.0176247  0.992948 0.0804958 -0.167651   0.00288057  0.000106827 -0.000257907   0.012466   0.098966 -0.0133898 -0.101033  0.362551  -9.80178 
             39.3003  7.73229  -24.895 -44.1575  27.4321  4.48978 0.874098  -0.752965   -0.70312 -0.0802289 0.000517886 -0.00581836   0.0175043  0.959587 0.0787738 -0.169421   0.00299994 -0.000230955 -0.000410664  0.0117204  0.0990328 -0.0139973 -0.100989  0.363288  -9.80175 
             39.4001  6.69802 -22.3518 -43.9004  27.5242  4.49866 0.862302  -0.755548  -0.690805 -0.0788157 0.000386676 -0.00584881   0.0174357  0.934119 0.0632294 -0.205347   0.00298909 -0.000146017 -0.000257252 0.00954857  0.0993196 -0.0149436 -0.101297  0.364103  -9.80172 
                39.5  5.80016 -19.9621 -44.2373  27.6196  4.50056 0.845637  -0.752266  -0.687155 -0.0754774 0.000419272 -0.00580166   0.0175737  0.943686 0.0451055 -0.162516     0.002998 -0.000160525 -0.000267312 0.00765448  0.0988736 -0.0149552 -0.101895  0.363034  -9.80175 
             39.6006  5.44906  -20.157 -47.0341  27.7119  4.50473 0.834925  -0.752696  -0.686491 -0.0696108 0.000438201 -0.00586295   0.0175851   0.946824  0.0238962 -0.0405003   0.00300137 -0.000130033 -0.000221604 0.00754961  0.0996175 -0.0151689 -0.102189  0.363718  -9.80172 
             39.7004  6.11746  -21.075 -51.1773  27.8108  4.50945 0.850698  -0.752663  -0.673953 -0.0819872 0.000408471  -0.0056545   0.0174075  0.900869 0.0315345  0.219568   0.00309287 -9.03366e-05  3.41629e-06 0.00469321  0.0980009 -0.0159301 -0.102149  0.362648  -9.80176 
             39.8003  7.38485 -21.0899 -55.8951   27.903  4.51155 0.878946  -0.751585  -0.670247 -0.0890558  0.00034928 -0.00556606   0.0173472   0.869873 -0.0265849   0.285232   0.00305745 -0.000134377  6.18378e-05 0.00398661  0.0973327 -0.0162155 -0.101931  0.362062  -9.80179 
             39.9001  8.89769 -21.6501 -61.3065  27.9921  4.51291 0.892706  -0.751182  -0.674487 -0.0929128 0.000187563 -0.00573519   0.0174032   0.887368 -0.0302997   0.152762   0.00306168 -0.000118814  0.000123929 0.00650739   0.097702 -0.0154115 -0.100556  0.362269  -9.80179 
                  40  9.36047 -23.6464  -65.567   28.077   4.4859 0.898131  -0.752718  -0.690599 -0.0721252  0.00033921 -0.00565728   0.0172243   0.948083  -0.114861 -0.0709101   0.00321579 -3.73409e-05 -9.01722e-05 0.00519767  0.0971053 -0.0148439 -0.104077  0.361361  -9.80179 
             40.1006  10.0927 -26.6767 -69.2384  28.1724  4.47221 0.886917  -0.754101  -0.686979 -0.0673065 0.000434408 -0.00567965    0.017179    1.0415 -0.112814 -0.229149   0.00321487 -1.52661e-05 -0.000100136 0.00367076  0.0972476 -0.0151711 -0.104876  0.361722  -9.80177 
             40.2005  10.7703 -26.6106 -71.1382  28.2785  4.46495 0.850491  -0.752709  -0.699354 -0.0669861 0.000371708 -0.00560779   0.0171346    1.07192 -0.0230282  -0.276874   0.00307953 -0.000316485 -0.000212162 0.00681947  0.0982085 -0.0145188 -0.104271  0.362235  -9.80175 
             40.3003  10.8884 -23.9819 -70.8144  28.3814  4.46994 0.819192  -0.75248  -0.70984 -0.069994 0.000379897 -0.00547796   0.0168746  0.993694 0.0702697 -0.154722   0.00304346 -0.000412346 -0.000296949 0.00997203  0.0994204 -0.0141553 -0.103389  0.363239  -9.80173 
             40.4002  10.4448 -18.8629 -69.8836  28.4711  4.48181 0.824952  -0.765214  -0.695875 -0.0658534 -1.63744e-05  -0.00541124    0.0167385    0.986857   0.0374442 -0.00492813   0.00306782 -0.000560525 -0.000322224 0.00778405  0.0996767 -0.0157077 -0.103136  0.365687  -9.80164 
                40.5  8.21631 -16.3081 -68.2374  28.5623  4.48677 0.829029 -0.771339 -0.693257 -0.060225 -0.000190567  -0.00536576    0.0165851    1.00444 0.00106391  0.0270734   0.00317108 -0.000510713 -0.000397432 0.00754182   0.101171 -0.0162025 -0.103122  0.368013  -9.80155 
             40.6003  7.78464 -17.8442 -69.0023  28.6534  4.49105 0.833463  -0.778914   -0.69135 -0.0517639 -0.000251773  -0.00541361    0.0166276     1.00254   0.0738215 -0.00846544  0.00319909 -0.00042595 -0.00037699 0.00672496   0.102633 -0.0166697 -0.10366 0.370551 -9.80145 
             40.7001  8.66606  -21.115 -71.8369  28.7543  4.49906 0.831254  -0.775449  -0.693596 -0.0518474 -0.000255709  -0.00533283    0.0164858   0.960545   0.149141 -0.0112487   0.00315075 -0.000344504 -0.000319617  0.006636  0.102144 -0.016474 -0.104086  0.369564  -9.80148 
             40.7999  8.95519 -21.9557 -75.8136  28.8527  4.50884 0.839917 -0.771459 -0.694086 -0.051587 -0.000227568  -0.00509726    0.0163406  0.95473 0.154885  0.17976   0.00316961  -0.00035682 -0.000272455 0.00565808   0.100954 -0.0165046 -0.104975  0.367952  -9.80153 
             40.9006  9.81992 -21.1643 -80.4658  28.9512  4.51503 0.864017  -0.766736   -0.69809 -0.0504821 -0.000198584   -0.0048333    0.0163835 0.966708 0.104629  0.23556   0.00315441 -0.000424996 -0.000222983 0.00476206  0.0999123 -0.0164352 -0.106367  0.366342  -9.80158 
             41.0004  8.36045 -22.2237 -83.4118  29.0513  4.51845 0.885031  -0.763528  -0.703351 -0.0495357 -0.000171167  -0.00476765    0.0163917   1.04449 0.0649637  0.143247    0.0034214  -0.00031482 -0.000339719 0.00418717  0.0992428 -0.0163039 -0.10768 0.365295  -9.8016 
             41.1002   7.4177 -22.6377 -84.6646  29.1624  4.53378 0.886493  -0.765785  -0.693809 -0.0546948 -0.000261056  -0.00464291    0.0163339   1.14071 0.0644692 -0.157557   0.00326916 -0.000420847 -0.000360544 0.00633768   0.100259 -0.0164182 -0.104372  0.366383   -9.8016 
             41.2001    6.876 -24.4448 -86.1506 29.2637 4.54336 0.87031   -0.77748  -0.692441 -0.0402891 -0.000182538  -0.00472437    0.0163168   1.21295 0.0755033 -0.301247   0.00336855 -0.000435274 -0.000412722 0.00424041   0.102249 -0.0170508 -0.105873  0.370261  -9.80144 
             41.2999  7.56115 -24.2796 -86.2761  29.3726  4.55454 0.830454  -0.776052  -0.710181 -0.0273027 -0.000235412  -0.00473995    0.0163616   1.22039  0.164822 -0.239644   0.00328775 -0.000498325 -0.000482496 0.00621149    0.10634 -0.0164135 -0.107095  0.373718  -9.80129 
             41.4006  8.44525 -22.1569 -85.4458  29.4975  4.57724 0.799146  -0.767519  -0.725834 -0.0334153 -0.000138839  -0.00481435     0.016191    1.19064   0.266465 -0.0799582   0.00310667 -0.000695758 -0.000615605   0.010379   0.107515 -0.0151677 -0.106175  0.373099  -9.80133 
             41.5004  7.28957 -18.1163  -82.558  29.6133  4.60784 0.803894  -0.776785  -0.716056 -0.0301258 -0.000355865  -0.00479519    0.0162337    1.19943   0.286077 -0.0678368   0.00321373 -0.000991503 -0.000945619 0.00854329   0.107094 -0.0162427 -0.105966  0.374326  -9.80128 
             41.6002  4.93114 -15.9772  -78.653  29.7359  4.64357 0.801111  -0.783811  -0.704592 -0.0314314 -0.000456681   -0.0047647    0.0161909   1.23333  0.360923 -0.136296   0.00331344 -0.000997215  -0.00100044 0.00794357   0.106693 -0.0170852 -0.104495   0.37507  -9.80127 
             41.7001  3.57974 -16.4707 -75.3668 29.8651 4.68929 0.79493  -0.787992  -0.692572 -0.0359159 -0.000399766  -0.00478038    0.0161797   1.25701  0.512069 -0.146812   0.00328464 -0.000926834 -0.000985094 0.00693407   0.105311 -0.0180781 -0.103266  0.374562   -9.8013 
             41.7999  4.04573 -18.1676 -75.8524 29.9975 4.74966 0.77682  -0.785921  -0.689023 -0.0395211 -0.000508071  -0.00483283      0.01629    1.28843   0.704775 -0.0897026    0.0032323 -0.000790814 -0.000679284 0.00875648   0.105085  -0.017804 -0.101221   0.37383  -9.80135 
             41.9006  6.63962 -17.9316 -77.7969  30.1281  4.82289 0.777455  -0.785288  -0.685118 -0.0409502 -0.000571261  -0.00482849     0.016269   1.21419  0.678499 0.0532192   0.00319087 -0.000819273 -0.000644199 0.00912863    0.10456  -0.017988 -0.100274  0.373242  -9.80138 
             42.0004  6.41827 -15.6166 -77.3351  30.2532  4.87974 0.791994  -0.779996  -0.684046 -0.0439635 -0.000627401  -0.00459799    0.0163332  1.14935 0.523018 0.114599   0.00341123  -0.00116529 -0.000738242 0.00838025   0.102555 -0.0187131 -0.100623  0.370764  -9.80147 
             42.1003  6.11851 -12.9605 -76.2701   30.353  4.93156 0.816518  -0.791477  -0.685459 -0.0400686 -0.000587226  -0.00470768    0.0164058   1.10256  0.475088 0.0654277   0.00337167  -0.00123222 -0.000763379 0.00614619   0.103733  -0.020131 -0.102441  0.373789  -9.80134 
             42.2001  4.32982 -12.8845 -74.0149   30.469  4.97288 0.803428  -0.78654 -0.692124 -0.042349 -0.000595738  -0.00460264    0.0164008    1.1403  0.449156 -0.136641   0.00342833  -0.00113249 -0.000768594 0.00725179   0.102936  -0.018929 -0.102717  0.372163   -9.8014 
             42.3003  4.25735 -13.9847 -72.8058  30.605 5.00918 0.79294   -0.77298  -0.688386 -0.0566713 -0.000568986  -0.00456299    0.0162148    1.25379   0.483721 -0.0924069   0.00340183  -0.00109578 -0.000740777 0.00593343   0.100329  -0.019065 -0.103145  0.367654  -9.80156 
             42.4002  6.43055 -15.3252 -72.8629  30.7321   5.0643 0.784702  -0.774761  -0.689374 -0.0554723 -0.000641339  -0.00462261    0.0162816   1.26546  0.575944 0.0479913   0.00324208  -0.00106819 -0.000641289 0.00718247   0.100498 -0.0188052 -0.10226 0.368069 -9.80156 
                42.5  7.38439  -15.776 -70.1255  30.8534   5.1094 0.787572 -0.770913 -0.698312 -0.056041 -0.000629045   -0.0047069    0.0162697  1.19007 0.588421 0.164141   0.00321057  -0.00104317 -0.000697059 0.00583343   0.100078 -0.0180472 -0.104791  0.366896  -9.80158 
             42.6006  6.71512 -14.1674 -64.5682  30.9502  5.18851 0.815933  -0.783076  -0.688861 -0.0498934 -0.000738027  -0.00437068    0.0160769  1.10089  0.66213 0.175234    0.0032336  -0.00109924 -0.000755513 0.00595838   0.102811 -0.0191338 -0.103561  0.371321  -9.80142 
             42.7005  5.25882 -14.4923 -59.1821 31.0545 5.24621 0.82011  -0.783485  -0.697629 -0.0485707 -0.000803409  -0.00441829    0.0160722    1.0907   0.66793 0.0510495   0.00329481  -0.00103791 -0.000816173 0.00592699   0.103034 -0.0183599 -0.104999  0.371355  -9.80141 
             42.8003  5.56913  -17.166 -57.0658  31.1579   5.3275 0.809369  -0.785704  -0.696347 -0.0476467 -0.000883226  -0.00451627     0.016258    1.03207   0.840454 0.00910513   0.00324024 -0.000962632 -0.000768582  0.0073931   0.104077 -0.0175901 -0.103848  0.372551  -9.80137 
             42.9001  6.38859 -19.2852 -56.9382   31.251  5.43183 0.836893  -0.793754  -0.688557 -0.0479614 -0.000765274  -0.00478806    0.0164044  0.95781 0.913385 0.130695   0.00328671  -0.00102056 -0.000703116 0.00718571   0.104578 -0.0192616 -0.102849  0.374618   -9.8013 
                  43  7.23805 -19.8174 -57.5888  31.3478  5.50141 0.844714  -0.789214  -0.692943 -0.0467214 -0.00071992 -0.00452678   0.0163933 0.903671 0.692488 0.200935   0.00330611 -0.000961534 -0.000697812 0.00676266   0.104255 -0.0185036 -0.103779  0.373386  -9.80134 
             43.1006   6.2875 -18.3359 -58.3795   31.439  5.53793 0.863442  -0.784459  -0.701718 -0.0447424 -0.000492917  -0.00408909    0.0166082 0.895114 0.446453 0.227995   0.00372677  -0.00117357 -0.000619131 0.00535377    0.10361  -0.018024 -0.105934  0.371682  -9.80138 
             43.2005  6.37193 -18.2137 -58.2061  31.5255  5.56656 0.883769  -0.783552  -0.706557 -0.0432151 -0.000371351  -0.00401088    0.0166524 0.895887 0.280237 0.154296   0.00346812   -0.0010412 -0.000772317 0.00442407   0.103501 -0.0178755 -0.107273  0.371131  -9.80139 
             43.3003  4.95422 -20.1766 -58.4107  31.6095  5.59359 0.903473  -0.785033  -0.699642 -0.0368449 -0.000330452  -0.00410952    0.0166661  0.923437  0.195731 0.0744942  0.00350559 -0.00106667 -0.00076903 0.00357776   0.104407 -0.0186199 -0.107209  0.372288  -9.80135 
             43.4001  5.13759 -23.9167 -60.3532  31.7116  5.60667 0.897124  -0.785358  -0.710803 -0.0409204 -0.000491264  -0.00398656    0.0165831   1.00289  0.189081 0.0522327   0.00358937 -0.000900555 -0.000608843 0.00516618   0.103254 -0.0175067 -0.107348  0.371042  -9.80139 
                43.5   6.2367 -25.7902 -62.1534  31.8011  5.60922 0.894356 -0.782236 -0.724852 -0.017916 -0.00036001 -0.00393209    0.016545  0.981341  0.189119 0.0634866   0.00358192 -0.000914796 -0.000620509 0.00518026    0.10447 -0.0165626 -0.109705  0.371011  -9.80137 
             43.6006  6.20343 -25.6426 -62.5525  31.8926  5.62785 0.900431   -0.782212    -0.72931 -0.00743713 -0.000333566  -0.00395045    0.0165205  0.961763  0.203629 0.0821604   0.00351693 -0.000970054 -0.000667228 0.00579516   0.105471 -0.0164367 -0.110155  0.371805  -9.80133 
             43.7005  5.03093 -24.5591 -61.1124  31.9919  5.65028 0.910297  -0.78282 -0.724082 -0.010877 -0.000351728  -0.00395891    0.0165271   1.02739  0.202445 0.0182228   0.00364435  -0.00107238 -0.000932636 0.00507918   0.105291 -0.0167894 -0.10989 0.371841 -9.80133 
             43.8003  2.79305 -24.5165 -59.5066  32.1073   5.6796 0.905586  -0.784973  -0.724254 -0.0312198 -0.000282328  -0.00388144     0.016548    1.08813   0.245618 -0.0559078   0.00365997  -0.00105407 -0.000868397 0.00681325   0.103801 -0.0165328 -0.108258  0.371099  -9.80138 
             43.9001 0.917288 -26.0345 -58.4304  32.2281   5.6973 0.892569  -0.780641  -0.731413 -0.0380529 -0.000231962  -0.00385428    0.0165266   1.14852  0.257665 -0.100652   0.00371523 -0.000993066 -0.000845718  0.0072602   0.102385 -0.0156688 -0.10859 0.369005 -9.80146 
                  44 0.745369 -26.9365 -58.7947  32.3391  5.72668 0.891345  -0.782515  -0.724754 -0.0384751 -0.000223014  -0.00387996    0.0165292    1.08602   0.269029 -0.0175923   0.00368114 -0.000984213 -0.000803231 0.00618553   0.102517 -0.0162091 -0.108453  0.369548  -9.80144 
             44.1006  1.48408 -27.2291 -61.0829  32.4598  5.74852 0.886291  -0.781443  -0.730888 -0.0509507 -0.000339388  -0.00375782    0.0165075   1.00665   0.16432 0.0724957   0.00364059 -0.000934585 -0.000741934 0.00779061   0.100797 -0.0154338 -0.107803  0.367742  -9.80151 
             44.2004  2.17554 -28.1835 -65.2682   32.558  5.76339 0.899091   -0.78157  -0.726527 -0.0523764 -0.000350883  -0.00376801    0.0165056  0.948391 0.0605684 0.0939107   0.00385903 -0.000913211 -0.000410986 0.00713581   0.100901 -0.0157501 -0.107635  0.367945  -9.80151 
             44.3003   2.7766 -27.1934 -68.0595   32.641  5.77627 0.925355  -0.779774  -0.711608 -0.0450043 -0.000328436  -0.00384545    0.0164719   0.92369 0.0578662  0.111995   0.00378069 -0.000992083 -0.000399499 0.00474235   0.102554 -0.0168018 -0.107428  0.369418  -9.80145 
             44.4001 0.512262  -26.859 -68.3095  32.7117  5.76903 0.924895  -0.782809  -0.723281 -0.0126901 -0.000214449  -0.00383616    0.0163599     0.92231   0.0115012 -0.00158314   0.00392239  -0.00101411 -0.000535177 0.00559886   0.103712 -0.0162307 -0.109016  0.370806  -9.80138 
             44.4999  -1.1015 -29.6114 -67.7404    32.79  5.76303 0.925545  -0.780891  -0.727713 0.00756036 -0.000244609  -0.00391559    0.0162316    0.939725   0.0745127 -0.00749477   0.00379776 -0.000599533  -0.00059029  0.0045962   0.105088 -0.0160623 -0.110756  0.371613  -9.80133 
             44.6006 -0.500704  -31.6188  -66.4156  32.8717  5.76734 0.921071 -0.780723 -0.738887 0.0200728 -0.000361193  -0.00397866    0.0162815  0.789564  0.180605 0.0664841   0.00366457 -0.000571677 -0.000639666  0.0056172   0.105487 -0.0155184 -0.111815  0.371754  -9.80132 
             44.7004 -0.13811 -31.6084 -65.1124  32.9492  5.80083 0.922327 -0.785289 -0.739011 0.0214651 -0.000396868  -0.00384486    0.0162268   0.74167  0.334416 0.0534546   0.00353609 -0.000684858  -0.00059143 0.00816432   0.105619 -0.0156512 -0.109973  0.372723   -9.8013 
             44.8003 -1.07755 -32.3639 -63.7804  33.0075  5.83863 0.934848 -0.783151 -0.732302 0.0366025 -0.000411149  -0.00382575    0.0162799  0.670039  0.449502 -0.040279    0.0036235 -0.000687492 -0.000668733 0.00613819   0.107683 -0.0163039 -0.110701  0.374409  -9.80123 
             44.9001 -2.33295 -32.0645 -62.2603  33.0816  5.89327 0.928179 -0.783288 -0.726826 0.0263849 -0.000405845   -0.0038221    0.0162565  0.62125 0.584888 -0.14483   0.00356977 -0.000774253 -0.000652872 0.00613207   0.106997 -0.0165372 -0.109711  0.373902  -9.80126 
             44.9999 -2.09412 -31.9144 -62.4832  33.1617  5.95052 0.912756  -0.782663  -0.726487 0.00778351 -0.000410113  -0.00371924    0.0162779  0.579299  0.659982 -0.114909   0.00347524 -0.000751642  -0.00059749 0.00615044   0.104737 -0.0162121 -0.109329  0.371685  -9.80135 
             45.1006 -1.03144  -30.824 -64.2462  33.2168  6.02297 0.893121   -0.78572  -0.730419 0.00714746 -0.000446455  -0.00380039    0.0162318   0.418534   0.699651 -0.0947899   0.00349637  -0.00080655 -0.000532129 0.00795913   0.103909 -0.0158238 -0.108568  0.371352  -9.80137 
             45.2004 0.0932512  -28.9662  -67.2012  33.2598   6.0975 0.890632  -0.784095  -0.724612 0.00192573 -0.000550731  -0.00377877    0.0162469  0.296837  0.697488 -0.108152    0.0036398 -0.000911635  -0.00038208 0.00717263   0.103952 -0.0162968 -0.108135   0.37127  -9.80137 
             45.3002  2.09433 -26.0209 -68.3334  33.2889  6.17119 0.872905  -0.786775  -0.724262 0.00316023 -0.000599597  -0.00381657    0.0161601  0.157045  0.688541 -0.132366   0.00350653   -0.0009127 -0.000380544 0.00840222   0.103286 -0.0161413 -0.107162  0.371145  -9.80139 
             45.4001  1.81198 -23.1756 -68.3925  33.2855  6.23891 0.866627 -0.784155 -0.722526 0.0128613 -0.000597075  -0.00384177    0.0161474 0.00725387   0.660554  -0.123143   0.00356345 -0.000970656 -0.000430053 0.00753287   0.105012 -0.0165354 -0.107719  0.372357  -9.80134 
             45.4999  1.81598 -22.1839 -68.3328  33.2686  6.29753 0.854161 -0.784718 -0.728295 0.0215147 -0.000570226   -0.0038758    0.0161229 -0.0900848   0.659737  -0.127897   0.00361247 -0.000906456 -0.000468888 0.00707724   0.105935 -0.0163011 -0.109125  0.373085  -9.80129 
             45.6006  1.35275 -21.5555 -67.9509  33.2577   6.3554 0.847778 -0.781511 -0.729575 0.0137937 -0.000536735  -0.00393627     0.016012 -0.0929104   0.616675 -0.0772274   0.00365545 -0.000862899 -0.000489513 0.00552201    0.10608 -0.0163095 -0.110447  0.372536   -9.8013 
             45.7004  1.27865 -20.5572 -68.2804  33.2374   6.4124 0.850813 -0.778154 -0.728436 0.0181393 -0.000480869  -0.00397274    0.0159731 -0.121294  0.550415 0.0221481    0.0036992 -0.000803672 -0.000371932 0.00397739   0.107611 -0.0167506 -0.111553  0.373369  -9.80126 
             45.8002  1.77304 -18.9086 -68.3165  33.2294  6.46095 0.849446 -0.781027 -0.733641 0.0140734 -0.000513338  -0.00395104    0.0159767 -0.192168  0.436694   0.12749   0.00362048  -0.00081312 -0.000413632 0.00527017   0.106181 -0.0160368 -0.111289   0.37244   -9.8013 
             45.9001  2.39065 -17.8536 -70.6227  33.2219  6.49898 0.870615    -0.773865    -0.726622 -0.000223035 -0.000602089  -0.00382336    0.0159557 -0.194706  0.283661  0.188402   0.00358734 -0.000809658 -0.000316035 0.00446623   0.105348 -0.0166461  -0.1106 0.370695 -9.80137 
             46.0003  2.22328 -18.5215 -75.0261  33.2068  6.51323 0.896548  -0.766184  -0.730129 -0.0122241 -0.000550639  -0.00340374    0.0157815 -0.177384  0.173355   0.22257    0.0036372 -0.000749373 -0.000214283 0.00250003   0.104412 -0.0168934 -0.112543  0.368594  -9.80143 
             46.1002  1.52297 -20.7457 -80.0228 33.1889 6.51864 0.91841  -0.763923  -0.739061 -0.0163814 -0.000495616  -0.00305533    0.0155223 -0.159412  0.111269  0.226339   0.00372204 -0.000711496  -0.00022652 0.00149258   0.103437 -0.0165082 -0.114731  0.367265  -9.80145 
                46.2  1.07492 -22.8427 -86.0616  33.1765  6.52416 0.932308  -0.764634   -0.74858 -0.0184451 -0.000604052  -0.00286972    0.0154724 -0.112852  0.108218  0.155832   0.00368258 -0.000710271 -0.000183924 0.00239669   0.102402 -0.0158061 -0.11552 0.366361 -9.80148 
             46.3006 0.885769 -24.8162 -92.2658 33.1753 6.54074 0.93365  -0.764536  -0.751672 -0.0251464 -0.000827592  -0.00287416    0.0155574 -0.0845492   0.186987 0.00600503   0.00369019 -0.000718811 -0.000185046 0.00448785   0.101524 -0.0154007 -0.11427 0.365427 -9.80152 
             46.4005  1.63876 -24.8591 -98.9343  33.1446  6.56293 0.932983   -0.769227   -0.754815 -0.00833603 -0.000518723  -0.00291301    0.0155036  -0.120063   0.228895 -0.0834519   0.00363383  -0.00108484 -9.97653e-05 0.00322809   0.103623 -0.0153657 -0.11581  0.36827  -9.8014 
             46.5003  2.27067  -23.628 -104.837 33.1235 6.58842  0.9258     -0.77142    -0.755651 -0.000314003 -0.000410857  -0.00292171    0.0154555 -0.0758445   0.220747 -0.0937663   0.00364205  -0.00115428 -0.000141076 0.00275816   0.105088  -0.015478 -0.11623 0.370048 -9.80133 
             46.6001  2.55133 -22.1018  -108.89  33.0684  6.60397 0.918354 -0.771208 -0.774419 0.0168052 -0.00018147 -0.00295096   0.0157313 -0.102253  0.120071 -0.104656   0.00364883  -0.00115855 -0.000239749 -0.00126769     0.10985   -0.014928 -0.122295  0.375197  -9.80106 
                46.7  2.52529 -19.8541 -111.057  33.0541  6.62235 0.910904 -0.774788 -0.773534 0.0248061 -0.000257721  -0.00281414     0.015656 -0.0266507  0.0465863 -0.0513606   0.00366222  -0.00117648 -0.000296459 -0.000845943     0.111647   -0.0152174 -0.121453  0.377327  -9.80099 
             46.8002  2.19154 -17.7267 -109.174 33.0514 6.64326 0.92504 -0.784549 -0.760233 0.0355863 -0.000569353  -0.00233703     0.015624    0.044003 -0.00249991   0.0897555   0.00362942  -0.00126083 -0.000432795 -0.000904851     0.113354   -0.0165262 -0.118671  0.380046  -9.80092 
             46.9001  2.37924 -17.4377 -105.929  33.0776  6.64044 0.937166 -0.781417 -0.749883 0.0292551 -0.000295945  -0.00215833    0.0155363   0.172253 -0.0655997   0.198225   0.00363106  -0.00124641 -0.000491183 0.000208341    0.111905   -0.016717 -0.116557  0.377757  -9.80103 
             47.0003  2.76514 -19.2772 -101.092   33.119  6.62477 0.957208 -0.771401 -0.743213 0.0176338 7.26983e-05 -0.00220682   0.0152657   0.288819 -0.0848744   0.238111  0.00354453 -0.00119981 -0.00050877 0.00087053   0.109866 -0.0167395 -0.115746  0.374076  -9.80118 
             47.1001  2.70491 -21.6853 -95.0909  33.1626  6.60507 0.975882  -0.759701  -0.746114 0.00746641 0.000213331  -0.0023625   0.0149913    0.36446 -0.0774067   0.195101   0.00348085  -0.00113178 -0.000533887 0.00131866   0.108431 -0.0165092  -0.1165 0.370992 -9.80129 
                47.2  2.40978 -24.0671 -89.0391  33.2161  6.59313 0.984563    -0.749665     -0.74489 -0.000260943 0.000272361 -0.00236643   0.0148934   0.446189 -0.0283515  0.0736394  0.00336421 -0.00106992 -0.00053939 0.00248307    0.10766 -0.0162642 -0.115879  0.368508  -9.80139 
             47.3006  2.18948 -25.9087  -83.255  33.2903  6.58698 0.986644  -0.738763  -0.735611 -0.0101714 0.000377017 -0.00235117   0.0147664     0.5092  0.0147269 -0.0225438   0.00330036  -0.00104056 -0.000469045 0.00340364    0.10593 -0.0164546 -0.114258  0.364893  -9.80154 
             47.4004  2.20309 -26.5014 -77.4711  33.3422  6.59012 0.969645  -0.737018  -0.738598 -0.0107145 0.000370258  -0.0023906   0.0147019   0.45022 0.0263647 -0.127097   0.00313475 -0.000986871 -0.000342251 0.00494526   0.106147 -0.0159054 -0.113637  0.364684  -9.80156 
             47.5003  2.80362 -26.4036 -73.7952  33.3691  6.60192 0.970259   -0.743748   -0.734327 -0.00497756 0.000384467  -0.0024887   0.0146511  0.317435 0.0225389 -0.129863  0.00320269 -0.00102618 -0.00028243 0.00379222   0.107559   -0.01692 -0.113484   0.36718  -9.80147 
             47.6001  3.38295 -25.4497 -72.2371  33.3812  6.60651 0.954747  -0.745721  -0.740637 0.00316525 0.000596252 -0.00262329   0.0145568  0.179258 0.0111324 -0.131296   0.00343599  -0.00114066 -9.49903e-05 0.00411484   0.109425 -0.0167073 -0.114198  0.369278  -9.80138 
                47.7  4.20099 -24.7202  -72.492  33.3686  6.60729 0.949816 -0.744293 -0.744748 0.0161833  0.00104438 -0.00268729   0.0144843 -0.000105218   -0.0188987   -0.0787946   0.00347233  -0.00113494 -0.000113391 0.00226297   0.112703 -0.0169367 -0.116333  0.372239  -9.80124 
             47.8006  4.37756 -23.7736  -73.584 33.3424  6.5984  0.9392 -0.743614 -0.754526 0.0287523  0.00151937 -0.00261449   0.0143667  -0.190728 -0.0605496 -0.0597872   0.00352332  -0.00110387 -9.25899e-05 0.00180637   0.114477 -0.0162432 -0.118448  0.373737  -9.80116 
             47.9004  4.63678 -23.6888 -76.4987  33.3119  6.59303 0.933303 -0.744269 -0.756188   0.03625  0.00170339 -0.00269029   0.0143076  -0.276613 -0.0535903 -0.0565856  0.00366548 -0.00100979 0.000134288 0.00162083   0.115485 -0.0161806 -0.11895 0.374773 -9.80112 
             48.0003  4.35498 -23.4373 -79.9777  33.2619  6.58477 0.927361 -0.745733 -0.761866 0.0529284  0.00217854 -0.00273006   0.0140902  -0.351272 -0.0346979  -0.060235  0.00371097 -0.00102659 0.000103825 0.000552598    0.117485  -0.0158839 -0.120911  0.376777  -9.80102 
             48.1001  3.73819 -23.1574 -83.0336  33.2256  6.56779 0.936426 -0.737807 -0.761753 0.0417791  0.00232575 -0.00256625    0.013979   -0.34421  -0.049877 -0.0133315    0.0037445 -0.000976615  5.97671e-05 -0.00313959    0.117426  -0.0163994 -0.123626  0.375499  -9.80103 
                48.2  3.34827  -23.043 -86.4674  33.1839   6.5702 0.938027 -0.738961 -0.758383 0.0481063  0.00241463 -0.00266981    0.013945    -0.3252 0.00503373 -0.0280792  0.00367605 -0.00110781 0.000221555 -0.00352294    0.118646  -0.0167469 -0.123457  0.376819  -9.80098 
             48.3006  2.95983 -22.9123 -89.0964  33.1555  6.56597 0.929996 -0.738016   -0.7626 0.0461225 0.00239657 -0.0026385   0.013951  -0.279005 0.00265972 -0.0652561  0.00364586 -0.00108411 0.000192924 -0.00341035    0.118019  -0.0163662 -0.124038  0.376078    -9.801 
             48.4004  2.72648 -22.2115 -91.5424   33.123  6.57456 0.930274 -0.740828 -0.757085 0.0503195  0.00242037 -0.00266131   0.0139182   -0.22703  0.0335156 -0.0492083   0.0037375 -0.00118639 5.05929e-05 -0.00376566    0.119145  -0.0169925 -0.123387   0.37754  -9.80096 
             48.5003  2.96452 -21.5747 -93.6346  33.1089  6.57748 0.925227 -0.739586  -0.75591   0.04734 0.00240644 -0.0026499  0.0139068  -0.159238  0.0437407 -0.0380394  0.00371788 -0.00119605 6.97673e-05 -0.0035038   0.118509 -0.0169572 -0.123018   0.37677  -9.80099 
             48.6001  2.72333 -20.9156 -94.6467  33.1112  6.58018 0.914158  -0.73528 -0.755293 0.0408254  0.00241258 -0.00262601   0.0138583 -0.0721508  0.0627279 -0.0494131   0.0037104 -0.00120125 7.42094e-05 -0.00207453    0.117201  -0.0164968 -0.121962  0.374827  -9.80108 
             48.6999  2.88105 -20.4108 -95.5094  33.0893  6.58521 0.921325 -0.739624 -0.756405 0.0456749  0.00241608 -0.00265341   0.0139182 -0.0679715  0.0687063 -0.0115225   0.0037017  -0.0012167 5.51603e-05 -0.00430642    0.117901  -0.0170903 -0.123683  0.376368    -9.801 
             48.8006  3.10565 -19.9709  -96.177  33.0775  6.59943 0.916925 -0.742572 -0.756979 0.0488158  0.00237511 -0.00265581   0.0139552 -0.0550942   0.102175 -0.0124255  0.00367484 -0.00123287 6.39922e-05 -0.00367761    0.118962   -0.016995 -0.123153  0.377645  -9.80095 
             48.9004  3.00477 -19.4873 -96.4079  33.0661  6.60239 0.916134 -0.741719 -0.762303  0.048486  0.00239645 -0.00268024   0.0139647 -0.0422801  0.0672256  0.0307559  0.00372149 -0.00122726 1.66828e-05 -0.0043123      0.119 -0.0167528 -0.124516  0.377704  -9.80093 
             49.0003  2.90534 -19.4497 -97.0393  33.0574  6.61422 0.921525 -0.744422 -0.762112 0.0503915   0.0023876 -0.00270317   0.0139866 -0.0348132   0.103204  0.0363738  0.00375954 -0.00125351 8.75408e-06 -0.00441155    0.119554   -0.016856 -0.124425  0.378594   -9.8009 
             49.1001   3.2176 -20.5035 -98.1177  33.0566  6.62283 0.931245 -0.743732 -0.760982  0.049243  0.00242262 -0.00266778   0.0139401 -0.0032493   0.125673  0.0516453  0.00366917 -0.00115989 1.40118e-05 -0.00512083    0.119054  -0.0171561 -0.124835  0.378147  -9.80091 
                49.2  3.56366 -20.9435 -100.316  33.0632   6.6249 0.924641 -0.737146 -0.767422 0.0455255  0.00237752 -0.00254414   0.0138976 0.0639403  0.104971 0.0267428  0.00364582 -0.00109239 5.67538e-05 -0.00463912    0.118177  -0.0163591 -0.125856  0.376441  -9.80097 
             49.3006  3.87833 -21.2342 -102.757  33.0759  6.63621 0.928244  -0.73687 -0.766322 0.0455276  0.00235713 -0.00255138   0.0138991  0.155745  0.114917 0.0499133  0.00363689  -0.0011133 6.13298e-05 -0.00442307    0.118124  -0.0163902 -0.125527  0.376302  -9.80098 
             49.4005  3.83096 -21.5754 -104.513  33.0927  6.64855 0.930971 -0.737512 -0.767976 0.0460299  0.00237007 -0.00256387   0.0138962  0.234058  0.121897 0.0387376  0.00377755  -0.0011992 2.74827e-05 -0.00431216    0.118447  -0.0162063 -0.125662  0.376689  -9.80096 
             49.5003  3.25063 -22.0602 -105.258  33.1244  6.66422 0.938092 -0.738405 -0.761235 0.0460284  0.00233032 -0.00255085   0.0139082  0.277176  0.149577 0.0143956     0.003756  -0.00123437 -4.65231e-05 -0.00405032    0.118132  -0.0167408 -0.124361  0.376367  -9.80099 
             49.6002  3.32474 -22.1542 -106.135  33.1553  6.67546 0.935182 -0.734565 -0.763396 0.0440933  0.00234675 -0.00253364   0.0139112   0.301188   0.139883 -0.0357844  0.00358614 -0.00125087 3.74654e-05 -0.00406938    0.117494  -0.0164924 -0.124952  0.375306  -9.80102 
                49.7  4.05162 -21.7743 -107.839 33.1829 6.68055  0.9254 -0.727532 -0.773429 0.0400554  0.00244319 -0.00248999   0.0139465   0.283742  0.0960875 -0.0643943  0.00362979 -0.00121391   5.519e-05 -0.00490728    0.116629  -0.0156504 -0.127636  0.373907  -9.80104 
             49.8002  4.79821  -21.157 -108.566  33.2022  6.69214 0.924992 -0.732538 -0.774688 0.0429268  0.00246967 -0.00252287   0.0140005   0.234885  0.0940929 -0.0217443  0.00359744 -0.00123988 4.28995e-05 -0.00651019     0.11755  -0.0160538 -0.128696  0.375765  -9.80096 
             49.9001   4.8964 -20.3374 -107.995 33.2177 6.70469 0.92233  -0.73485 -0.778742 0.0457435  0.00246749 -0.00256109   0.0140234    0.177948    0.123103 -0.00634998   0.00362579  -0.00124184 -8.87668e-06 -0.00665875    0.118718  -0.0158455 -0.129187  0.377252  -9.80089 
                  50  4.68398 -19.8765 -107.114 33.2326 6.71229 0.92004 -0.732319 -0.784415  0.042066  0.00251774 -0.00260104   0.0140267   0.146767   0.129342 0.00600016    0.0036327  -0.00119813 -2.79927e-05 -0.00704804    0.118343   -0.015429 -0.130567   0.37674  -9.80089 
             50.1006  4.40724 -19.6035 -106.667  33.2387   6.7217 0.917591  -0.73153 -0.793169 0.0398514  0.00255639 -0.00262858   0.0140143 0.0981628  0.137743  0.020292   0.00362434  -0.00116929 -2.04656e-05 -0.00745637    0.118537  -0.0148428 -0.132298  0.377068  -9.80086 
             50.2004  4.20478 -19.7812 -106.034  33.2407  6.74652 0.913963 -0.736805 -0.795055 0.0481133  0.00250311 -0.00268537   0.0140765 0.0497278  0.208868 0.0467191   0.00371376   -0.0010202 -0.000204849 -0.00636466    0.120197  -0.0143456 -0.131339  0.379177  -9.80079 
             50.3003  4.21507 -20.1796 -105.578  33.2491  6.76822 0.913554 -0.735138 -0.795034 0.0483814  0.00246116 -0.00266824   0.0140921 0.0339067  0.241132 0.0454493   0.00369313    -0.001019 -0.000199636 -0.00529529    0.119914  -0.0139557 -0.130673  0.378496  -9.80082 
             50.4001  4.07741 -21.0492 -105.171  33.2627  6.79237 0.917665 -0.731165 -0.788825  0.047888  0.00241488 -0.00262806   0.0141064  0.0371006   0.255642 0.00952766   0.00371683  -0.00103341 -0.000157832 -0.00456258    0.119241  -0.0142195 -0.129377  0.377065   -9.8009 
                50.5  4.13389 -22.1903 -104.881  33.2659  6.82017 0.921051 -0.731056 -0.787241 0.0476082  0.00243507 -0.00262654   0.0141011   0.0184554    0.290004 -0.00662226   0.00365056 -0.000938448 -0.000159106 -0.00493889    0.119242  -0.0145029 -0.12939 0.377083  -9.8009 
             50.6006  3.74262 -22.3353 -104.578  33.2624  6.84732 0.932901 -0.729605 -0.787645 0.0414126  0.00254733 -0.00259828   0.0141097 -0.0015662   0.297721  0.0225652   0.00370726  -0.00107936 -0.000123452 -0.00773022     0.11888   -0.015352 -0.131583  0.376991  -9.80087 
             50.7004  4.18214 -22.3246 -105.381   33.257  6.87242 0.935063 -0.727912 -0.795563 0.0355708  0.00265762 -0.00249916    0.014145 0.0052157  0.295009 0.0309628  0.00356584 -0.00112758 4.65769e-05 -0.00932409    0.118395  -0.0149969 -0.134217  0.376713  -9.80084 
             50.8003  4.33775 -22.4025 -105.913  33.2617  6.90147 0.936641 -0.726947  -0.79461 0.0352256  0.00262528 -0.00248948   0.0141405 0.0432004  0.290488 0.0141401  0.00358223 -0.00112685 4.53237e-05 -0.00886536    0.118088  -0.0149417 -0.133806  0.376206  -9.80087 
             50.9001  4.19282 -22.2722  -105.93  33.2543  6.93087 0.940709 -0.731047 -0.800184 0.0375867  0.00274377 -0.00254909   0.0141538 0.0380149   0.26395 0.0252825   0.0035528 -0.00114566 2.11266e-05 -0.0105269   0.119439 -0.0149433 -0.135587  0.378387  -9.80076 
                  51  4.17326 -21.4345 -106.287  33.2582  6.95317 0.944728 -0.730978 -0.801038 0.0373137  0.00276474 -0.00254524    0.014167  0.100955  0.177496 0.0271874  0.00352398 -0.00114528 4.15216e-05 -0.0109789   0.119405 -0.0149715 -0.136067  0.378445  -9.80075 
             51.1006  4.11508 -21.1227 -107.232  33.2649  6.96252 0.940637 -0.730382 -0.808547 0.0386581  0.00284192 -0.00254155   0.0141626     0.18362   0.0693439 0.000221455  0.00352693 -0.00110783 4.81719e-05 -0.0110383   0.119978 -0.0143497 -0.137275  0.379064  -9.80071 
             51.2004  3.57594 -20.9754 -106.542  33.3166   6.9582 0.938336 -0.724313 -0.801838 0.0287551  0.00277819 -0.00243302   0.0141722    0.361623  -0.0242661 -0.00229934   0.00346117  -0.00103286 -1.71187e-05 -0.00958374    0.117581  -0.0144898 -0.135709  0.375623  -9.80087 
             51.3003  3.19794 -21.0628 -106.281 33.3406 6.95876 0.94228 -0.728867 -0.804298 0.0357534 0.0028048 -0.002498 0.0141717   0.438912 -0.0838151  0.0273401   0.00361907  -0.00108029 -7.30175e-05 -0.0106079   0.118924 -0.0145347 -0.136488   0.37774  -9.80077 
             51.4001  3.22411 -21.8184 -106.196  33.3837  6.95316 0.945009 -0.731332  -0.80549 0.0378656  0.00279845 -0.00253049   0.0142172  0.546248 -0.115512 0.0430554    0.0036054  -0.00106139 -7.59606e-05 -0.0103741   0.119946 -0.0145001 -0.136248  0.378956  -9.80073 
                51.5  3.34385 -23.0058 -106.386  33.4575  6.93741 0.943225 -0.725173 -0.804985 0.0288459  0.00269864 -0.00250162     0.01424  0.729842 -0.158033 0.0609723   0.00360958  -0.00100834 -3.49399e-05 -0.00839941    0.119575  -0.0142707 -0.134968  0.377261  -9.80081 
             51.6006  4.00932 -24.5124 -106.418  33.5328  6.91734 0.957987 -0.726357 -0.803545 0.0317222 0.00275473 -0.0024642  0.0141741  0.827223 -0.195766  0.126711   0.00356286 -0.000996994 -2.71876e-05 -0.00975323    0.118592  -0.0145061 -0.135862  0.376874  -9.80082 
             51.7004  4.45839 -26.7012 -106.117  33.6263  6.88729 0.967727 -0.718613 -0.806375 0.0282376  0.00271733 -0.00242748   0.0140857   0.93422 -0.260126  0.107633   0.00355314 -0.000874253  4.20807e-05 -0.00944199    0.117732  -0.0142617 -0.136463  0.375051  -9.80088 
             51.8003  4.53275   -28.32 -104.202  33.7099  6.87036 0.983963 -0.730418  -0.80241 0.0365713  0.00273058 -0.00242943   0.0141505  0.963295   -0.2864 0.0761238  0.00354404 -0.00088005 2.71367e-06 -0.0105979   0.118558 -0.0146935 -0.136189  0.377611  -9.80078 
             51.9001  4.13133 -29.3527 -100.865  33.8238  6.84383 0.982375 -0.727402 -0.798832 0.0271144  0.00273018 -0.00227081   0.0140643    1.05191  -0.330687 0.00817818    0.0035576 -0.000910819 -2.33015e-06 -0.00858695     0.11849  -0.0146883 -0.134308  0.376559  -9.80085 
                  52   2.7194  -30.122 -94.9403  33.9446   6.8045 0.970263 -0.721402 -0.802169 0.0169599  0.00284127 -0.00219747   0.0139977    1.12865  -0.401397 -0.0555289   0.00351897  -0.00089866 -4.52734e-05 -0.00666859    0.118047  -0.0142974 -0.133685  0.374991  -9.80092 
             52.1006  1.35289 -30.9106 -88.0878  34.0689  6.76477 0.958377 -0.721952 -0.801788 0.0119138  0.00291738 -0.00208497   0.0139312   1.19937 -0.469752 -0.136976   0.00346675 -0.000862489 -7.19769e-05 -0.00551815    0.117684   -0.014347 -0.13282 0.374575 -9.80095 
             52.2005 -0.0873891   -32.1608   -80.6746  34.2008   6.7056 0.950623  -0.723143  -0.793834 0.00154823  0.00299303 -0.00226692   0.0138702   1.24382   -0.5534 -0.170259   0.00342475 -0.000818193 -6.97421e-05 -0.00763688     0.11596  -0.0143343  -0.1333 0.373181 -9.80099 
             52.3003 -0.814234  -32.0337  -73.6351   34.306   6.6534 0.929366 -0.718639 -0.801327 0.0173166  0.00290762 -0.00218007   0.0139355   1.17482 -0.557547 -0.178193   0.00344596 -0.000837184 -8.04276e-05 -0.00657715    0.117967  -0.0142994 -0.133659  0.374447  -9.80094 
             52.4002 -1.00209 -30.7773 -67.4056  34.4191  6.59067 0.915499  -0.71614 -0.799574 0.0179191  0.00287824 -0.00213547    0.014053   1.12448 -0.565793  -0.14515   0.00336909 -0.000733722  7.78545e-05 -0.00784257    0.118027  -0.0141593 -0.134323  0.374066  -9.80094 
                52.5 -1.74401 -27.9214  -61.384  34.5112  6.54329 0.912232 -0.709802 -0.792639 0.0386509 0.00284788 -0.0020485  0.0139046    1.05671  -0.524437 -0.0864363   0.00336161 -0.000791632  6.42128e-05  -0.008761   0.120354 -0.0147438 -0.134301  0.375392  -9.80089 
             52.6006 -3.01117 -26.1514  -55.534 34.6048 6.49609 0.88791 -0.708493 -0.799691 0.0584028  0.00297108 -0.00202644    0.013731   1.04487 -0.531808 -0.253829   0.00353309 -0.000770487  5.70202e-05 -0.00621354     0.12126  -0.0145802 -0.134117  0.376187  -9.80087 
             52.7005 -4.52262 -24.0548 -50.0229  34.6742  6.45169 0.866857 -0.696903 -0.789689 0.0968504  0.00313565 -0.00193214   0.0134771   0.94572 -0.519388 -0.342278   0.00367453 -0.000679746  1.01807e-05 -0.00660047    0.124859  -0.0155444 -0.134346  0.377807   -9.8008 
             52.8003 -4.88932 -21.0422 -45.6004  34.7641  6.39744 0.832487  -0.69534 -0.788932 0.0999747  0.00315011 -0.00191602   0.0134508   0.89545 -0.569009 -0.351703    0.0035495 -0.000646945  2.58447e-05 -0.00670453    0.125253  -0.0156467 -0.134431  0.377874   -9.8008 
             52.9001 -4.78532 -18.5899 -43.9235  34.8484  6.33827 0.808408 -0.690647 -0.783535 0.0988307  0.00315031 -0.00184176   0.0134434  0.776455 -0.598083 -0.185967    0.0035571 -0.000634653  0.000134333 -0.0080879    0.12616 -0.0160434 -0.13453 0.377821  -9.8008 
                  53 -3.35787 -16.6174 -44.6244  34.9178  6.26618 0.807901  -0.67628 -0.773478 0.0983127  0.00336457 -0.00143836   0.0133866   0.692793  -0.673441 -0.0524929   0.00355402 -0.000658093  0.000153652 -0.0112436   0.129078 -0.0169612 -0.135084  0.377381  -9.80081 
             53.1006 -2.63497 -13.4627 -46.1517  35.0032  6.19269 0.797103  -0.68496 -0.781323 0.0801933 0.00309764 -0.0010708  0.0135603    0.69906  -0.717991 -0.0511878   0.00364107 -0.000662378  0.000250641 -0.0111891   0.126899 -0.0160301 -0.134838  0.376977  -9.80083 
             53.2005 -1.61671 -10.7585 -47.1445  35.0913  6.11512 0.790993 -0.683109 -0.787426 0.0593002   0.00291369 -0.000858302     0.013632  0.741927  -0.79854 -0.124528   0.00347583 -0.000751463  0.000156008 -0.0120101   0.126732 -0.0161151 -0.134742  0.376775  -9.80083 
             53.3003 -1.08989 -9.47617 -47.9543   35.156  6.01911 0.777618 -0.685424 -0.788752 0.0593509   0.00308287 -0.000841648    0.0135749  0.705178 -0.940359 -0.206976   0.00348342 -0.000764874  0.000117677 -0.0123593   0.127523 -0.0161913 -0.135231  0.376509  -9.80084 
             53.4002 -0.407829  -9.80661  -49.4978  35.2308  5.92081 0.755169 -0.686739 -0.789149 0.0560425   0.00304962 -0.000821733    0.0134932  0.702203 -0.988308 -0.182893   0.00350895 -0.000707627  0.000135663 -0.0127155   0.127216 -0.0159515 -0.13517 0.376409 -9.80084 
                53.5  1.00226 -10.1784 -51.0597  35.2962  5.81429 0.734138 -0.691734 -0.789842 0.0541998   0.00302162 -0.000831678    0.0134568   0.652583  -0.968472 -0.0955551   0.00353421 -0.000701509  0.000149318 -0.0129491   0.126987  -0.015304 -0.135355  0.376254  -9.80085 
             53.6006  1.13884 -9.23427 -52.9847  35.3588  5.71036 0.716284 -0.700011 -0.790516 0.0530513    0.0030079 -0.000817006    0.0134193   0.666469  -0.922965 -0.0123744   0.00357368 -0.000697944  0.000154662 -0.0130645   0.126388 -0.0140916 -0.135657  0.376222  -9.80084 
             53.7005  2.84646 -7.42267 -53.8926   35.431  5.63971 0.716544 -0.695472 -0.785748 0.0591669   0.00301242 -0.000755128    0.0132692   0.723934  -0.848541 -0.0409235   0.00320497 -0.000792929   0.00017354 -0.0126002   0.126081 -0.0141998 -0.135117   0.37654  -9.80084 
             53.8003  2.17843 -5.97101 -55.2519  35.5098  5.57195 0.729693  -0.68729 -0.783979 0.0639954   0.00295427 -0.000784593    0.0132739  0.813446 -0.838908 -0.102631   0.00323256 -0.000904779  0.000221912 -0.0118116   0.126439 -0.0158544 -0.134548    0.3767  -9.80084 
             53.9002  2.51724 -6.71638 -57.1835  35.5944   5.4841 0.701579 -0.688614  -0.78213 0.0635043   0.00292498 -0.000752365    0.0132534  0.886456 -0.872404 -0.186663   0.00319909 -0.000837516  0.000246909 -0.0121524   0.126382  -0.014626 -0.134576  0.376714  -9.80084 
                  54  2.76434 -8.07085 -59.1729  35.6901  5.39806 0.691962 -0.687241 -0.781411 0.0667114   0.00293184 -0.000734611    0.0132157   0.890403  -0.876949 -0.0647956   0.00314832 -0.000816427  0.000254878 -0.0122917   0.125932 -0.0149541 -0.134261  0.376479  -9.80085 
             54.1002  2.65796 -10.1448 -61.6319  35.7826  5.31922 0.690527 -0.686623 -0.780495 0.0687538  0.00290678 -0.00073254   0.0132541  0.857562 -0.775707 0.0799359   0.00304002 -0.000701817  0.000393229 -0.0120796   0.125602 -0.0148879 -0.133945  0.376509  -9.80086 
             54.2001  2.04459 -11.0584 -64.1216  35.8687  5.22798 0.708756  -0.68515 -0.784126 0.0679917   0.00293308 -0.000667072    0.0131918  0.792692 -0.751632   0.18948  0.00314813 -0.00067805 0.000356477 -0.0129155   0.125513 -0.0154412 -0.134342  0.375702  -9.80088 
             54.3003  2.57976  -11.089 -66.5366  35.9414  5.15329 0.724335 -0.688241 -0.783514 0.0658772   0.00295508 -0.000699059    0.0131597  0.814509 -0.766066 0.0379825   0.00307889 -0.000742821   0.00032764 -0.0128128    0.12577 -0.0155483 -0.134565  0.376124  -9.80086 
             54.4002  2.93886 -12.8412 -69.4934  36.0117  5.07154 0.733646  -0.69232  -0.78726 0.0608204   0.00302025 -0.000712135     0.013165   0.824176  -0.787813 -0.0796156   0.00317866 -0.000754036   0.00032616 -0.0127859   0.126124 -0.0165788 -0.135267  0.376468  -9.80084 
                54.5  3.81986 -15.0671 -72.2808  36.1098  5.00597 0.726506 -0.689147 -0.784492 0.0666894   0.00298395 -0.000700639    0.0131783   0.922254  -0.679567 -0.0668274   0.00324292 -0.000686878  0.000420795 -0.0122387   0.125529 -0.0168366 -0.13435 0.376269 -9.80086 
             54.6002  5.06532  -17.456 -73.9696  36.2084  4.95856 0.728463 -0.689247 -0.783666 0.0703468   0.00299931 -0.000638695    0.0132437  0.932894 -0.489117 0.0347058   0.00319225 -0.000784901  0.000367202 -0.0109289    0.12516 -0.0173795 -0.133462  0.376698  -9.80086 
             54.7001  5.67437 -19.6854  -75.258  36.2923  4.91107 0.744225 -0.690677 -0.786732 0.0667058   0.00299992 -0.000666112    0.0132379  0.919103 -0.352123  0.183811   0.00311003 -0.000713208  0.000464998 -0.0116523   0.125847 -0.0178858 -0.134463  0.376875  -9.80083 
             54.8003  5.71225  -19.726 -74.5206  36.3778  4.87918 0.764919 -0.693168 -0.788494 0.0637394   0.00295084 -0.000637197    0.0132357  0.903631 -0.302004  0.176479   0.00302744 -0.000960556  0.000272248 -0.0114613   0.126445 -0.0180439 -0.134819  0.377458  -9.80081 
             54.9001  2.87765 -20.3911 -72.0767  36.4619  4.84744 0.783617 -0.698384 -0.792886 0.0610595    0.0028239 -0.000752639    0.0132276  0.928058 -0.261594 0.0841211   0.00305107 -0.000965164  0.000115536 -0.0119377   0.126677 -0.0188903 -0.135761  0.377926  -9.80078 
                  55  1.09254 -23.4073 -71.0966  36.5463  4.81837 0.778397 -0.698634 -0.799084 0.0588531   0.00266756 -0.000751447     0.013137   0.937129  -0.166385 -0.0620566   0.00336896 -0.000587833  0.000156167 -0.0120668   0.128136 -0.0174176 -0.137041  0.378192  -9.80075 
             55.1006 0.172381 -25.3054 -70.5412  36.6386  4.79971 0.757921 -0.693551 -0.802959 0.0600315   0.00262252 -0.000719035    0.0131107  0.922085 -0.108992 -0.157166   0.00322112 -0.000501164  0.000224993 -0.0119219   0.128945 -0.0156481 -0.137576  0.377612  -9.80076 
             55.2005 -0.572043  -23.1545  -70.6745  36.7129  4.79205 0.737889  -0.69703 -0.810516 0.0563669    0.0025659 -0.000788105    0.0129019   0.849223 -0.0797914  -0.135401   0.00322226 -0.000988975   0.00022404 -0.0107578   0.131686 -0.0149384 -0.138676  0.379498  -9.80068 
             55.3003 -0.812398  -19.4282  -71.4985  36.8106  4.79509 0.712742 -0.695381 -0.807426 0.0578453    0.0026552 -0.000831397     0.012576   0.823994 -0.0889507  -0.149799  0.00298762 -0.00107666 0.000348226 -0.00765722    0.130095  -0.0133563 -0.136177  0.378952  -9.80073 
             55.4001 -0.737581   -16.489  -72.2557  36.8906  4.78867 0.704102 -0.696793 -0.803621 0.0579526   0.00247472 -0.000858164    0.0125136  0.796602  -0.13922 -0.194857   0.0030633 -0.00114431 0.000203585 -0.00802539    0.130222  -0.0146776 -0.135868   0.37947  -9.80072 
                55.5 -1.07048 -13.1529 -72.6443  36.9676  4.76862 0.683042 -0.696016  -0.80443 0.0563597   0.00249149 -0.000836617    0.0125872   0.76804 -0.218342 -0.271915  0.00304779 -0.00115342  0.00014843 -0.00863221    0.130538  -0.0147539 -0.136358  0.379407  -9.80071 
             55.6006 -1.04001  -11.969  -72.543  37.0459  4.73965 0.652417 -0.695059 -0.804536 0.0529789   0.00250862 -0.000824977    0.0125934   0.78614 -0.282525 -0.330774  0.00313118 -0.00109185 8.63614e-05 -0.00926383    0.130535  -0.0147253 -0.136701  0.379119  -9.80072 
             55.7005 0.174008  -10.688 -73.5552  37.1298  4.71671 0.627009 -0.692939 -0.800281 0.0530791   0.00245754 -0.000788138    0.0125636  0.810442 -0.257418 -0.265391  0.00312103 -0.00117242 0.000162287 -0.00942994    0.130413  -0.0154534 -0.136108  0.379014  -9.80073 
             55.8003 0.845139 -8.86423 -74.1637  37.2043  4.68635 0.601298 -0.693673 -0.803438 0.0508945  0.00250427 -0.00080459   0.0125818  0.766618  -0.21229 -0.143604  0.00309591 -0.00115154 0.000100531 -0.00981204    0.130778  -0.0150146 -0.136881  0.379061  -9.80072 
             55.9002  1.29756 -5.98735 -73.4367  37.2864  4.65931 0.594422 -0.690508 -0.803114 0.0466983   0.00249636 -0.000817884     0.012568   0.705326  -0.201984 -0.0697549  0.00314847 -0.00116299  7.6737e-05 -0.0105157   0.130456 -0.0154969 -0.137011  0.378313  -9.80074 
                  56  2.06178 -3.54878 -72.2049   37.348   4.6413 0.585982 -0.692096 -0.803205  0.046452   0.0024864 -0.00080802   0.0125812   0.64209 -0.189444 -0.116307   0.0031428 -0.00112209 4.43325e-05 -0.0104994   0.130797 -0.0154239 -0.137157  0.378696  -9.80073 
             56.1006   1.22228 -0.841253  -71.4596  37.4069  4.62443 0.566707 -0.694934 -0.801943 0.0457416   0.00248867 -0.000795954    0.0125661  0.638481 -0.169435  -0.16409  0.00311346 -0.00110799 4.05061e-05 -0.0106517   0.130815 -0.0149696 -0.137244  0.379033  -9.80071 
             56.2005 0.445998 0.896148 -71.3935  37.4679  4.60155 0.550926 -0.695963 -0.804357 0.0408381   0.00249698 -0.000798943    0.0125333  0.679501 -0.166339 -0.139894  0.00315847 -0.00102649 8.89646e-05 -0.0109387   0.130921 -0.0149769 -0.137743   0.37904  -9.80071 
             56.3003 0.023859  2.05916 -72.0749  37.5332  4.58519 0.520005 -0.700408 -0.797772 0.0384383   0.00245625 -0.000796506    0.0125442  0.695725 -0.143851  -0.10804   0.00314381 -0.000967239  9.92583e-05 -0.0120704   0.130733 -0.0133374 -0.137844  0.379463  -9.80069 
             56.4001 0.411927   3.1693 -72.8779  37.6075  4.55859 0.508576 -0.698609 -0.799142  0.038437   0.00244906 -0.000686902    0.0124675   0.734375  -0.234777 -0.0589812    0.0031312 -0.000944899  9.60593e-05 -0.0126178   0.130361 -0.0133681 -0.138191  0.378816  -9.80071 
                56.5 0.282709  3.81294 -73.6339  37.6962  4.53003 0.504861 -0.692475 -0.798529 0.0522224   0.00238605 -0.000585978     0.012413   0.719815  -0.312344 -0.0305323   0.00309108 -0.000927426  0.000104704 -0.0123025   0.129563 -0.0137845 -0.137542  0.377726  -9.80076 
             56.6006 0.130646  3.15634 -73.0625  37.7719  4.50253 0.499522 -0.690475 -0.794857 0.0598447   0.00235442 -0.000558117     0.012426   0.655471  -0.301821 -0.0272996   0.00304411 -0.000891339  5.69076e-05 -0.0122648   0.129296 -0.0135726   -0.137 0.377525 -9.80077 
             56.7004 0.907864   2.2797 -71.6165  37.8367  4.46216 0.514262 -0.685554 -0.805458  0.056565   0.00245368 -0.000595905    0.0123751  0.550242 -0.387428 0.0467057   0.00317069 -0.000834575 -2.13016e-05  -0.011185   0.129586 -0.0152855 -0.137386  0.376869  -9.80079 
             56.8002  1.15934  1.84435 -70.8523  37.8842  4.43275 0.522278 -0.687722 -0.801902 0.0629876   0.00244217 -0.000540662     0.012431  0.451096 -0.418476 0.0661866   0.00317964 -0.000887053 -1.60632e-05 -0.0106193   0.129672 -0.0151545 -0.136808   0.37744  -9.80078 
             56.9001  1.43564 -2.45334 -71.4796  37.9133  4.39165 0.544848 -0.687118 -0.810957 0.0516902    0.0026067 -0.000564616    0.0125194   0.34985 -0.361523  0.148972   0.00321258 -0.000815966 -7.71289e-06 -0.00968379    0.130973   -0.016383 -0.137547  0.377945  -9.80075 
             56.9999  1.11462 -5.72544 -72.0663  37.9447  4.34969 0.574913 -0.680818 -0.821138 0.0412169   0.00275422 -0.000539389     0.012433  0.358281 -0.288524  0.151143   0.00327658 -0.000813133  2.85709e-05 -0.00904157    0.132114  -0.0179505 -0.138342  0.377596  -9.80075 
             57.1006  1.44356 -6.88192 -72.6321  37.9948  4.33423 0.588538 -0.677713 -0.818343 0.0526198   0.00271608 -0.000524333    0.0124295  0.492934 -0.137144 0.0848804   0.00322875 -0.000872949  4.74718e-05 -0.00846378    0.131772   -0.018147 -0.137522  0.377311  -9.80078 
             57.2004  1.16321 -6.89474 -70.9715 38.0405 4.33361 0.59284 -0.679425 -0.816991 0.0511849   0.00272331 -0.000477731    0.0123106  0.549712 0.0267594 0.0259896   0.00303482  -0.00114488 -4.84279e-05 -0.00826157    0.132108  -0.0178925 -0.137481  0.377824  -9.80076 
             57.3002 0.700551 -5.53291 -67.7736  38.0941  4.34435 0.579349 -0.680748 -0.811616  0.045561   0.00285276 -0.000369183    0.0121603   0.640308   0.167269 -0.0514561   0.00305161  -0.00112498 -0.000108144 -0.00912888    0.132577  -0.0165007 -0.137734  0.378334  -9.80073 
             57.4001 0.285986 -4.46236 -64.5618  38.1713  4.36557 0.558841  -0.67809 -0.804123 0.0531609   0.00304442 -0.000366467     0.012192  0.755793  0.291102 -0.160621   0.00318295   -0.0011326 -0.000250561 -0.0100906   0.132084 -0.0153797 -0.137312  0.377933  -9.80075 
             57.5003 -0.0732622   -2.06453   -61.0072  38.2579  4.40073 0.531521  -0.67468 -0.796434 0.0594788   0.00323836 -0.000342218    0.0121868  0.866396  0.396886 -0.184339   0.00315788  -0.00112322 -0.000231486 -0.0109064    0.13191 -0.0142149 -0.136883  0.377716  -9.80077 
             57.6002 0.302903 0.304495 -58.1172  38.3482  4.44345 0.504565 -0.671545 -0.790582 0.0586699   0.00336011 -0.000362091    0.0121663  0.962173  0.481451 -0.169047   0.00312914  -0.00108056 -0.000227888 -0.0117618   0.132459 -0.0130483 -0.13688 0.377807 -9.80077 
                57.7 0.796699  1.13539 -55.9051  38.4504   4.4961 0.487314 -0.669639 -0.786636 0.0645388   0.00338711 -0.000365338    0.0121561   0.994977   0.546685 -0.0736419   0.00310274  -0.00101894 -0.000196372 -0.0120159   0.132165 -0.0125838 -0.136477  0.377645  -9.80078 
             57.8006  1.50695 0.722342 -54.6137 38.5455  4.5546 0.49671 -0.674119 -0.793606 0.0587764  0.00340402 -0.00037534   0.0122128 0.987377 0.569588 0.101129   0.0031349 -0.00102882 -0.00015332 -0.0108799   0.132044 -0.0137309 -0.13677 0.377982 -9.80076 
             57.9005  2.30826 0.427645 -53.4258 38.6643 4.60377 0.53407 -0.673007 -0.808085 0.0799819   0.00338484 -0.000100465    0.0120391 0.998286 0.510416 0.264674   0.00284192  -0.00102358 -9.15153e-05 -0.00879556    0.129863  -0.0166185 -0.135858  0.376771  -9.80082 
             58.0003  3.38627 -1.21497 -51.3794  38.7633  4.66101 0.569116 -0.672848 -0.810539 0.0830661   0.00342561 -8.17347e-05    0.0120838 0.972948 0.553034 0.253151   0.00289313  -0.00101302 -0.000102116 -0.00798129     0.12958  -0.0173954 -0.135693  0.376786  -9.80082 
             58.1002 3.64074 -3.2996 -47.881  38.8475  4.72477 0.577879 -0.677505 -0.799861 0.0784515   0.0033485 3.53208e-05   0.0122366  0.964535  0.634089 0.0679353   0.00312964 -0.000844922 -0.000193339 -0.00882874    0.129708  -0.0159039 -0.135992  0.377295   -9.8008 
                58.2  2.64582 -4.83564 -43.6392  38.9086  4.76926 0.570294 -0.694208 -0.801151 0.0398292   0.0030569 0.000141548   0.0120799   0.925594   0.647796 -0.0905928   0.00331797 -0.000865522  -0.00021712 -0.0094931   0.131322 -0.0148468 -0.138004  0.377704  -9.80075 
             58.3006  3.05826 -6.25035 -39.5663  38.9924  4.84454 0.569552 -0.694992 -0.805322 0.0368154  0.00309059 0.000215176   0.0121018   0.863337   0.774745 -0.0284041   0.00335264 -0.000885506 -0.000201285 -0.00824235    0.131389  -0.0155777 -0.13839 0.377843 -9.80074 
             58.4005  4.70918 -7.65947 -36.4022  39.0665  4.90945 0.553947 -0.693065 -0.798093  0.025402  0.00303304 0.000141577   0.0122143  0.715971  0.837258 0.0688558   0.00345545 -0.000642295  -0.00011578 -0.0102571     0.1336 -0.0136809 -0.138568  0.377604  -9.80075 
             58.5003   6.0278 -6.95199  -32.536  39.1485  5.01201 0.575958 -0.693901 -0.802927 0.0442331  0.00296324 0.000176152   0.0120867  0.685311  0.908443 0.0866554   0.00349637 -0.000892183 -0.000154123 -0.00927163    0.130843  -0.0150606 -0.137933  0.377981  -9.80074 
             58.6001  5.45328 -5.61405 -27.0857  39.2136  5.09787 0.575999 -0.694256 -0.800264 0.0410921  0.00298478 0.000191142   0.0120832    0.644648    0.861103 -0.00992172   0.00351902 -0.000923051 -0.000226094 -0.00976847    0.131368  -0.0144762 -0.137928  0.377881  -9.80075 
                58.7  5.15299 -5.16481 -22.5572  39.3066  5.19469 0.566132 -0.689646 -0.798363 0.0753107   0.00314158 -6.36604e-06    0.0124997   0.666969   0.860419 -0.0683246   0.00359048 -0.000883978 -0.000184149 -0.0128426   0.129169 -0.0130797 -0.135701   0.37968  -9.80071 
             58.8002  5.54419 -6.88675 -21.6398 39.3669 5.27833 0.57778 -0.689384 -0.811942 0.0747798  0.00321051 6.23032e-05   0.0124676  0.526213  0.852222 0.0131181   0.00364013 -0.000708929  0.000102181 -0.0112557   0.129066 -0.0164046 -0.135826  0.379301  -9.80072 
             58.9001 6.53453 -7.6136 -24.843  39.4253  5.34228 0.592819  -0.68725 -0.814122 0.0725368 0.00381794  0.0016588  0.0121508 0.438975 0.775988 0.153304   0.00391991 -0.000783209  0.000509179 -0.0139573   0.131861 -0.0183373 -0.134038  0.378371  -9.80078 
             58.9999  7.01171 -6.58234 -29.3473  39.4691  5.42231 0.608569 -0.686127 -0.815275 0.0788525 0.00344291 0.00144324  0.0121618 0.401476  0.63878 0.158526   0.00383791 -0.000827227  0.000564388 -0.0134558   0.130688 -0.0182498 -0.13425 0.378798 -9.80076 
             59.1006  5.56828 -3.44952 -33.0741  39.5138   5.4746 0.605148 -0.691958 -0.803101 0.0776188 0.00379084 0.00171458  0.0121422  0.476222  0.493408 0.0458968  0.00396394 -0.00087977  0.00053944  -0.015755   0.130833 -0.0154133 -0.133766  0.379076  -9.80076 
             59.2004   4.78768 -0.597284  -36.9421  39.5738  5.52087 0.581099 -0.698275 -0.795626 0.0796054 0.00395698 0.00192301  0.0122093  0.585642  0.419984 -0.201851   0.00391294 -0.000976199  0.000453447 -0.0176417    0.13006 -0.0127858 -0.133385  0.379817  -9.80074 
             59.3003  3.27167  1.62838 -40.2302  39.6339  5.56115 0.549507 -0.701417 -0.793338 0.0796422 0.00402711 0.00199436  0.0122017  0.638699  0.407036 -0.314587  0.00373899 -0.00108511  0.00033617 -0.0180408   0.129829 -0.0118158 -0.133367  0.379954  -9.80073 
             59.4001  3.49263  2.31449 -45.0055  39.6868  5.59382 0.517163 -0.700482 -0.793082 0.0766824 0.00409841 0.00204419  0.0123075  0.609583  0.411274 -0.255051  0.00375697 -0.00106902 0.000341354 -0.0173546   0.131134 -0.0116847 -0.133648  0.379416  -9.80075 
             59.4999 4.69083 2.59213 -49.177    39.75  5.65285 0.499012 -0.703052 -0.795384 0.0816572 0.00412542 0.00199707  0.0122659   0.581319   0.464089 -0.0801732   0.0036042 -0.00111037 0.000355897 -0.0166242   0.129273 -0.0115738 -0.133851  0.380124  -9.80072 
             59.6006  4.49721  4.51453 -52.5417  39.8088  5.69075 0.507651 -0.701488 -0.799965  0.081122 0.00408515 0.00201289  0.0123106  0.574626  0.429241 0.0429399  0.00361222 -0.00113604 0.000320745 -0.0161049   0.129651 -0.0127964 -0.133745  0.379684  -9.80074 
             59.7004 4.00651 4.93702 -55.665  39.8704  5.73314 0.526839 -0.699753 -0.807263 0.0841478  0.0041165 0.00199679  0.0123247  0.625003   0.44128 0.0665603  0.00339561 -0.00118128 0.000191693 -0.0148667   0.129466 -0.0142443 -0.133658  0.379394  -9.80075 
             59.8003  2.49262  4.78997 -59.2347  39.921 5.77786  0.5407 -0.704051 -0.810668 0.0719905 0.00413343 0.00200088  0.0123441  0.668179  0.535009 0.0384515  0.00344887 -0.00126824 0.000203047 -0.0141219   0.129928 -0.0149107 -0.134245  0.379569  -9.80073 
             59.9001  2.01584  2.52817 -62.8826  39.9727  5.83016 0.542933 -0.709506 -0.810597 0.0517388 0.00409236 0.00200384  0.0123892  0.665719  0.687402 0.0545386  0.00344215  -0.0012485 0.000225812 -0.0145785    0.13097 -0.0144685 -0.135144  0.380056   -9.8007 
             59.9999  1.93368 0.411015 -66.1072  40.0509  5.89687 0.542407 -0.706933 -0.806632 0.0606124 0.00401386  0.0020031  0.0122257  0.763589  0.767931 0.0916107  0.00341038 -0.00120447 0.000209596 -0.0156822   0.130568 -0.0139328 -0.134797  0.379553  -9.80073 
             60.1006    3.0103 -0.586727  -69.2039  40.1292  5.96602 0.561746 -0.708947 -0.814279  0.060557 0.00403197 0.00204813  0.0122327 0.800906 0.666406 0.130385  0.00340881 -0.00119658 0.000208073 -0.0148217   0.130093 -0.0149723 -0.134988  0.379246  -9.80074 
             60.2004   2.98382 -0.335297  -71.3607 40.2077 6.03356 0.56441 -0.707258 -0.807582 0.0599875 0.00406046 0.00204948  0.0121646   0.7952  0.51764 0.073512  0.00338567 -0.00124285 0.000160999 -0.0155277   0.130569 -0.0140759 -0.13484 0.379564 -9.80073 
             60.3003  3.20561 0.919947 -72.9201 40.3109 6.06793 0.58823 -0.705288 -0.815207 0.0754596 0.00397626 0.00201637  0.0123961  0.893027  0.292763 0.0311964   0.0033474 -0.00122141 0.000124415 -0.0142615   0.128857 -0.0158758 -0.134256   0.37829  -9.80078 
             60.4001  2.09807 0.860927 -74.0428  40.3898   6.1062 0.581176 -0.707856 -0.813609 0.0743533  0.0039548 0.00212403  0.0123041  0.897388  0.218357 -0.107325     0.00335 -0.00124909 0.000127988  -0.013662   0.129419 -0.0154117 -0.134086  0.379143  -9.80075 
             60.4999    1.5267 -0.264723  -76.4126  40.4784  6.11699 0.575583  -0.70749 -0.815376 0.0699599 0.00395544 0.00211923  0.0122546   0.986825   0.160759 -0.0671536   0.0033773 -0.00123146 0.000176543 -0.0140842    0.12965 -0.0158517 -0.134572  0.378959  -9.80075 
             60.6006    2.8574 -0.969352  -78.6014 40.5732 6.12773 0.56998  -0.70762 -0.816621  0.065571  0.0039704 0.00210639   0.012245   1.02632  0.204501 0.0921715  0.00323686 -0.00127884 0.000135973 -0.0147567   0.130115 -0.0154358 -0.135203  0.379096  -9.80074 
             60.7004  3.03149 0.793157  -79.843  40.6876  6.14047 0.573158 -0.705115  -0.81462 0.0688406 0.00403222 0.00211088  0.0122869  1.06774 0.114255 0.144936  0.00327294 -0.00136496 0.000148974 -0.0155559   0.129292 -0.0146437 -0.135245  0.378352  -9.80077 
             60.8003  2.78009  1.68607 -79.5559 40.7724 6.14719 0.57389 -0.712376  -0.81485 0.0537833 0.00402125 0.00210792  0.0122169   1.02171 0.0447466 0.0606031  0.00335385  -0.0013096 3.84542e-05 -0.0164457   0.131077 -0.0130452 -0.136289  0.380236  -9.80068 
             60.9001  1.42156  1.90931 -79.0615  40.883 6.14873 0.57266  -0.70996 -0.815326 0.0568758 0.00405382  0.0020844  0.0122405    1.14023  0.0307563 -0.0895726    0.0033266  -0.00130495 -1.80911e-05 -0.0164826   0.130686 -0.0131222 -0.136248   0.37973   -9.8007 
             60.9999  0.145818 -0.548217  -79.2866  40.9862  6.15105 0.553366 -0.715471 -0.817266 0.0438122 0.00397158  0.0020681  0.0122081   1.18246 0.0754014 -0.150675  0.00337576 -0.00116457 5.87139e-08 -0.0173836    0.13186 -0.0120095 -0.137311  0.380968  -9.80064 
             61.1006 -0.271697  -2.08611   -79.689 41.1133 6.16006 0.55174 -0.713606 -0.817428 0.0504896 0.00401001 0.00209331  0.0121806   1.21239  0.116379 0.0623733   0.00338347  -0.00118022 -6.13315e-07 -0.0170429   0.131017 -0.0127888 -0.136975  0.380203  -9.80067 
             61.2004  1.21114 -1.36402 -79.3841  41.2335  6.18355 0.570041 -0.715399 -0.815397 0.0558502 0.00398223 0.00211497  0.0121727   1.12112 0.0633584  0.187065  0.00330487 -0.00148958 2.95259e-05 -0.0150695   0.131239 -0.0135502 -0.135513  0.380843  -9.80067 
             61.3003   1.29069 -0.342519  -80.8394  41.3478  6.18649 0.581553 -0.715102 -0.812587 0.0564235 0.00400095 0.00209249  0.0121513    1.15546 -0.0367619  0.0857862   0.0033385 -0.00150132 3.04132e-05 -0.0154544   0.131277 -0.0129349 -0.135436  0.380898  -9.80067 
             61.4001  2.38629 0.346886 -80.3155   41.456  6.18113 0.579665 -0.719212 -0.812223 0.0515431 0.00401519 0.00204642  0.0121408   1.15557 -0.136957 -0.141972  0.00330622  -0.0015022 3.44585e-05 -0.0156403   0.131787 -0.0126386 -0.135635  0.381688  -9.80063 
             61.4999    2.1269 -0.263419  -79.5549   41.588  6.15639 0.555442 -0.714131 -0.809277  0.057263 0.00403991 0.00205308   0.012102   1.26583 -0.260826 -0.254502   0.00334494  -0.00139191 -5.24948e-05 -0.0161906   0.130823 -0.0122767 -0.135456  0.380515  -9.80068 
             61.6006  3.43458 -1.08172 -78.7883  41.7256  6.11332 0.542444 -0.710236  -0.80876  0.055168 0.00409773 0.00203709  0.0119823    1.35202   -0.30195 -0.0942959   0.00329472  -0.00132767 -8.11863e-05 -0.0174767   0.130162 -0.0130306 -0.13609 0.379316 -9.80072 
             61.7004  5.24963 -0.92851 -77.3869  41.8729  6.09738 0.538416 -0.709975 -0.805654 0.0638299 0.00408592  0.0020979  0.0119381   1.37707 -0.216538 0.0514218  0.00328883 -0.00137772 -5.4668e-05 -0.0162992   0.129518 -0.0129706 -0.134897  0.379177  -9.80074 
             61.8003  6.02845 0.487453 -75.5887  42.0109  6.08122 0.549649 -0.710121 -0.805042 0.0652454 0.00406727 0.00212958  0.0119032   1.34858 -0.184728  0.106483   0.00327608   -0.0014315 -7.70867e-05 -0.0158025   0.129512 -0.0132698 -0.134531  0.379251  -9.80074 
             61.9001  6.65091  1.34778 -73.0782  42.1467  6.07754 0.550325 -0.709022 -0.794529 0.0662503 0.00410106 0.00223763  0.0117793    1.28433  -0.180739 -0.0124731   0.00327242  -0.00140211 -4.02006e-05 -0.0157696   0.130191 -0.0122406 -0.133481  0.379866  -9.80073 
             61.9999   5.9315  2.43045 -70.5847  42.2748  6.06702 0.557832 -0.710869  -0.79556 0.0671101 0.00404935  0.0022262  0.0117617   1.30945 -0.204139 -0.105883   0.00330765  -0.00147308 -4.66661e-05 -0.0147126     0.1301 -0.0132335 -0.133032  0.380076  -9.80073 
             62.1006  5.83324 0.320614 -70.5102  42.4091  6.04206 0.545197 -0.710151 -0.795514 0.0668677 0.00405395 0.00226831  0.0116937    1.34314  -0.208992 -0.0714792  0.00332182 -0.00138441 5.15261e-06  -0.015064   0.130056 -0.0131211 -0.133212  0.379901  -9.80074 
             62.2004  6.58104 -1.26136  -71.089 42.5262 6.01104 0.52639 -0.710401 -0.794451  0.056036 0.00406625 0.00225639  0.0116371   1.24663 -0.229325 0.0332959  0.00312621 -0.00124457 0.000177109 -0.0164386   0.131266 -0.0119793 -0.134066  0.380418   -9.8007 
             62.3003  5.91098 -3.60503 -73.1404 42.6509 5.97521 0.53549 -0.708688 -0.794875 0.0589973 0.00406679 0.00247718  0.0114892  1.13362 -0.35254 0.180719  0.00317617 -0.00121167 0.000176075 -0.0170414   0.130796 -0.0121655 -0.13434 0.379751 -9.80073 
             62.4001  5.99608 -6.87221 -75.1124  42.7522  5.92307 0.554303 -0.709539 -0.799527 0.0530423 0.00414808 0.00260695  0.0113228   1.00279 -0.462952  0.235874  0.00316752 -0.00117706 0.000124867 -0.0177347   0.130888 -0.0122061 -0.135273  0.379576  -9.80072 
             62.4999  5.76534 -8.81513 -76.1456  42.8487  5.86473 0.612336 -0.706839 -0.813178 0.0489117 0.00425195 0.00257221  0.0113721 0.942845 -0.59618 0.275587  0.00315432 -0.00118676 0.000118894 -0.0164967   0.130655 -0.0151558 -0.136017  0.378977  -9.80073 
             62.6006  4.19449 -12.0048 -76.8372  42.9472  5.80814 0.631338 -0.706355 -0.810358 0.0525412 0.00423322 0.00261475  0.0113997  0.968259 -0.626247  0.154836  0.00323486 -0.00123052 0.000120159 -0.0163151   0.130623  -0.014927 -0.135613  0.379029  -9.80074 
             62.7004  3.99599 -18.0542 -78.6183  43.0726  5.74682 0.663627 -0.696922 -0.805768 0.0547929 0.00428312 0.00265728  0.0112334   1.07332 -0.620197  0.188633  0.00298158  -0.0010793 0.000165176 -0.0169159   0.130088 -0.0159449 -0.135172  0.377872  -9.80079 
             62.8002  4.02341 -23.3715 -79.6232  43.1792  5.70703 0.682047 -0.699063 -0.807654  0.058748 0.00435508 0.00266827  0.0114926   1.06624 -0.462879  0.238171  0.00299295 -0.00110214 0.000243733 -0.0148524   0.130417 -0.0161173 -0.134267  0.378734  -9.80077 
             62.9001  2.96394 -23.2274 -79.4515   43.275  5.66431 0.727143 -0.698874 -0.804286 0.0595348 0.00421327   0.002656  0.0114996   1.04736 -0.398569  0.342428  0.00296642 -0.00119461 0.000183375 -0.0158022    0.13101 -0.0173937 -0.134493  0.379017  -9.80075 
             63.0003  1.07223 -22.5596 -78.4091  43.3648  5.64191 0.730309 -0.701122 -0.808138 0.0635022 0.00431788  0.0028255   0.010696   1.00316 -0.314114  0.144677  0.00298475 -0.00132254 0.000154121 -0.0130446   0.132434 -0.0160604 -0.133877  0.380283  -9.80071 
             63.1001 0.429873 -24.7494 -79.6505  43.4492  5.62035 0.730278  -0.70364  -0.81099 0.0695937 0.00434415  0.0027013  0.0106567  0.990879  -0.23896 0.0163365  0.00301105 -0.00110081 0.000235881 -0.0117231   0.133834 -0.0157649 -0.133691  0.381445  -9.80067 
                63.2 0.823215 -27.9524  -81.707 43.5478 5.59435 0.70957 -0.702804 -0.819804 0.0705804 0.00433693  0.0026627  0.0107112   0.994357  -0.160111 -0.0851784  0.00305581 -0.00105007 0.000263315 -0.00994108    0.133885   -0.014458 -0.133818   0.38113  -9.80068 
             63.3006  2.65931 -31.4156 -85.4322  43.6569  5.57123 0.677575 -0.702435 -0.828727 0.0651521 0.00408216 0.00268092  0.0106172  0.933992  -0.12483 -0.142981  0.00290555 -0.00104997 0.000359869 -0.00795815    0.132415  -0.0127227 -0.133772  0.379662  -9.80074 
             63.4005  3.98941 -30.5306 -89.4733  43.7692  5.55546 0.650246 -0.706648 -0.833164 0.0504164 0.00384955 0.00271943  0.0105879  0.816602 -0.131188 -0.165782  0.00289946 -0.00154463 0.000532782 -0.00609607    0.129186  -0.0115569 -0.133079   0.37772  -9.80082 
             63.5003  4.96919   -27.41 -95.1047  43.8381  5.53696 0.631207 -0.703899 -0.835726 0.0561109 0.00402728 0.00280853  0.0106847  0.733275 -0.160706 -0.223406  0.00298405 -0.00159055 0.000582753 -0.00664008    0.130132  -0.0113458 -0.133876  0.378029   -9.8008 
             63.6002  4.51916  -23.228 -98.8149  43.8993  5.50306 0.612033 -0.699372 -0.838464 0.0534058 0.00420412 0.00304419  0.0112383  0.647757 -0.232128 -0.302477  0.00296221 -0.00160624  0.00056668 -0.00919725    0.130551  -0.0111628 -0.135967  0.377781  -9.80078 
                63.7  3.52647 -20.2329 -99.6291   43.961   5.4737 0.608207 -0.694414 -0.824384 0.0431243 0.00397401 0.00286474  0.0114895  0.569459 -0.219851 -0.275607   0.0028352 -0.00166162 0.000508883 -0.0137875   0.131251 -0.0124183 -0.136856   0.37785  -9.80076 
             63.8002  3.71794 -20.4092 -101.215  44.0019  5.45613 0.576352 -0.693212 -0.829373 0.0513962 0.00395971 0.00288781  0.0115167    0.43882 -0.0841881  -0.206275  0.00284221 -0.00160269 0.000417366 -0.0131744   0.132264 -0.0121186 -0.137128  0.378435  -9.80074 
             63.9001  5.57533 -21.5667 -103.858  44.0464  5.46197 0.559148  -0.69448 -0.829571 0.0522225 0.00394773 0.00289119  0.0116078   0.349369    0.19796 -0.0682532  0.00271805 -0.00160523 0.000406617 -0.0124753   0.132075 -0.0121023 -0.136646  0.378378  -9.80075 
             63.9999  5.71286 -21.0117 -104.093  44.0542  5.50142 0.576128 -0.694054 -0.827783 0.0554376 0.00398236 0.00291757  0.0117063  0.175543  0.443332 0.0682236  0.00272451 -0.00165281  0.00026002 -0.0140787   0.133859 -0.0130229 -0.137111  0.379938  -9.80068 
             64.1006  5.12242 -20.2034 -105.205  44.0724  5.56199 0.590022 -0.692609 -0.822317 0.0581534 0.00400532 0.00291848  0.0117034  0.130449   0.60909 0.0283455  0.00275741 -0.00172946 0.000234448 -0.0143211   0.134445 -0.0136196 -0.136399  0.380157  -9.80068 
             64.2004  4.52235 -20.6936 -105.218 44.0986 5.62769 0.58203 -0.688238 -0.815017 0.0653684 0.00398486 0.00300721  0.0117256    0.11183   0.717799 -0.0392863  0.00263495 -0.00165186 0.000131673 -0.0133724   0.134117 -0.0131958 -0.13508 0.379012 -9.80074 
             64.3003  2.31618 -18.8443 -103.575  44.1057  5.69939 0.585304 -0.684245 -0.817541 0.0595333  0.0040285 0.00289684  0.0118067 -0.0247252    0.78095 -0.0426986   0.00262719  -0.00185336 -8.10401e-05 -0.0139749    0.13402 -0.0139158 -0.135811  0.378653  -9.80075 
             64.4001  1.50645 -15.3468 -104.335  44.0906  5.78016 0.575136 -0.691573 -0.821788 0.0576062 0.00408302 0.00287713  0.0117529 -0.0984053   0.845525 -0.0167526    0.0027336  -0.00193118 -1.65538e-05 -0.0142865   0.134225 -0.0130313 -0.13647 0.379811 -9.80069 
             64.4999  3.72655 -12.4869 -106.667  44.0707  5.85752 0.576648 -0.690622 -0.829532 0.0438814 0.00415898 0.00305584  0.0119386  -0.21452  0.856608 0.0555017  0.00267641  -0.0018846 2.26485e-05 -0.0158779   0.133572 -0.0129523 -0.138839  0.379584  -9.80067 
             64.6006   5.1206 -11.4003 -109.294  44.0424  5.94535 0.580768 -0.691196 -0.829146 0.0447972  0.0041546 0.00303476   0.011936 -0.364424  0.903573 0.0525332   0.0026596 -0.00184503 2.84401e-05 -0.0157095   0.133446 -0.0127652 -0.138697  0.379519  -9.80067 
             64.7004  5.45293 -12.7743 -111.897  44.0024  6.04085 0.583794 -0.692157 -0.828264 0.0468268 0.00413783 0.00300712  0.0119813 -0.493256   1.01455 0.0237044  0.00291126 -0.00155125  4.9923e-05  -0.015425   0.133477 -0.0126261 -0.138346  0.379595  -9.80068 
             64.8003  4.85586 -13.5813 -114.586  43.9559  6.13848 0.585882  -0.68748 -0.827497 0.0451673 0.00408348 0.00306302  0.0119074  -0.552868    1.04416 -0.0158288  0.00286505 -0.00156624 4.41122e-05 -0.0154181   0.132774 -0.0128165 -0.138553  0.378457  -9.80072 
             64.9001  5.12279 -14.0755 -116.408  43.9085  6.23891 0.588211 -0.682801 -0.824292 0.0474672 0.00403649 0.00309956  0.0119012 -0.564844  0.990804 0.0411971  0.00274204 -0.00162226 5.59743e-05 -0.0149837   0.132079 -0.0130825 -0.138116  0.377198  -9.80077 
                  65  3.98459 -12.2235 -117.065  43.8402  6.33088 0.592692 -0.686876 -0.829624   0.04198 0.00405614 0.00304083  0.0119177 -0.582162  0.830316 0.0832223   0.00275783  -0.00184582 -7.02738e-05 -0.0157843   0.132553 -0.0126867 -0.139169  0.378356  -9.80071 
             65.1006  2.92757 -11.2227  -118.33  43.7871  6.40149 0.599365 -0.684218  -0.82982 0.0406796 0.00407143 0.00305002  0.0119731 -0.552943  0.680772 0.0337905   0.00261006  -0.00181754 -2.72149e-05 -0.0158577   0.131801 -0.0127406 -0.139554  0.377511  -9.80074 
             65.2004  3.21691 -10.2917 -119.252  43.7208  6.46473 0.602549 -0.687296 -0.834898 0.0396594 0.00409508 0.00301414  0.0120187 -0.610272   0.58476 -0.026395   0.00258107  -0.00181071 -0.000152187  -0.017168   0.131723 -0.0129841 -0.140966  0.378406  -9.80068 
             65.3003  3.36628 -10.6298 -121.166  43.6687  6.51777 0.595699 -0.683474 -0.831096 0.0392504   0.004016 0.00299465  0.0120451   -0.595238    0.504619 -0.00396516   0.00264759  -0.00167698 -5.33798e-05 -0.0153415   0.131833 -0.0125756 -0.139407  0.377324  -9.80075 
             65.4001  3.41448 -12.8865 -121.213 43.6162 6.56955 0.60277   -0.6838 -0.823922 0.0409703 0.00399372  0.0030682  0.0122083 -0.584978  0.495366  0.116049   0.00251167  -0.00144207 -0.000222582 -0.0137162   0.131853 -0.0131189 -0.137277  0.376578  -9.80081 
             65.4999  2.37893 -13.8068 -119.369  43.5609  6.61686 0.623721 -0.684451 -0.821355 0.0407539 0.00407633 0.00304189  0.0121679 -0.536538  0.473921  0.251216    0.0023243  -0.00167222 -0.000331692 -0.0144084   0.130849 -0.0138285 -0.137598  0.375993  -9.80083 
             65.6006  1.63362 -14.5397 -118.195  43.5134  6.66739 0.646583 -0.683056 -0.818351 0.0429611 0.00399484  0.0031433  0.0122268 -0.459127  0.475072  0.259404  0.00240466 -0.00163601 -0.00032778 -0.0129616    0.13206 -0.0131092 -0.136033  0.376158  -9.80084 
             65.7004  3.21528 -16.8382 -117.348  43.4675  6.71075 0.669079 -0.683477 -0.820641 0.0417283 0.00405433 0.00314428  0.0121679 -0.444044  0.458143   0.11022   0.00213788  -0.00151833 -0.000321518 -0.0136935    0.13123 -0.0136135 -0.136986  0.375934  -9.80084 
             65.8002  4.26837  -17.828 -115.745  43.4232  6.75664 0.666864 -0.680166 -0.821247 0.0412194 0.00402083 0.00311171  0.0121517 -0.478926  0.481354 -0.051209   0.00211497  -0.00151363 -0.000312319 -0.0130174   0.131672 -0.0128586 -0.13675 0.375695 -9.80085 
             65.9001  4.69183 -17.9639 -113.011  43.3662  6.81011 0.656526   -0.6837 -0.825027 0.0407732  0.0039912 0.00306964  0.0122113 -0.555355  0.534331 -0.178089  0.00227628 -0.00156578 -0.00039258 -0.0133805   0.132604 -0.0126473 -0.137067   0.37706  -9.80079 
             65.9999  4.07154 -17.1713 -109.867  43.3124  6.85462 0.642382  -0.68165 -0.822616 0.0379702 0.00403735 0.00303902  0.0123255 -0.550343  0.494061 -0.156507   0.00224537  -0.00154729 -0.000375435 -0.0144846   0.131233 -0.0128817 -0.137949  0.375932  -9.80082 
             66.1006  3.45391  -14.362 -107.158  43.2619  6.89919 0.620031 -0.681125 -0.824008 0.0389639 0.00409568 0.00305178  0.0122478 -0.451999   0.35918  -0.19267   0.00223047  -0.00156487 -0.000370862 -0.0137848   0.131326 -0.0123667 -0.137732  0.375877  -9.80083 
             66.2004  1.69162 -9.98636 -105.237   43.236  6.92835 0.604833 -0.682015 -0.821295 0.0402437 0.00404262  0.0030564  0.0122551 -0.199861  0.215386 -0.126625   0.00224444  -0.00182338 -0.000335736  -0.013123   0.130306 -0.0126401 -0.137062  0.375015  -9.80087 
             66.3002 0.460178 -6.33838 -104.756   43.234  6.94054 0.586935 -0.680325 -0.822631  0.039221 0.00413132 0.00305256  0.0122368     0.17789 -0.00230037   -0.115347  0.00213748 -0.00171331 -0.00024291 -0.0126211   0.130692 -0.0120717 -0.136978  0.375063  -9.80087 
             66.4001  -0.5191 -5.31528 -102.431  43.2671  6.94181 0.576208 -0.680598 -0.820547 0.0325335 0.00410599 0.00298326   0.012345   0.489732  -0.130098 -0.0978771   0.00218516  -0.00140746 -0.000470871 -0.0118781   0.131835 -0.0120613 -0.136054  0.375658  -9.80086 
             66.5003 -0.237565  -4.76747  -97.7435  43.3213  6.92185 0.565383 -0.680857  -0.82269 0.0365881 0.00410208 0.00294516  0.0122675  0.680705 -0.240203 -0.115281   0.00212071  -0.00136795 -0.000551428 -0.0122571   0.131688 -0.0119786 -0.13657 0.375737 -9.80085 
             66.6002  1.08931 -4.52158 -92.7757  43.3929  6.89109 0.558391 -0.687162 -0.822714 0.0445564 0.00414839  0.0029184  0.0121538  0.782479 -0.363061 -0.134753   0.00209484  -0.00136533 -0.000579275 -0.0127728   0.129959 -0.0125733 -0.136847  0.375403  -9.80086 
                66.7  1.84289 -4.11047 -88.0651  43.4777  6.84116 0.547642 -0.684914 -0.822569 0.0553433 0.00416194 0.00285378  0.0120274   0.822766  -0.494506 -0.0797842   0.00207891  -0.00135561 -0.000588414 -0.0131084   0.128568 -0.0128092 -0.137096  0.374266   -9.8009 
             66.8002  2.18231 -4.64869 -84.8092  43.5512  6.78767 0.549774 -0.693219 -0.825033 0.0583488 0.00420169 0.00289658  0.0120056   0.785741  -0.523359 -0.0032602   0.00220166  -0.00131361 -0.000562676 -0.0136789   0.127676 -0.0134161 -0.137662  0.374653  -9.80088 
             66.9001  3.20674 -5.57443 -82.9687  43.6226  6.73238 0.556167 -0.696848 -0.827062 0.0587785 0.00425549 0.00297567  0.0119972  0.745399 -0.540251  0.040253   0.00213194  -0.00122918 -0.000422866 -0.0140178   0.127326 -0.0138407 -0.138091  0.374804  -9.80086 
             66.9999  3.38787 -4.31398 -81.3454  43.6859  6.68763 0.563287 -0.704643 -0.825449 0.0567433  0.0043859 0.00276797  0.0118768   0.687343  -0.518524 0.00466313   0.00216623  -0.00132707 -0.000417574 -0.0139201   0.127611 -0.0139354 -0.137982  0.375933  -9.80082 
             67.1006  3.89387 -2.15387 -78.7491  43.7421  6.63489 0.558621 -0.709197 -0.826094 0.0530459 0.00448115 0.00274054  0.0117689   0.626439  -0.574558 -0.0889438   0.00225076  -0.00138777 -0.000464118 -0.0141013   0.128129 -0.0136587 -0.138388  0.376729  -9.80079 
             67.2004    3.59209 -0.0816356   -75.8685  43.8168  6.58025 0.540719 -0.706951 -0.821198 0.0606086 0.00448392 0.00275046   0.011762  0.642487 -0.622688 -0.180657   0.00233985  -0.00126034 -0.000491953 -0.0139485   0.127435 -0.0129931 -0.137636  0.376378  -9.80081 
             67.3002  3.49327 0.926747 -73.9773  43.8877  6.51825 0.531301 -0.704876 -0.822121 0.0646332 0.00441596 0.00272083  0.0117735  0.676295 -0.678281 -0.172253  0.00233402 -0.00129617 -0.00047031 -0.0134045   0.127086 -0.0140306 -0.137277  0.376002  -9.80083 
             67.4001  3.95417  1.22929 -73.0308  43.9572  6.44841 0.505895 -0.706458 -0.819246 0.0644008 0.00441562 0.00273262   0.011772  0.727215 -0.680402 -0.113372    0.0023308  -0.00126588 -0.000437149 -0.0140143   0.126905 -0.0129518 -0.137286  0.376093  -9.80083 
             67.4999  4.82704 0.780406 -72.2073  44.0273  6.38246 0.495694 -0.706988 -0.818954 0.0627235 0.00441987 0.00271595   0.011788  0.743572 -0.624258 -0.004468   0.00227819  -0.00126146 -0.000415184 -0.0141197   0.127079 -0.0127129 -0.137372  0.376224  -9.80082 
             67.6006   5.0294 0.457611 -70.5175  44.1036  6.32168 0.510838 -0.706594 -0.820716 0.0642843 0.00443545 0.00271712  0.0117969 0.735426 -0.60395 0.182076   0.00221333  -0.00126432 -0.000472433 -0.0137049   0.126935 -0.0132344 -0.137308  0.376136  -9.80082 
             67.7004  4.71234 -2.21495 -69.4736  44.1673  6.25957 0.536603 -0.709596 -0.823672  0.057688 0.00450063 0.00268962  0.0118099 0.730378 -0.61162 0.211402   0.00258374 -0.000918225 -0.000442366 -0.0134794   0.127133 -0.0136393 -0.137689   0.37634  -9.80081 
             67.8003  3.61698 -7.76977 -69.6395  44.2394  6.18208 0.575877 -0.713175  -0.84101 0.0578978 0.00487594 0.00269631  0.0111824  0.795213 -0.645295  0.208423    0.0030087 -0.000672112 -0.000406969 -0.0125048   0.126184 -0.0158811 -0.138458  0.375799  -9.80082 
             67.9001  2.38185 -13.9348 -70.1761  44.3273  6.11495 0.603531   -0.7106 -0.845331 0.0657163 0.00493213 0.00279074  0.0108578  0.846516 -0.616991  0.242991   0.00266117  -0.00051611 -0.000119983 -0.0125055   0.125526 -0.0167937 -0.138374  0.375175  -9.80085 
             67.9999  1.17229 -19.5624 -70.9411  44.4202  6.05911 0.634648 -0.707647 -0.845354 0.0735207 0.00495577 0.00279765  0.0108996  0.826977 -0.556547  0.285384     0.002599  -0.00058479 -8.14564e-05 -0.0121733   0.124726 -0.0175725 -0.137871  0.374894  -9.80086 
             68.1006  1.17361  -24.219 -73.2401 44.4812 6.00903 0.67522 -0.715395 -0.847911 0.0646996 0.00531027 0.00255701  0.0108549 0.666718 -0.52304 0.330098   0.00268808 -0.000622158 -6.62691e-05 -0.0116748   0.125317 -0.0187424 -0.138611  0.375801  -9.80082 
             68.2004  1.08418 -25.9026 -75.6994 44.5391  5.9589 0.70861 -0.716328  -0.84734 0.0646051  0.0053214 0.00249913  0.0107672  0.569884 -0.551168  0.177461  0.00266067 -0.00103245 7.24359e-05 -0.0115835   0.125453  -0.019388 -0.138658  0.376018  -9.80081 
             68.3003  1.91295 -26.6849 -78.0654  44.5961   5.9036 0.710621 -0.716904 -0.848237 0.0655286  0.0053539 0.00247606  0.0107157    0.5342 -0.585184 -0.103021  0.00252716  -0.0013073 0.000145563 -0.0111832   0.125242 -0.0189303 -0.138563  0.376018  -9.80081 
             68.4001  1.67752 -25.4696 -79.1245  44.6536  5.84169 0.693064 -0.718218 -0.847527 0.0617525 0.00538362 0.00245804  0.0108272  0.530552 -0.650662 -0.312803  0.00256945 -0.00135301 0.000122533 -0.0115819   0.124748 -0.0187864 -0.138546  0.375897  -9.80082 
             68.4999  1.17904 -21.7206 -79.1388 44.7229 5.77557 0.64894 -0.729248 -0.849578 0.0535629 0.00565908 0.00240223  0.0109023  0.590526 -0.673416 -0.381313  0.00253104 -0.00136862 0.000124643 -0.0113207   0.122009 -0.0178773 -0.138353  0.375716  -9.80083 
             68.6006  2.26111  -16.365 -78.4698  44.7783   5.7025 0.587662 -0.730187 -0.862144 0.0606984 0.00608108 0.00233428  0.0108664  0.660998 -0.660201 -0.386112  0.00210682 -0.00160361 3.77895e-05 -0.00892574    0.122166  -0.0165065 -0.138693  0.375734  -9.80082 
             68.7004   2.5527 -9.69853 -76.6421  44.8483  5.64625 0.528279 -0.738878 -0.878318 0.0620571 0.00666624 0.00238658  0.0105637  0.705265 -0.581917 -0.359718   0.00208325  -0.00169934 -9.58888e-05 -0.00508283    0.120507   -0.015017 -0.138697  0.376043  -9.80081 
             68.8003   2.8423 -4.38761 -73.9426   44.905  5.59172 0.473617 -0.735933 -0.887519 0.0678206 0.00685559 0.00254644   0.010592  0.712373 -0.558497 -0.382028  0.00215897 -0.00161735 -0.00020571 -0.00224102    0.122374  -0.0136444 -0.138978   0.37671  -9.80078 
             68.9001 3.43696 0.55603 -69.835  44.9715  5.52929 0.429274 -0.734743 -0.890908 0.0691029 0.00679367 0.00245686  0.0106421  0.734471 -0.590933 -0.397668   0.00198972  -0.00142399 -0.000421599 -0.0021013    0.12303 -0.0130974 -0.139288   0.37664  -9.80078 
             68.9999  3.05365  4.22152 -65.3356  45.0386  5.47025 0.393271  -0.73674 -0.890034 0.0656914 0.00670804 0.00258313  0.0106654   0.79803 -0.645195 -0.379743   0.00206279  -0.00136212 -0.000467981 -0.00189716    0.123918  -0.0134743 -0.139603  0.377182  -9.80075 
             69.1006  2.69103  5.93959 -61.4053  45.1203  5.40842 0.371152 -0.739298 -0.889955 0.0648436 0.00690412 0.00263991  0.0107998  0.835212  -0.71206 -0.203066  0.00210638  -0.0011647 -0.00039083 -0.00121639    0.123546  -0.0148765 -0.139532  0.377563  -9.80074 
             69.2004  2.58112  6.41172 -57.3936  45.1978  5.33033 0.372114 -0.743343 -0.899161  0.060894 0.00704832 0.00259022  0.0105064    0.8238 -0.733602  0.051288   0.00224735 -0.000971547 -0.000466015 -0.000750667     0.123535    -0.017132 -0.140067  0.377322  -9.80074 
             69.3002  2.31939  5.34776 -54.6712  45.2891  5.25278 0.393018 -0.739045 -0.911939 0.0712288 0.00736562 0.00266887  0.0101746   0.81802 -0.753472  0.177076   0.00227803 -0.000927216  -0.00040952 0.000520786    0.122661  -0.0199172 -0.13968 0.376479 -9.80078 
             69.4001  2.71701  3.59521 -52.0569  45.3666  5.17842 0.420262 -0.739742 -0.918628 0.0704754 0.00760214 0.00268475  0.0102343  0.755855 -0.761267  0.192634   0.00231585 -0.000894221 -0.000385841 0.00178786   0.122559 -0.0214897 -0.139856  0.376422  -9.80078 
             69.5003 3.52312 2.36013 -50.067  45.4334  5.10316 0.453315 -0.741793 -0.927997  0.065759 0.00787798 0.00269813   0.010366   0.73683 -0.799041  0.135866   0.00231765 -0.000922692 -0.000368398 0.00385663     0.1226 -0.0235744 -0.140312  0.376364  -9.80077 
             69.6001   3.67442 -0.937943  -48.9582   45.512  5.01872 0.460008 -0.741412   -0.9274 0.0655208 0.00784144 0.00273201  0.0103061  0.780415 -0.805434 0.0507522   0.00230921  -0.00087773 -0.000353137 0.00343925   0.122692 -0.0233777 -0.140207  0.376324  -9.80078 
                69.7   2.9003 -3.67466 -46.1389  45.5918  4.94886 0.458792 -0.742182 -0.924724 0.0691622 0.00780863 0.00278572  0.0103016  0.781213 -0.672665 0.0799783   0.00242296 -0.000905764  -0.00036271   0.003184   0.122185 -0.0227514 -0.140197  0.376454  -9.80077 
             69.8006  2.26782 -5.38705 -41.4392 45.6506 4.87075 0.46559 -0.741816 -0.923463 0.0559038 0.00767557 0.00278122  0.0103198   0.70879 -0.630279   0.13288    0.0023345 -0.000924062 -0.000476714 0.00306387   0.123874 -0.0225231 -0.140448  0.376046  -9.80078 
             69.9004   1.6382  -5.3649 -37.3509  45.7363  4.80485 0.468369 -0.743983 -0.920199 0.0616454 0.00772582 0.00260751  0.0105922  0.729097  -0.57378 0.0713641    0.0023109 -0.000969765 -0.000431792 0.00109354   0.123825 -0.0218367 -0.139514  0.376261  -9.80079 
             70.0003  1.50136 -6.03964 -33.4183  45.8077  4.75316 0.486538 -0.743662 -0.928888 0.0626203 0.00756393 0.00263556  0.0105536   0.765328  -0.548664 -0.0266889   0.00236384 -0.000971089  -0.00041725 0.00291443   0.123257   -0.02374 -0.139788  0.376175  -9.80079 
             70.1001  1.15184 -5.54315 -30.8205 45.8754 4.70145 0.46521 -0.742053 -0.921405 0.0544161  0.0077658 0.00253332  0.0103175  0.808343 -0.528382 -0.230286   0.00234194  -0.00102108 -0.000270378 0.00343434   0.123554 -0.0219472 -0.140945  0.375989  -9.80078 
                70.2  1.02586 -5.15121 -28.0123  45.9656  4.64645 0.414236 -0.743523 -0.906191 0.0568302 0.00810873 0.00252052  0.0103417  0.880246 -0.536948 -0.342201   0.00232149 -0.000928456 -0.000279182 7.69862e-05    0.123845  -0.0179475 -0.140321  0.376477  -9.80077 
             70.3006 0.450958 -2.33475 -25.0694  46.0374  4.58973 0.391943 -0.737737 -0.913842  0.049537 0.00800012 0.00250014  0.0100591    0.8186 -0.545062 -0.207266  0.00238234 -0.00102473 -0.00030197 0.00351812   0.125036 -0.0193804 -0.141544  0.375341  -9.80079 
             70.4005 0.511662 0.592379 -23.4346  46.1303  4.54554 0.371677 -0.744202 -0.913564  0.052702 0.00801695 0.00251685  0.0101601   0.791541  -0.497276 -0.0440224   0.00214336 -0.000972743 -0.000243334 0.00187537   0.122762 -0.0183262 -0.141382  0.376696  -9.80074 
             70.5003  1.39177  3.77677 -22.4461 46.2045 4.49445 0.40264 -0.736195 -0.925311 0.0523905 0.00762224 0.00267554  0.0101527  0.768641  -0.52682 0.0825101   0.00204809  -0.00106405 -0.000262206 0.00440899   0.123762 -0.0223869 -0.141448   0.37602  -9.80077 
             70.6001  2.64547  4.78005 -23.0588  46.2798  4.43508 0.408695 -0.738298 -0.925046 0.0474496 0.00772834  0.0026754  0.0102066    0.831677   -0.542755 -0.00487531   0.00199976 -0.000880505 -0.000151231 0.00478423   0.124412 -0.0227263 -0.141303  0.375498  -9.80079 
                70.7   3.3832  5.29467 -21.2079  46.3702  4.39061 0.393009 -0.739405 -0.916505 0.0579718 0.00764861 0.00268263  0.0102113   0.924562  -0.577095 -0.0437277   0.00207753 -0.000789642 -0.000327752 0.00293822    0.12253 -0.0205907 -0.141724  0.376373  -9.80075 
             70.8006  3.05169  4.00196 -18.0304  46.4741  4.31937 0.379293 -0.746793  -0.90892 0.0473716 0.00736853 0.00241487 0.00981659    0.988562   -0.632394 -0.00059609   0.00210973 -0.000703004 -0.000385682 0.000521912    0.123904  -0.0191414 -0.140309  0.376614  -9.80076 
             70.9005    2.974  1.19881 -14.7982  46.5827  4.24556 0.374998  -0.75307 -0.903655 0.0391524   0.007112 0.00202569 0.00924327  0.899181 -0.680989  0.102495   0.00233223 -0.000430068 -0.000405943 -0.00242007    0.125612   -0.018096 -0.13842 0.377405 -9.80076 
             71.0003   3.70173 -0.541839  -11.8387  46.6759  4.19445 0.398957  -0.74376 -0.916414 0.0539977 0.00750984 0.00206826 0.00928473  0.867083 -0.654668  0.137892   0.00228218 -0.000431151 -0.000395258 -0.00136117    0.124056  -0.0197578 -0.139446  0.378611   -9.8007 
             71.1001  3.40138 -1.99836 -11.9433  46.7454  4.09697 0.415081 -0.752557 -0.909081 0.0292885 0.00771165 0.00192154 0.00927983  0.808801 -0.761615  0.125704   0.00252281 -0.000483275 -0.000281933 -0.000139613     0.126826   -0.0203232 -0.138455  0.376105  -9.80081 
                71.2  3.66287 -2.98991 -12.3473  46.8257  4.02418 0.420958 -0.751829 -0.907508 0.0327727  0.0076632 0.00187827 0.00924494  0.831515 -0.803728  0.013358    0.0025676 -0.000477924 -0.000116372 -0.000312271     0.126121   -0.0199175 -0.138853   0.37627   -9.8008 
             71.3002  4.09572 -4.76365 -14.5031     46.9  3.93856 0.412531 -0.752614 -0.901303 0.0293533 0.00779122 0.00157883 0.00924733   0.845342  -0.830955 -0.0888126   0.00258907 -0.000492661  -8.4802e-05 0.00045844   0.126189  -0.019306 -0.139312  0.375184  -9.80083 
             71.4001  5.05179 -6.55952 -18.0177  46.9871  3.86937 0.406206 -0.755885 -0.907147 0.0348554 0.00741202 0.00156248  0.0091728   0.790586  -0.861802 -0.0161492   0.00235666 -0.000520338  3.76884e-05 0.000309225    0.123177  -0.0189622 -0.140402  0.376522  -9.80077 
             71.5003  5.61112 -7.39183 -22.5099  47.0642  3.77972 0.408674 -0.756231 -0.906928 0.0351636 0.00738277 0.00171103 0.00919735  0.640804 -0.929754 0.0413676   0.00245323 -0.000570936  0.000116576 -0.00055178    0.123495   -0.019127 -0.13991 0.376895 -9.80076 
             71.6002  6.47512 -7.27247 -29.6301  47.0998  3.66564 0.399809 -0.758687 -0.889807 0.0357746 0.00846409 0.00116687 0.00893833   0.426133   -1.05271 -0.0032117   0.00260146 -0.000703829  0.000127697 0.00115036   0.125877 -0.0174976 -0.139816  0.373809  -9.80088 
                71.7  6.83789 -6.23607 -38.0483  47.1466  3.57077 0.415552 -0.749447 -0.902815 0.0360888  0.0078171 0.00116328 0.00910006   0.330112   -1.03484 0.00354996   0.00252574 -0.000738766   0.00018436 0.00209834   0.125588 -0.0198785 -0.140188  0.374596  -9.80084 
             71.8006  7.16884 -5.52837 -46.7879  47.1761  3.49315 0.419472 -0.744357 -0.908253 0.0427389  0.00754782 0.000740188  0.00916007   0.212467  -0.942165 -0.0519123   0.00238286 -0.000802408  0.000224291 0.00298019   0.123875 -0.0204665 -0.141028  0.375589  -9.80079 
             71.9005  6.20043 -5.88776 -56.1186   47.196  3.39452 0.421486 -0.741891 -0.910844 0.0406344  0.00746878 0.000735647  0.00911757   0.129213  -0.920826 -0.0309426   0.00240884 -0.000929697   0.00026182 0.00298163   0.124414 -0.0212434 -0.140931  0.375441   -9.8008 
             72.0003  5.87317 -6.50222  -67.005  47.2178  3.28791 0.417732 -0.741066 -0.906664 0.0362494 0.00693373 0.00117942 0.00888516  0.136987 -0.818207  0.045588  0.00224693 -0.00102785 0.000354305 0.000835437    0.125171  -0.0208605 -0.140283  0.374623  -9.80084 
             72.1001  6.40855 -7.14529 -79.1582  47.2343  3.20228 0.421742 -0.740167 -0.905342 0.0341752 0.00661525 0.00151504 0.00879632  0.210042 -0.704613   0.11884  0.00217373 -0.00119894 0.000472943 -6.92487e-05     0.125589   -0.0205154 -0.140199  0.374005  -9.80086 
                72.2  5.34775 -5.47601 -90.1975  47.2765  3.13338 0.436861 -0.737457 -0.909113 0.0483361 0.00601829 0.00119127 0.00899027  0.341558 -0.646292  0.109219  0.00225313 -0.00131417 0.000414181 0.000174702    0.124329   -0.021268 -0.139191  0.373344   -9.8009 
             72.3006  4.67265 -5.21398 -101.021  47.3128  3.07126 0.429488 -0.734911 -0.897834  0.043655 0.00615459 0.00132822 0.00889901  0.431629 -0.588836 0.0182575  0.00225935 -0.00128379 0.000383126 -0.00142447    0.125514  -0.0191093 -0.139115  0.373575   -9.8009 
             72.4004  4.05989 -6.26194 -111.204  47.3559  3.01697 0.405464 -0.728052 -0.883473 0.0335027 0.00626759 0.00160298 0.00882722   0.602775  -0.516268 -0.0422605  0.00206971 -0.00132024 0.000388924 -0.00338055    0.128111   -0.016174 -0.139069  0.374022  -9.80088 
             72.5003   3.8416 -8.71146 -121.348  47.4086  2.96539 0.392623 -0.726555 -0.881319 0.0208687  0.0062279 0.00197786 0.00873064   0.757132  -0.498814 -0.0168392  0.00187575 -0.00135946 0.000409365 -0.0044384   0.129783 -0.0150168 -0.139963  0.374552  -9.80085 
             72.6001  3.21677 -9.44399  -130.47  47.4826  2.91933 0.390111 -0.726866 -0.880756 0.0114569 0.00631106 0.00219191 0.00869601  0.845967  -0.50379 0.0250261  0.00198587 -0.00145109  0.00045071 -0.00473971    0.130984  -0.0145835 -0.140196  0.375306  -9.80081 
                72.7  3.58643 -7.37786 -136.962  47.5512  2.86027 0.400393  -0.737157   -0.89875 0.00874834 0.00592222 0.00218835 0.00905414   0.763339  -0.604051 -0.0162639  0.00193926 -0.00163925 0.000423502 -0.00461575    0.128956  -0.0158608 -0.142393  0.375801  -9.80076 
             72.8006  3.47146 -6.19184 -145.023 47.6029 2.79967 0.38923  -0.746294  -0.914028 -0.0110672 0.00567299 0.00255761  0.0092723  0.671714 -0.715025   -0.2319  0.00189144 -0.00161293 0.000461463 -0.00587931    0.129722  -0.0157736 -0.144813  0.378326  -9.80063 
             72.9004  2.16325 -6.24631 -150.216   47.641  2.73645 0.355862  -0.756742  -0.928674 -0.0370519 0.00534568 0.00276557 0.00925424  0.559332 -0.791909 -0.444469  0.00189707 -0.00158803 0.000291922 -0.00844146    0.131838  -0.0153286 -0.147342  0.382391  -9.80044 
             73.0003  1.69179 -5.88483 -152.803  47.6928  2.66823 0.331395  -0.773167   -0.93549 -0.0437423 0.00517299 0.00299243 0.00922868  0.588196 -0.879767 -0.327391  0.00185611 -0.00166316 0.000163616 -0.0077675   0.132475 -0.0173852 -0.146346  0.384731  -9.80036 
             73.1001  2.00473 -4.73771 -153.814  47.7723  2.56785 0.325787  -0.784758  -0.929477 -0.0237999 0.00550901 0.00325017 0.00913755  0.641393 -0.924391 -0.123984   0.0016381   -0.001768 0.000108823 -0.00450755    0.126732  -0.0202475 -0.144705  0.380759  -9.80054 
                73.2 0.998978 -3.11559 -153.375  47.8512  2.46363 0.313786  -0.775918  -0.918864 -0.0128527 0.00582889 0.00350672  0.0090373    0.67888  -0.983988 0.00510311  0.00165294 -0.00178212 0.000139586 -0.00285375    0.125376  -0.0194569 -0.14368 0.377644 -9.80067 
             73.3006 0.130482 -2.34769 -151.905  47.9164  2.35857 0.309716  -0.774079  -0.921278 -0.0145558 0.00592798 0.00339713   0.009037   0.652565   -1.02924 -0.0925266  0.00182233 -0.00172914 6.04938e-06 -0.00325494    0.124671  -0.0193306 -0.144666  0.377396  -9.80067 
             73.4005 -1.33029 -2.21084 -150.556  47.9808  2.24933 0.303571  -0.773671   -0.92473 -0.0155056 0.00601505 0.00335545 0.00902319  0.670832  -1.09928 -0.138718   0.00166669  -0.00163486 -1.45605e-05 -0.00316387     0.12384  -0.0199435 -0.145378  0.377056  -9.80067 
             73.5003 -1.55749 -3.46246 -152.151  48.0576  2.12061 0.294623   -0.763396   -0.921014 -0.00547159 0.00609447 0.00350251 0.00899548   0.76218  -1.16007 -0.106416  0.00165575 -0.00165567 8.15358e-05 -0.00197623    0.121769  -0.0207697 -0.145896  0.374009  -9.80078 
             73.6001 -1.53438 -4.06887 -153.692  48.1334  2.01433 0.285861  -0.767697  -0.921932 -0.0110938   0.006121 0.00340828 0.00901965  0.820642  -1.10243 0.0148802  0.00173863 -0.00166597 0.000114252 -0.00277261    0.122722  -0.0201496 -0.145773  0.375424  -9.80073 
                73.7 -1.75314 -2.76068 -153.858 48.2092  1.9215 0.28449 -0.774884 -0.922451 -0.020507 0.00620183 0.00325393 0.00905468  0.828606 -0.991592  0.106941   0.00155046   -0.0017969 -4.42963e-05 -0.00410092    0.123976  -0.0191578 -0.145619  0.377497  -9.80065 
             73.8006 -1.78329 -1.19621 -154.147  48.2852  1.83197 0.295169  -0.780289  -0.929306 -0.0312967 0.00625079 0.00315987 0.00913664   0.79644 -0.903803 0.0467955  0.00163664 -0.00198221 -3.1419e-05 -0.00461382    0.124538  -0.0192883 -0.146106  0.379014  -9.80059 
             73.9005 -1.10876 -1.23013 -153.613  48.3757  1.73171 0.287227   -0.771628   -0.911799 -0.00717589 0.00617784 0.00335206   0.009031  0.857418 -0.825444 -0.040056   0.00128627  -0.00173556 -8.64114e-05 -0.00423216    0.123054  -0.0182654 -0.145103  0.376059  -9.80071 
             74.0003 -0.924473  -2.27243  -153.656   48.461  1.65862 0.289313  -0.771863  -0.920319 -0.0160004 0.00623824 0.00329822 0.00904722   0.898137  -0.677687 -0.0606918    0.0013582  -0.00173976 -6.30563e-05 -0.00389586     0.12408  -0.0192436 -0.145393  0.377051  -9.80067 
             74.1002 -0.050195  -4.24304  -154.491  48.5465  1.60645 0.298761  -0.770334  -0.936245 -0.0317215 0.00644571 0.00321411 0.00912847   0.849397  -0.586983 -0.0446303   0.00144773  -0.00176647 -7.11521e-05 -0.00285992    0.127119  -0.0213924 -0.14528 0.379205 -9.80059 
                74.2 -0.260276  -5.07957   -157.03  48.6489  1.54881 0.294628   -0.769534    -0.92524 -0.00279959 0.00622401 0.00310209 0.00922003    0.920846   -0.522001 -0.00605749  0.00137353 -0.00183482 -4.6394e-05 -0.000533099     0.126742    -0.021547 -0.142469  0.377312  -9.80071 
             74.3002  0.56305 -4.38952   -158.5  48.7416  1.49281 0.299178    -0.765574     -0.92748 -0.000406153 0.00617203 0.00315963 0.00922916   0.895591  -0.498949 -0.0185103   0.00131996   -0.0018965 -7.71351e-05 8.46661e-05    0.126484  -0.0221648 -0.142722  0.376646  -9.80073 
             74.4001 0.125896 -2.59829 -161.583  48.7948  1.45776 0.282288  -0.776208  -0.936126 -0.0300277 0.00659145 0.00321029 0.00945878  0.671523 -0.550581 -0.118786   0.00139842  -0.00185351 -5.96008e-05 -0.0033443   0.127313 -0.0207346 -0.144946   0.38025  -9.80056 
             74.4999 -0.59542 -2.80221 -165.386  48.8477  1.39675 0.254606  -0.778902   -0.93699 -0.0365915 0.00668372 0.00337115 0.00944205  0.587951 -0.637259 -0.181956  0.00137091    -0.00182 -2.9753e-05 -0.00474013    0.126482   -0.019644 -0.146223  0.380762  -9.80052 
             74.6006 -1.51484  -4.8485 -168.546  48.9027  1.31563 0.228851  -0.776957   -0.93763 -0.0383454 0.00658394 0.00352843 0.00938164   0.643718  -0.698488 -0.0771959     0.001446  -0.00172583 -2.32385e-05 -0.00529628    0.125016  -0.0188951 -0.147593  0.380061  -9.80052 
             74.7004 0.122323  -4.6538 -171.761  48.9911  1.24273 0.232149  -0.774613  -0.927739 -0.0254146  0.0064612  0.0035746 0.00937079  0.734458 -0.684917 0.0472368   0.00111977  -0.00208712 -1.54965e-05 -0.0032291   0.125426 -0.0196059 -0.145146  0.378271  -9.80063 
             74.8003  0.62961 -2.63993 -172.485  49.0614  1.19696 0.245347   -0.78195  -0.932708 -0.0290545 0.00632312 0.00352242 0.00945975  0.707971 -0.541424 0.0156558  0.00118121 -0.00213021 -5.5058e-05 -0.00316051    0.126446  -0.0203233 -0.144475   0.37985  -9.80058 
             74.9001  0.66843 -2.14227 -172.853  49.1347  1.13239 0.248069  -0.776521  -0.932251 -0.0255491 0.00635717 0.00358988 0.00944297  0.744299 -0.541283 -0.059908     0.001246  -0.00210534 -6.82105e-05 -0.00258115    0.125835  -0.0208054 -0.144821  0.378681  -9.80062 
                  75 0.0803486   -2.9062  -171.954  49.2331  1.05733 0.253081   -0.763674   -0.923777 -0.00130749 0.00645998 0.00394028  0.0096095   0.897873  -0.579721 -0.0776982   0.00119419  -0.00214608 -7.43221e-05 0.000480576    0.125202  -0.0225139 -0.143266   0.37503  -9.80078 
             75.1006  -1.0619  -3.6468 -169.916  49.3258 0.981201  0.25072  -0.757711  -0.925535 0.00295698 0.00663165 0.00396423 0.00964226   0.935771   -0.62979 -0.0755868  0.00117091 -0.00210433 -0.00010612 0.00113537   0.123868 -0.0232077 -0.144202    0.3736  -9.80082 
             75.2005 -1.55261 -3.23603 -169.049  49.4151 0.909158  0.23757    -0.7576  -0.921867 0.00489116 0.00668732 0.00400524 0.00963545  0.858634 -0.678854  -0.03706  0.00120152 -0.00213628 3.70409e-06 0.000548899    0.122883  -0.0225085 -0.144695  0.373091  -9.80083 
             75.3003 -1.17929  -3.0967 -168.527  49.4906 0.860226 0.230828  -0.763115  -0.926086 -0.0134907 0.00680967 0.00393159 0.00968631  0.857505 -0.554134 0.0495581  0.00108998 -0.00207107 1.50694e-05 -0.00191954    0.124045  -0.0215339 -0.145738  0.375681  -9.80072 
             75.4001  1.33071 -2.24744 -167.118  49.5699 0.824147 0.229017    -0.7722  -0.927512 -0.0271002 0.00691018 0.00366014 0.00987201   0.79444 -0.513746 0.0269438   0.00103926  -0.00201892 -2.13297e-05 -0.00373811    0.125678  -0.0203186 -0.145498  0.378355  -9.80062 
                75.5 0.304661 -1.51115 -167.991  49.6496 0.765041 0.229154  -0.769776  -0.925761 -0.0224341 0.00684762  0.0036634 0.00986028   0.771681  -0.620879 -0.0631106  0.00119624 -0.00205326  6.1287e-05 -0.00314007     0.12554   -0.020617 -0.145183  0.377636  -9.80065 
             75.6006 -0.436241  -2.97637  -167.073  49.7373 0.682618 0.218379  -0.762695  -0.921447 -0.0113821 0.00675028 0.00379154 0.00995211  0.863708 -0.757735 -0.153104   0.00112203  -0.00187007 -9.80981e-06 -0.00181883    0.124359  -0.0209727 -0.145045  0.375404  -9.80074 
             75.7005 -0.931467  -4.27486  -165.195  49.8172  0.59385 0.206727  -0.759932  -0.926322 -0.0140637 0.00683965 0.00377707 0.00984676  0.887195 -0.827525 -0.104371   0.00113306  -0.00178623 -4.03722e-05 -0.00252198    0.122694  -0.0213253 -0.147043  0.374936  -9.80073 
             75.8003 -0.324762  -4.38686  -163.318  49.9137 0.504414 0.198993   -0.756604   -0.921067 -0.00567004 0.00679745 0.00390059 0.00983429     0.929049    -0.860536 -0.000922465   0.00109677  -0.00181868 -3.12439e-05 -0.00126687    0.122095  -0.0213129 -0.146264  0.373337   -9.8008 
             75.9001  1.01276 -3.43802 -159.117  50.0128 0.425458 0.195474   -0.755787   -0.913756 -0.00246664 0.00677934 0.00397047 0.00975426  0.93217 -0.76506 0.042228   0.00108584  -0.00184329 -4.50908e-05 -0.00104407    0.123137   -0.020608 -0.144936  0.373202  -9.80083 
                  76 0.754014 -1.89313 -150.934  50.1104 0.336758 0.196711  -0.747863  -0.908531 0.00623746 0.00708299 0.00408554 0.00972049  0.923493 -0.660118 0.0472543   0.00106219  -0.00186155 -9.06278e-05 -0.000771749     0.121683   -0.0204462 -0.14547 0.371227 -9.80089 
             76.1006  1.33661 -2.97663 -141.138  50.1953 0.285811 0.212044   -0.751463   -0.916205 -0.00169607 0.00689175 0.00396363 0.00971875  0.899707 -0.473551   0.10356   0.00103107  -0.00180935 -0.000134705 -0.000597865     0.122306   -0.0211916 -0.145674  0.372283  -9.80085 
             76.2004 0.620535 -4.90025 -129.678  50.2842 0.262662 0.223946   -0.757927   -0.917007 -0.00448414 0.00666549 0.00416253 0.00976292 0.928624 -0.27205 0.100747  0.00143889 -0.00159995 -9.4925e-05 -0.00057621     0.12319   -0.021113 -0.144976  0.373471  -9.80082 
             76.3003 0.473507 -6.39086 -117.756  50.3666 0.260674 0.228361  -0.767884  -0.918468 -0.0136571 0.00639855 0.00445593 0.00979389  0.894943  -0.10053 0.0481773    0.0016072  -0.00153833 -0.000138537 -0.00108731    0.124012  -0.0205212 -0.144717  0.375196  -9.80075 
             76.4001 0.248322 -6.11324 -106.506  50.4449 0.279176 0.238952  -0.774469  -0.921994 -0.0220631 0.00637981 0.00480066 0.00976862  0.871885  0.047849 0.0787933   0.00164098  -0.00158295 -0.000195528 -0.000997956     0.125557    -0.020683 -0.144345  0.377034  -9.80069 
             76.4999  1.23801 -6.00329 -96.4991  50.5314 0.315956 0.249794  -0.779968  -0.919297 -0.0193166 0.00672681 0.00495066 0.00968428  0.888565  0.191955 0.0836919   0.00152136  -0.00161751 -0.000194551 -0.000545068     0.126876   -0.0206078 -0.143166  0.378559  -9.80065 
             76.6006 0.047514 -6.73158 -86.1079   50.577 0.329652 0.222114  -0.790285  -0.922482 -0.0497763  0.0062965 0.00544444 0.00971399   0.805859   0.225399 -0.0198255  0.00198316  -0.0013448 -0.00032085 -0.00360387    0.126452  -0.0181058 -0.145873  0.379706  -9.80056 
             76.7004 0.620999 -6.46758 -76.9589  50.6802 0.342304 0.231827  -0.785096  -0.922471 -0.0383988 0.00610302 0.00523028 0.00971992   0.861743   0.224132 -0.0204426 0.000771107  -0.0015212 0.000221586 -0.00286499    0.125809  -0.0191593 -0.145108  0.378477  -9.80062 
             76.8003  0.32407 -6.31912  -68.197  50.7467 0.370753  0.22057  -0.787985   -0.92289 -0.0463313 0.00628705 0.00542978 0.00971792   0.806241   0.272412 -0.0632197 0.000738989 -0.00150003 0.000288403 -0.00326188     0.12638   -0.018389 -0.145837   0.37924  -9.80058 
             76.9001  0.38587 -6.00715 -60.1538  50.8212  0.40486 0.218235  -0.788219  -0.923674 -0.0468315  0.0064233 0.00540894 0.00970464   0.740921   0.288389 -0.0535858 0.000809261 -0.00138244 0.000367816 -0.00280898    0.126642  -0.0186405 -0.145892  0.379579  -9.80057 
                  77  1.34153 -5.59755 -53.5688  50.8682  0.43315 0.203415  -0.790697  -0.923616 -0.0528935 0.00672711 0.00559764 0.00971102  0.618035  0.294391 -0.100573 0.000754096 -0.00129858 0.000508199 -0.0028217   0.127573 -0.0176794 -0.146855  0.380052  -9.80053 
             77.1006  2.19784 -5.39431  -48.339  50.9128 0.448068 0.190764  -0.790973  -0.923832 -0.0591758 0.00682308 0.00596796 0.00977478   0.511022   0.236006 -0.0878928 0.000835652 -0.00123031 0.000533956 -0.00373556    0.128642  -0.0172251 -0.147486  0.379689  -9.80054 
             77.2004  2.55371  -4.4164 -44.0986  50.9462  0.45893 0.202759  -0.785514  -0.928121 -0.0666845 0.00698663  0.0063147 0.00982112  0.402631  0.142935 0.0349631 0.000912645 -0.00127632 0.000632025 -0.00379203    0.130914  -0.0191754 -0.148071  0.379203  -9.80055 
             77.3003  3.18516 -3.60738 -40.9313  51.0033 0.467288 0.210771  -0.783559  -0.930128 -0.0669155 0.00666558 0.00648593 0.00991442  0.471918 0.0718221  0.144377 0.000891502 -0.00121018 0.000642042 -0.00493635    0.130283  -0.0193165 -0.147242  0.379159  -9.80056 
             77.4001   3.4934 -3.93237 -38.3721  51.0566  0.45967 0.225609 -0.785327 -0.931175 -0.071536 0.00667767 0.00669409 0.00985918   0.506079 -0.0423797   0.190249 0.000842133 -0.00112889 0.000616939 -0.00604239    0.130753  -0.0190516 -0.14682 0.378854 -9.80058 
             77.4999  3.62999 -7.89796 -36.3356  51.1148 0.464125  0.22013  -0.791526  -0.927841 -0.0667404 0.00619088 0.00668927  0.0100783   0.560814 -0.0542184   0.077297 0.000778159 -0.00099245 0.000650688 -0.00599791    0.128435  -0.0163889 -0.14673  0.37935 -9.80056 
             77.6006  4.22413  -11.677 -34.8578   51.178  0.45517 0.246784  -0.782896  -0.929301 -0.0684529  0.0064843 0.00670946  0.0098877  0.612802 -0.122525   0.10441  0.000756181 -0.000978125   0.00067321 -0.00668073    0.129639   -0.018471 -0.146635  0.379476  -9.80056 
             77.7005  3.83631 -13.4141  -32.302  51.2559 0.438729 0.253541  -0.783115  -0.930005 -0.0705634 0.00645735 0.00668198 0.00989562  0.690205 -0.212155 0.0303902 0.000621401 -0.00112028 0.000676202 -0.00814965    0.129442  -0.0181635 -0.145983  0.380043  -9.80055 
             77.8003  3.30626  -15.077 -30.8461  51.3206 0.404484 0.256595  -0.781003  -0.926563 -0.0641945  0.0064697 0.00665524 0.00989864   0.702826  -0.303488 -0.0409625 0.000641487 -0.00113027 0.000672514 -0.00838193    0.130993  -0.0185255 -0.145538  0.379303  -9.80058 
             77.9001  3.89133  -16.193 -30.7975   51.399 0.377092 0.233845  -0.787337    -0.9325 -0.0664729 0.00651198 0.00667807 0.00991063  0.702639 -0.283566 -0.150128 0.000649935  -0.0010806 0.000716697 -0.00799496     0.12974  -0.0169344 -0.145404  0.379844  -9.80056 
                  78   4.4087 -15.1704 -29.4911  51.4685  0.38241 0.225012 -0.794646 -0.937877 -0.084834 0.00637347 0.00671165 0.00952558  0.647164 -0.152425 -0.177974 0.000485952 -0.00118509  0.00077148 -0.00741023     0.12597  -0.0174313 -0.146865   0.38117  -9.80049 
             78.1006  3.72261 -12.3199 -28.5957  51.5273 0.348682 0.193194  -0.791153  -0.937152 -0.0751947 0.00654644 0.00671836 0.00951805  0.604321 -0.195679 -0.242137 0.000647956 -0.00118664 0.000732853 -0.00698411    0.127864  -0.0167128 -0.146305    0.3804  -9.80053 
             78.2004  4.34729  -9.2031 -28.8021  51.5539 0.326256 0.174167 -0.784093 -0.936346  -0.07292  0.0063859 0.00658547 0.00917683  0.496065 -0.201124 -0.286976 0.000516169 -0.00136911 0.000825765 -0.00453919    0.129342  -0.0177977 -0.14722 0.379165 -9.80056 
             78.3003  4.40554 -6.11793 -28.5909  51.6084 0.310775 0.148325 -0.784782 -0.936678 -0.073839 0.00635015  0.0065968  0.0091898  0.565672 -0.170873 -0.331057 0.000508154 -0.00137084 0.000804162 -0.00487044    0.128815  -0.0181088 -0.147261  0.379452  -9.80055 
             78.4001  4.75843 -2.90548 -28.6379  51.6818 0.298217  0.12156  -0.787378   -0.93654 -0.0727232 0.00634469 0.00662809 0.00920012  0.712785 -0.174902 -0.285867 0.000461906 -0.00135298 0.000806503 -0.00619307    0.127778  -0.0183313 -0.146912   0.38016  -9.80053 
             78.4999  4.04554 0.199342 -28.0173   51.7612  0.262672 0.0997868  -0.786133  -0.933141 -0.0699832 0.00628504 0.00654443 0.00912709  0.846373 -0.263039 -0.189573 0.000565215 -0.00131885 0.000767196 -0.00699237    0.129373  -0.0185584 -0.146106  0.379638  -9.80056 
             78.6006  3.59355  1.76269 -27.2874   51.8461  0.241211 0.0887761  -0.785905  -0.933653 -0.0709168 0.00630141 0.00656626  0.0091649  0.848239 -0.209264 -0.030279 0.000509477  -0.0012209 0.000644939 -0.00670289    0.129123  -0.0186866 -0.146347  0.379664  -9.80056 
             78.7004  3.51741  3.27288 -25.3807  51.9229 0.222634  0.10702  -0.786842  -0.935679 -0.0720711  0.0064255 0.00663025 0.00921051  0.831751 -0.175048 0.0621436 0.000414992 -0.00131872  0.00048345 -0.00574186    0.128573  -0.0206417 -0.14679 0.379349 -9.80056 
             78.8003  3.33826  4.78432 -23.5875       52  0.21289 0.102359    -0.7824  -0.928136 -0.0742411  0.0064125 0.00676147 0.00927275    0.803803   -0.146537 -0.00393371 0.000457682 -0.00131777 0.000488847 -0.00608134    0.128344  -0.0189773 -0.147643  0.379439  -9.80055 
             78.9001  4.10122  6.69786 -21.0042    52.085  0.199747 0.0888374  -0.781792  -0.923175 -0.0737578 0.00642398 0.00669151 0.00925335  0.858593 -0.136546 -0.118371 0.000429066 -0.00124919 0.000437577 -0.00729505    0.128538  -0.0176766  -0.1475 0.379714 -9.80054 
             78.9999   4.0325   8.4891 -17.6599   52.1729  0.178258 0.0723588  -0.783147  -0.921688 -0.0791909 0.00633988 0.00661131 0.00923996  0.902252 -0.198387 -0.186645 0.000548836 -0.00128034 0.000296796 -0.00770923    0.129562  -0.0175278 -0.147033  0.379384  -9.80056 
             79.1006  3.96409  9.50756 -13.5391  52.2919 0.160212 0.042816  -0.786818    -0.9137 -0.0617234 0.00651998 0.00619411 0.00917732   1.02874 -0.225723  -0.19147 0.000559373 -0.00119354 0.000268103  -0.013135   0.128932 -0.0158431 -0.145008  0.381592   -9.8005 
             79.2004  4.36257  10.2288 -9.26572   52.3922  0.138526 0.0255555  -0.786907   -0.91055 -0.0632239 0.00650306 0.00621564 0.00917418    1.00392  -0.186918 -0.0379325 0.000517879  -0.0011731 0.000190733 -0.0134323   0.128964 -0.0152773 -0.145163  0.381492   -9.8005 
             79.3003   4.8626  11.0569 -4.20211   52.5007  0.143018 0.0205594 -0.791387 -0.909264  -0.03776 0.00678866 0.00616379 0.00921767   1.01485 -0.108722 0.0468736 0.000436978 -0.00113951 0.000190722   -0.01542   0.125115 -0.0141085 -0.145584  0.383561  -9.80042 
             79.4001  4.6515 11.0604 0.18596   52.6058  0.130271 0.0314582  -0.791597  -0.917152 -0.0376825 0.00678723 0.00612921 0.00921748   1.01088  -0.10887 0.0273269 0.000459353 -0.00110251 0.000194411 -0.0143501   0.125354 -0.0151327 -0.145298  0.383606  -9.80042 
                79.5 4.79259 10.8889 2.58493  52.6963 0.121309 0.043329   -0.79019  -0.923695 -0.0390681 0.00681595 0.00607842 0.00930742    1.01825 -0.0848351 -0.0138038 0.000456413 -0.00112268 0.000235839 -0.0121097   0.125044 -0.0161766 -0.145884  0.383043  -9.80043 
             79.6006 4.86353 10.9962 4.33978   52.7691  0.125221 0.0430805  -0.786944  -0.920378 -0.0383895  0.0067812 0.00579231 0.00935691    0.98305 -0.0204902 -0.0749618  0.00037394 -0.00122716 0.000315203 -0.0100881   0.123517  -0.015805 -0.147698   0.38199  -9.80045 
             79.7004 4.07471 9.61891 6.31899   52.8746  0.116776 0.0322455  -0.786703  -0.916158 -0.0429457 0.00679758 0.00581889 0.00929086    1.04841 -0.0318935 -0.0469844  0.00046043 -0.00101537 0.000280939 -0.0112298   0.124591 -0.0154461 -0.147131  0.382042  -9.80045 
             79.8003 3.45888 8.40924 8.42049   52.9927  0.106984 0.0281709  -0.787763  -0.914155 -0.0452619 0.00684234 0.00579097 0.00918329    1.11534 -0.0729341   0.033591 0.000476466  -0.0010253 0.000285622 -0.0129437   0.126019 -0.0155711 -0.145905  0.382653  -9.80045 
             79.9001 2.49835 7.43093 10.1525   53.1113  0.064181 0.0349344  -0.784147  -0.908667 -0.0695162 0.00685491 0.00568199 0.00911341   1.09052 -0.223156  0.149478 0.000533697 -0.00100898 0.000291244 -0.0130418   0.131166  -0.016094 -0.143825  0.381245  -9.80053 
             79.9999 2.45227 7.75239 11.0684   53.2189 0.0592292 0.0578546  -0.782651  -0.916835 -0.0575008 0.00678308  0.0057748 0.00910225    1.0742 -0.201986  0.193816 0.000419713 -0.00100313 0.000269296 -0.0123967   0.129327  -0.016628 -0.144638  0.382073  -9.80049 
             80.1006 3.48518 7.21999 10.5844   53.3403 0.0347157 0.0708529  -0.784273  -0.918562 -0.0615143 0.00682979 0.00583299 0.00915412   1.16926 -0.217046 0.0820102  0.000397146 -0.000942412  0.000291572 -0.0129564   0.130053 -0.0166544 -0.14403 0.382465 -9.80048 
             80.2004 4.15673 6.20303 10.0396   53.4433 0.0270662 0.0702682  -0.783992  -0.913625 -0.0502175 0.00672912 0.00581547 0.00907563     1.1773  -0.207409 -0.0287148  0.000434611 -0.000922631   0.00033787 -0.0130796   0.127833 -0.0157503 -0.145245  0.382382  -9.80047 
             80.3002 4.35014 4.38501  10.442   53.5536 0.0187978 0.0660052 -0.784684 -0.914033  -0.04197 0.00671299 0.00591466 0.00908859    1.16724  -0.168128 -0.0207102 0.00038524 -0.0009416  0.0003037 -0.0128658   0.125931 -0.0153366 -0.146204  0.382546  -9.80045 
             80.4001 4.87044 2.22084 11.4128    53.6524 0.00113811   0.077255  -0.780703  -0.920186 -0.0386376  0.0067199 0.00607419 0.00920559    1.0087 -0.189195  0.114456 0.000348589  -0.0010049  0.00029008 -0.0102423   0.125362 -0.0163539 -0.147085  0.381559  -9.80047 
             80.5003 5.14011 1.25004 13.4541    53.7595 0.00313281  0.0786641  -0.785522  -0.917426 -0.0332358 0.00696777 0.00597863 0.00925495   0.991042 -0.0765026   0.144545  0.000298076 -0.000956428  0.000276753 -0.0129262   0.123697 -0.0149319 -0.147371  0.383287   -9.8004 
             80.6001 4.69032 1.00965 14.7044   53.8735 0.0072293 0.0888092  -0.788171  -0.922283 -0.0288702 0.00704527 0.00593435 0.00944953    1.03433 -0.0107976  0.0544095  0.000339394 -0.000912398  0.000298587 -0.0141852   0.123529 -0.0148209 -0.146854  0.384704  -9.80035 
                80.7  4.03929 0.942145  16.4842     53.9806 0.000811018    0.090067   -0.78887  -0.923431 -0.0304347 0.00699637 0.00590932 0.00943355    1.09261 -0.0393666 -0.0897773  0.000364734 -0.000910761  0.000295241 -0.0137257   0.123744 -0.0151853 -0.146692  0.384472  -9.80036 
             80.8006 3.99733 1.43598 16.5203    54.0872 -0.0371312  0.0681025  -0.785241   -0.91448 -0.0436458 0.00702025 0.00563622 0.00933567     1.138 -0.126501 -0.181272 0.000332394 -0.00102167 0.000466226 -0.0122969   0.126713  -0.014617 -0.145924  0.382252  -9.80046 
             80.9005      4.2359 -0.00586507     15.8192     54.196 -0.0511019  0.0572038  -0.783835  -0.917259 -0.0441989 0.00700469 0.00558112 0.00942451    1.16604   -0.14073 -0.0290327 0.000346441 -0.00098643 0.000491424 -0.0108511   0.126481 -0.0149951 -0.146363  0.381634  -9.80048 
             81.0003   3.30001 -0.915946   16.0038   54.3286 -0.066985  0.056879  -0.786855  -0.913533 -0.0445747 0.00708095 0.00553584 0.00929514   1.20938 -0.167547 0.0716758   0.00035598 -0.000934726  0.000468646  -0.013921   0.127739 -0.0145448 -0.14496 0.383148 -9.80044 
             81.1001   2.5888 -1.94776  15.4005    54.4404 -0.0698301  0.0805024  -0.782247  -0.922763 -0.0440193 0.00708921 0.00555075 0.00935581   1.12332 -0.129462  0.200039 0.000264575 -0.00105469 0.000537318 -0.0128148   0.126236  -0.016216 -0.14635  0.38356 -9.80041 
                81.2  3.23652 -1.66376  14.1778    54.5503 -0.0679444  0.0977234  -0.780142   -0.92601 -0.0437279 0.00710298 0.00558213 0.00931747    1.14786 -0.0453805   0.150421 0.000224284 -0.00106239  0.00056934  -0.013391   0.125002 -0.0156967 -0.147318  0.384489  -9.80035 
             81.3006  3.77867 -2.33292  13.3907    54.6537 -0.0648675   0.117061  -0.773228  -0.928584 -0.0422396 0.00704476 0.00570946 0.00927318    1.1376 -0.024261 0.0718518 0.000333708 -0.00110896 0.000602162 -0.0118847   0.124044 -0.0167745 -0.14869 0.383857 -9.80036 
             81.4005  4.59492 -4.99026  14.0326    54.7537 -0.0560213   0.115352  -0.768712  -0.930181 -0.0414267 0.00702116 0.00596368  0.0094109    1.10238  0.0222749 -0.0269568  0.000269383 -0.000944605  0.000477783 -0.0105891      0.122 -0.0161329 -0.15062  0.38344 -9.80035 
             81.5003  4.39793 -7.54085  14.8118    54.8736 -0.0711311   0.104232  -0.770725  -0.920264 -0.0408017 0.00672376  0.0057611 0.00930724    1.08455 -0.0211238 -0.0710212  0.000395029 -0.000893072   0.00045683  -0.011814   0.125531 -0.0151274 -0.147981  0.382894  -9.80041 
             81.6001  4.15557 -7.97734  17.6451    54.9875 -0.0780336  0.0927586  -0.772634  -0.913068 -0.0393465 0.00658338 0.00545513 0.00934321    1.01882   0.013373 -0.0871206 0.000393618  -0.0010037 0.000347075 -0.013859  0.128157 -0.014182 -0.145838  0.383338  -9.80042 
                81.7   3.8289 -5.82224   21.861    55.0914 -0.0796746  0.0831512  -0.774179  -0.911137 -0.0379462 0.00646113 0.00520055 0.00955805   0.961304 0.00781949  -0.114021 0.000371454 -0.00101139 0.000339726 -0.0149735   0.129667 -0.0142855 -0.144484  0.383789  -9.80042 
             81.8002  3.71905 -1.94934   25.837    55.1838 -0.0619034  0.0539843  -0.776984  -0.911135 -0.0402092 0.00733209 0.00521282 0.00968274  0.940964 0.0747989  -0.27024 0.000211028 -0.00103699  0.00031037 -0.0173628   0.126753 -0.0114125 -0.146354  0.385833  -9.80032 
             81.9001 3.80682 1.85451 28.9075    55.2662 -0.0585756  0.0150254  -0.772833  -0.906122 -0.0439933 0.00743764 0.00513207 0.00939398   0.9399 0.113792 -0.39624 0.000197269 -0.00115264 0.000301622 -0.0160182   0.126721 -0.0107338 -0.147142  0.384394  -9.80036 
             81.9999  3.6291 4.92656 32.2034     55.356 -0.0304579 -0.0175499  -0.775855  -0.912611 -0.0430749 0.00748321  0.0051737 0.00940358  0.965194  0.177262 -0.334746  0.00015844 -0.00111086 0.000286538 -0.0159596   0.124247 -0.0111851 -0.148429  0.385194  -9.80031 
             82.1006 3.89241  6.8996  36.014     55.4441 -0.00635419  -0.0474706 -0.777188 -0.915156 -0.042037 0.00749774   0.005209 0.00950258   0.97322  0.143836 -0.195556 9.24576e-05 -0.00107898 0.000267254  -0.015435   0.122223 -0.0108752 -0.149661  0.385187  -9.80029 
             82.2004 4.05641  8.7641  37.815    55.5493 0.00458952   -0.04817  -0.775397  -0.922142 -0.0439246 0.00762723 0.00525426 0.00943351   0.955386   0.141545 0.00225828 0.000312969  -0.0010222 0.000518159 -0.0147714   0.123626 -0.0124381 -0.148937  0.385486  -9.80029 
             82.3002 4.29555 10.5815 40.1037   55.6395 0.0193591 -0.034063  -0.772336  -0.929877 -0.0421877 0.00766275 0.00526931 0.00947498  0.918083  0.146853 0.0956355 0.000263706 -0.00103512 0.000495886 -0.0131765   0.123591 -0.0136876 -0.149212   0.38528  -9.80029 
             82.4001 4.42033 11.7173  42.859    55.7363  0.0389635 -0.0163655  -0.772083  -0.943869 -0.0418918 0.00771082 0.00524639 0.00948485  0.981672  0.187155 0.0685362  0.000275352 -0.000988166  0.000467598 -0.0115215   0.123738 -0.0151736 -0.149167  0.385809  -9.80027 
             82.4999 4.96208 11.8672 44.9958    55.8406  0.0473749 -0.0179319 -0.773864 -0.932934 -0.049326 0.00764714 0.00520059 0.00949456   1.05627   0.16513 0.0171927  0.000294504 -0.000858313  0.000503784 -0.0123466   0.124647 -0.0143125 -0.148496  0.385084  -9.80031 
             82.6006   5.089 10.2083 47.2581    55.9549  0.0577346 -0.0206801  -0.775394  -0.925963 -0.0553831 0.00756246 0.00516221 0.00944833   1.13889 0.0946911 0.0260919  0.000337047 -0.000749753  0.000476297 -0.0134434   0.125569 -0.0135708 -0.147859  0.385034  -9.80032 
             82.7004 4.72321 7.39143 49.0048    56.0742  0.0619513 -0.0125087  -0.775737  -0.930263 -0.0604844 0.00764853 0.00510017  0.0094047      1.1343 -0.00176014    0.118179   0.00037828 -0.000725329  0.000497169 -0.0130243   0.126658 -0.0142879 -0.147249  0.385309  -9.80032 
             82.8002 4.66038 5.32131 50.8221      56.193   0.0759067 -0.00378499 -0.779558 -0.930827 -0.062698 0.00768442 0.00507211 0.00922296  1.08631 0.100996 0.160997  0.000355521 -0.000641686  0.000503983   -0.01574   0.126545 -0.0136462 -0.147248  0.387292  -9.80025 
             82.9001 4.00916 3.68712 51.5671   56.2864 0.0982655 0.0171716   -0.77785   -0.93614 -0.0524208 0.00767174 0.00514762 0.00924997 0.967958 0.183099 0.191855  0.000333156 -0.000683321  0.000542085  -0.015166   0.124705 -0.0139047 -0.148437  0.387417  -9.80022 
             83.0003 4.42423 2.10038 54.6239   56.3615  0.107476 0.0373818  -0.771443  -0.931998 -0.0466033 0.00764056  0.0054063 0.00913887 0.931918 0.195225 0.103322  0.000285179 -0.000745449  0.000510141 -0.0133405   0.123345 -0.0141112 -0.14957 0.385391 -9.80028 
             83.1001 3.59131 1.55016 57.4743   56.4517  0.170118 0.0221763  -0.773071  -0.933485 -0.0355155 0.00806662 0.00528647 0.00942748  0.969943  0.410925 -0.063488  0.000188545 -0.000640307  0.000473507 -0.0180901   0.121501  -0.012038 -0.151137  0.388824  -9.80013 
                83.2   2.8859 -0.28757  59.7717   56.5561  0.197305 0.0171173 -0.770786  -0.93041 -0.037505 0.00795648 0.00527214 0.00946875     1.02226    0.361097 -0.00222772  0.000234279 -0.000649313  0.000494087 -0.0164223   0.122877 -0.0122997 -0.150185   0.38741   -9.8002 
             83.3006  2.36081 -1.27117  62.5685   56.6588  0.225298 0.0250513  -0.769505  -0.929355 -0.0363831 0.00792147 0.00528979 0.00946568  1.01394 0.276382 0.143742  8.94007e-05 -0.000681292  0.000432497 -0.0156263   0.123071 -0.0123643 -0.150017  0.386736  -9.80023 
             83.4004 2.40129 -2.4212 64.1549   56.7508  0.257262 0.0454654  -0.768209  -0.936441 -0.0387375  0.0079463  0.0053736 0.00943399 0.957778 0.217721 0.213554 -1.49902e-05 -0.000651876   0.00057896  -0.015706   0.121763 -0.0128959 -0.151323  0.387329  -9.80018 
             83.5002   2.6161 -2.64335  64.6018   56.8494  0.280042 0.0716026  -0.767264  -0.946067 -0.0416423 0.00792191 0.00548652 0.00951345 0.947574 0.202009 0.127848  5.65276e-05 -0.000664851   0.00062691 -0.0152138   0.122591 -0.0144517 -0.151114  0.388111  -9.80015 
             83.6001  4.11322 -3.36877  65.2415   56.9369   0.30075 0.0739205  -0.765679   -0.94481 -0.0409724 0.00790479 0.00547651 0.00943281   0.945717   0.156947 -0.0368109 -1.30874e-05 -0.000638715  0.000618162 -0.0155219   0.121467 -0.0138064 -0.152058  0.387978  -9.80014 
             83.6999  3.65273 -4.12153  66.9458   57.0341  0.298291 0.0620775   -0.76443  -0.940065 -0.0370222 0.00782661 0.00558804 0.00944937  0.990833  0.017268 -0.142739 4.18094e-05  -0.0007038 0.000580864 -0.0141035   0.122044 -0.0136787 -0.151265  0.386555  -9.80021 
             83.8006   3.3373 -4.67163  68.7598   57.1743  0.276958 0.0493791  -0.761866  -0.931164 -0.0398839 0.00766356 0.00539496 0.00941714    1.11945  -0.121996 -0.0914954  0.000213017 -0.000715832  0.000566216 -0.0137397   0.128183 -0.0140482 -0.147091  0.386295  -9.80029 
             83.9004  2.44444 -3.86261  70.9225   57.2817  0.277262 0.0347867  -0.768184  -0.930042 -0.0461845 0.00784874 0.00534989 0.00956665     1.0523 -0.0971761 -0.0346898  0.000304844 -0.000694193  0.000576806  -0.016516   0.127111 -0.0128364 -0.147842  0.388056  -9.80021 
             84.0002 1.99565 -2.2686 74.1108   57.3847  0.270908 0.0314481  -0.768504  -0.931997 -0.0473841 0.00785496 0.00531932 0.00960654    1.01226 -0.0563527 -0.0599432 0.000256319 -0.00068367 0.000549091 -0.0166532   0.127036 -0.0129768 -0.14799 0.388355 -9.80019 
             84.1001    1.98568 -0.0204354    76.5624   57.4847   0.25896 0.0273403  -0.765336  -0.929878 -0.0445027 0.00772715  0.0053591 0.00949771   1.00736 -0.024289 -0.155892 0.000139897  -0.0007569 0.000510119  -0.015267   0.127321 -0.0137155 -0.147642  0.387112  -9.80025 
             84.2003 1.77317 2.30782 78.2156   57.5728  0.268568 0.0134724   -0.76454   -0.93945 -0.0457204 0.00774639 0.00548663 0.00954457   1.00164 0.0737131 -0.253876  0.000182847 -0.000735514  0.000576643 -0.0154442   0.125304 -0.0144557 -0.149499  0.387795  -9.80019 
             84.3001 2.40498 3.57763  79.569    57.6583   0.282953 -0.0167224    -0.7647  -0.941786 -0.0465811 0.00774805  0.0055463 0.00949874   1.01105  0.121204 -0.266689  7.07783e-05 -0.000703968  0.000572149 -0.0159113   0.122561 -0.0137016 -0.151531   0.38777  -9.80016 
                84.4 2.29939 4.74794 81.1436    57.7474    0.31128 -0.0499049  -0.769719  -0.943342 -0.0536425 0.00781787 0.00561038 0.00937463   1.00541  0.123086 -0.198925  3.95363e-05 -0.000655404  0.000592153 -0.0191554   0.119976 -0.0121856 -0.153742  0.389646  -9.80005 
             84.5006 1.56214 5.92666 82.7204    57.8396   0.326182 -0.0671946  -0.770895  -0.945237 -0.0548438 0.00783681 0.00565019 0.00937604   0.961901  0.0936442 -0.0906059 -5.96244e-06 -0.000633759  0.000590667 -0.0197261   0.118688  -0.011894 -0.154718  0.389961  -9.80002 
             84.6005 1.64128 8.78818 82.8485    57.9355   0.324871 -0.0640809  -0.767746   -0.94238 -0.0501044 0.00775673 0.00556803 0.00927819  0.858148  0.123981 0.0165914   6.0522e-05 -0.000831649  0.000717991 -0.0181572   0.119538 -0.0126101 -0.153828  0.388756  -9.80009 
             84.7003 3.06421   11.01  82.555    58.0182   0.340928 -0.0579083  -0.766383  -0.945849 -0.0487219 0.00771811 0.00560756 0.00926952 0.827096 0.224789 0.027222  9.46296e-06 -0.000808271  0.000777921 -0.0172714   0.119468 -0.0131955 -0.153905  0.388512  -9.80009 
             84.8002 3.38585 11.6916 84.7514    58.0952   0.358471 -0.0459147  -0.762362  -0.950989 -0.0424738 0.00770962 0.00576071 0.00934067  0.845573  0.209585 0.0423976 -9.01357e-05 -0.000778533  0.000617559 -0.0148931   0.118633 -0.0144935 -0.154308  0.387238  -9.80014 
                84.9 3.03654 9.05836 87.6588    58.2004   0.366572 -0.0379298  -0.766108  -0.946948 -0.0505264 0.00758889 0.00574735 0.00948839  0.945408  0.086064 0.0931364 -1.13493e-05 -0.000729166  0.000626651 -0.0138954   0.120549 -0.0148019 -0.152407   0.38675  -9.80019 
             85.0003 2.5453 6.1354  90.78     58.287   0.388688 -0.0242562  -0.767194  -0.956355 -0.0522739 0.00778155 0.00552565  0.0091407  0.929276 0.0673571  0.202896  5.04076e-05 -0.000631467  0.000631039 -0.0153994   0.119782 -0.0150067 -0.153743  0.388608  -9.80009 
             85.1001  1.6272 4.64347 93.5276    58.3854   0.382281 0.00393611  -0.766366  -0.954123 -0.0526191 0.00769163 0.00553406 0.00921309  0.850573 0.0591216  0.222618  4.58743e-05 -0.000709145  0.000636472 -0.0132378   0.120913 -0.0156948 -0.152385  0.387273  -9.80017 
             85.1999 1.23106 3.31013 96.2028   58.4657  0.407237 0.0125093  -0.769886  -0.953695 -0.0586781 0.00778161 0.00553189 0.00924709   0.7962 0.190535 0.118102  9.23567e-05 -0.000661814   0.00067547 -0.0160759    0.12079 -0.0145515 -0.153076  0.389065  -9.80009 
             85.3006 1.36658 3.05329  98.258     58.5277    0.430843 -0.00305113  -0.765609  -0.937533 -0.0497397 0.00801638 0.00552137 0.00911327    0.71018   0.291667 -0.0949239 -9.17889e-05 -0.000641078  0.000693136 -0.0189767   0.118935  -0.011904 -0.154479  0.388439  -9.80009 
             85.4004 1.09485 1.65968 99.9885    58.6241   0.463326 -0.0114482  -0.769234  -0.937246 -0.0618996 0.00802575 0.00540482 0.00922136  0.736383   0.35308 -0.163013  0.000229669 -0.000601727  0.000754223 -0.0190908   0.123282 -0.0126912 -0.151745  0.389874  -9.80007 
             85.5002 0.755401 0.536263  104.011   58.6796  0.506721 -0.012131   -0.77194  -0.950524 -0.0632124 0.00810841 0.00536375 0.00919163   0.684826   0.365876 -0.0131172  0.000207582 -0.000590317  0.000714334 -0.0196528   0.120643 -0.0145362 -0.154061   0.39093      -9.8 
             85.6001 -0.114033  0.447584   108.424    58.7332   0.535862 -0.0127556  -0.771458  -0.951973 -0.0595296 0.00822464 0.00550918 0.00917129  0.611047  0.272022 0.0158804   1.8952e-05 -0.000522124  0.000616229 -0.0190828   0.117791 -0.0143445 -0.155658  0.389801  -9.80002 
             85.6999 -1.41648 0.209819  112.657    58.7792   0.554236 -0.0113641  -0.769457   -0.95331 -0.0565742 0.00832389 0.00560777 0.00919054  0.553528  0.159703 0.0303329  5.91191e-05 -0.000507666  0.000631785 -0.0187784   0.115459 -0.0142901 -0.157163  0.388875  -9.80003 
             85.8006 -1.07949  1.65353  116.857    58.8481   0.563631 -0.0150067  -0.769296  -0.942855 -0.0524993 0.00830846  0.0055898 0.00909901  0.611974  0.128456 0.0124787  6.33333e-05 -0.000565041  0.000634349 -0.0188107   0.116812 -0.0135067 -0.155611  0.388352  -9.80007 
             85.9004 -0.395235   2.41772   120.651     58.9185    0.584303 -0.00143098   -0.77136  -0.953073 -0.0584958 0.00823265 0.00565139 0.00920469  0.689745  0.167159 0.0171537  0.000137009 -0.000521595  0.000704947 -0.0177789   0.118044 -0.0149691 -0.155147  0.389256  -9.80005 
             86.0002 0.129452  1.30177  123.916    58.9851   0.591491 0.00534336  -0.768057  -0.954176 -0.0519973 0.00820002 0.00568444  0.0092155  0.758515 0.0981915 0.0205051  0.000199791 -0.000519588  0.000731302 -0.0166517   0.117259 -0.0155977 -0.155381   0.38826  -9.80008 
             86.1001  0.163636 -0.619042   127.855   59.0584  0.580313 0.0066221  -0.764851  -0.950381 -0.0373079  0.0081359 0.00573779 0.00933679   0.799294 -0.0490443 0.00512521 0.000240018 -0.00049894 0.000713178 -0.0152211   0.115668 -0.0157665 -0.155363  0.386407  -9.80015 
             86.1999 -0.815106 -0.392238   131.701      59.124    0.595499 -0.00965087  -0.770031  -0.951375 -0.0555737 0.00819707 0.00573064  0.0092464   0.768023 -0.0733545 -0.0572255  0.000373693 -0.000408855  0.000803403 -0.0189629   0.115264 -0.0141914 -0.15716 0.388559 -9.80004 
             86.3006 -0.839426  0.959932   135.737     59.168   0.572217 -0.0137236   -0.76613  -0.957068 -0.0466772 0.00821874   0.005825 0.00933482   0.636788  -0.159297 -0.0484188  0.000257065 -0.000405006  0.000785397 -0.0189659   0.111797 -0.0144756 -0.159605  0.387394  -9.80005 
             86.4004 -0.598089   3.19655   137.231    59.2368    0.55691 -0.0354574 -0.768541 -0.947068 -0.048141 0.00835989 0.00577167 0.00928099  0.612685 -0.234582 -0.143268 -0.000146682 -0.000347142   0.00091331 -0.0204544   0.112276 -0.0130189 -0.159056  0.387683  -9.80005 
             86.5002 0.205621  3.07059  137.661    59.296  0.518491 -0.049282  -0.766799  -0.945848 -0.0415293 0.00827346 0.00573123 0.00924271  0.597662 -0.392383 -0.173501 -0.000101371 -0.000307967  0.000967664 -0.0195183   0.111598 -0.0132557 -0.158889  0.386734  -9.80009 
             86.6001 0.682007  3.46378  139.049    59.3805   0.477366 -0.0534151  -0.767812  -0.947699 -0.0436942 0.00827603 0.00556196 0.00931458  0.715535 -0.503513 -0.141161 -0.000101277 -0.000357525  0.000951632 -0.0172475   0.113589 -0.0144358 -0.156948  0.386722  -9.80012 
             86.6999 1.03301 4.86632 141.136    59.4814   0.453519 -0.0565888  -0.771908   -0.95157 -0.0600485 0.00836137 0.00541474 0.00937656  0.826054 -0.460805 -0.090259 -7.25308e-05 -0.000382593  0.000914364 -0.0168712   0.117219 -0.0150589 -0.155284  0.388697  -9.80007 
             86.8006 1.56034   8.412 143.545    59.5805   0.426372 -0.0480093   -0.77564  -0.959415 -0.0701831 0.00828367 0.00532906 0.00938656  0.866998  -0.37655 0.0129983  -6.2477e-05 -0.000432144  0.000901684 -0.0156968   0.118965 -0.0161404 -0.154437   0.38979  -9.80004 
             86.9004  1.9491 12.0612 146.683    59.6711   0.405167 -0.0498246  -0.776126  -0.957009 -0.0754015 0.00831854 0.00528759 0.00938773  0.852187 -0.207981 0.0252577 -3.85014e-05 -0.000436498   0.00086209 -0.0164355   0.119925 -0.0157138 -0.15418  0.39038 -9.80002 
             87.0002 2.54304 12.9668 149.105    59.7602   0.338768 -0.0284101  -0.771245  -0.957578 -0.0483533 0.00822934 0.00550013  0.0094203  0.881479 -0.227795  0.029101 -0.000227958 -0.000371328   0.00101245 -0.0125725   0.117383 -0.0172423 -0.153468  0.387326  -9.80015 
             87.1001  3.5273 11.8284 151.843    59.8775   0.345381 -0.0486162  -0.778474  -0.940425 -0.0623514 0.00795013 0.00532111  0.0094859   0.951231  -0.184297 -0.0305608 -0.000144939 -0.000288218  0.000971179 -0.0149114   0.120146 -0.0149555 -0.151459  0.388772  -9.80012 
             87.2003 3.27932 11.5721 155.038    59.9823   0.353123 -0.0662784  -0.783779  -0.931161 -0.0801892 0.00780372 0.00521825  0.0093515   0.966313  -0.165312 -0.0192237 -1.41342e-05 -0.000289504  0.000980856 -0.0174852   0.122279 -0.0132533 -0.150809  0.390446  -9.80007 
             87.3002 2.73101 10.9365 160.179    60.0668   0.344604 -0.0655372  -0.784324  -0.937949 -0.0884529  0.0078774  0.0050822 0.00924499  0.965092 -0.167821 0.0480521  1.18185e-06 -0.000237645   0.00093297 -0.0183304   0.122119 -0.0135101 -0.152027  0.391202  -9.80002 
                87.4 2.65304 10.5064 164.673    60.1662   0.371181 -0.0572888 -0.788792 -0.947607 -0.119449 0.00780828 0.00486299 0.00906701   0.926665 -0.0603247  0.0521465  6.86661e-05 -0.000187571  0.000923422 -0.0189076    0.12525 -0.0138856 -0.152096  0.393816  -9.79991 
             87.5002 2.50631  11.298 168.353    60.2529   0.353196 -0.0561471 -0.787605 -0.945596 -0.113059  0.0078179 0.00490328 0.00909145    0.861338   -0.128813 -0.00341532 -2.92987e-05 -0.000229597  0.000931169 -0.0189757   0.124583 -0.0137561 -0.152188   0.39331  -9.79993 
             87.6001 2.45649 10.4547 171.966    60.3328   0.323714 -0.0594453 -0.786223 -0.944666 -0.103827 0.00781421 0.00496432 0.00909717   0.830236  -0.188486 -0.0368808  0.000283826 -9.41391e-05  0.000879671 -0.0189171   0.123424  -0.013776 -0.152466  0.392577  -9.79996 
             87.7003 2.30676 10.3775  174.91    60.4058   0.293767 -0.0551201  -0.787428  -0.950753 -0.0977606 0.00778885 0.00506454 0.00910025  0.810716 -0.223808 0.0332098  0.000390494 -0.000135913  0.000912114  -0.018535   0.121827 -0.0144966 -0.153308  0.392126  -9.79996 
             87.8002 2.76661 7.95327 176.986    60.4667    0.23981 -0.0500219  -0.786644  -0.955937 -0.0793333 0.00773233 0.00539129 0.00879348  0.781944 -0.300487 0.0487373  0.00023008 -4.5863e-05 0.000914925 -0.0194166     0.1178 -0.0151016 -0.155522  0.390593  -9.79999 
                87.9 2.53827 5.63565 179.587    60.5324   0.202168 -0.0438989  -0.786382  -0.959945 -0.0763253 0.00774027 0.00548953  0.0086535  0.734219  -0.31398 0.0857166 0.000259202 5.64096e-05 0.000903218 -0.0201448   0.116478 -0.0153375 -0.156748  0.390311  -9.79998 
             88.0002  2.27345  4.92662 -177.475    60.6128   0.158039 -0.0354382  -0.783932  -0.954358 -0.0629177 0.00768575 0.00553193 0.00863126  0.761126 -0.265977  0.109583  0.00022371 2.25107e-05 0.000900315 -0.0199048   0.115291 -0.0150836 -0.156338  0.389161  -9.80003 
             88.1001  2.54114  4.57445 -174.142    60.6901   0.114981 -0.0287604  -0.780066  -0.947923 -0.0473883  0.0076724 0.00559947 0.00857292  0.727813 -0.215304  0.098824  0.00016327 3.92654e-05 0.000905468 -0.0200588   0.113743 -0.0146927 -0.156179  0.387769  -9.80009 
             88.2003  1.73621   3.9391 -171.881    60.7604   0.110931 -0.0173141  -0.782533  -0.950851 -0.0564922 0.00770117 0.00554977 0.00857989   0.709806 -0.0871646   0.099218 0.000228347 5.13722e-05 0.000926062 -0.0200756   0.114757 -0.0148266 -0.156226  0.388654  -9.80005 
             88.3001 0.686581  2.19204  -168.82    60.8303   0.113667 -0.0211792 -0.786573 -0.945973 -0.060898 0.00770696 0.00557226 0.00855759  0.715455 0.0259181 0.0548996 0.000349112 0.000263215   0.0009109 -0.0212616   0.114981 -0.0134856 -0.156226   0.38923  -9.80003 
                88.4  0.0953786 -0.0294215   -166.266     60.8884    0.128346 -0.00691192  -0.784448  -0.956634 -0.0794173 0.00781203 0.00553198 0.00846741 0.659483 0.104282 0.066033 0.000358889 0.000282822 0.000922167 -0.0216736   0.116395 -0.0146229 -0.157581  0.390193  -9.79997 
             88.5006 -0.573605  -2.56241  -164.448     60.9492    0.142542 -0.00318157 -0.785696 -0.959333 -0.091116 0.00786036 0.00555368 0.00840394  0.672048 0.0865829 0.0425837 0.000410537 0.000321865 0.000943685 -0.0227164   0.116877 -0.0143323 -0.158481  0.390826  -9.79993 
             88.6004 -0.85783 -4.08603 -162.465     61.0207    0.130461 -0.00446571  -0.782976  -0.954952 -0.0813292  0.0077707 0.00563758 0.00834188   0.701699 -0.0375203  0.0152774 0.000257744 0.000305048 0.000987083 -0.0228655   0.114775 -0.0138954 -0.158518   0.38927  -9.79999 
             88.7003 -0.73522  -2.7131 -160.671     61.0947    0.125363 -0.00364257  -0.784527  -0.950869 -0.0744632 0.00775571 0.00554737 0.00814225   0.650301  -0.214876 -0.0116616 0.000321056 7.51758e-05 0.000980676 -0.0217911   0.115439 -0.0137909 -0.157188  0.389563      -9.8 
             88.8001 -0.945081  -2.81544  -157.811    61.1705  0.0966636 -0.0030258  -0.782957  -0.946054 -0.0631613 0.00763548 0.00560903 0.00796454   0.676837  -0.316793 -0.0731408 0.000280726 0.000143345  0.00092248 -0.0198027   0.115112  -0.014554 -0.155465  0.388798  -9.80006 
                88.9 -0.84578 -3.42564 -152.569    61.2313  0.0626547 -0.0149035  -0.782729  -0.947875 -0.0670388 0.00766978 0.00548639 0.00798384  0.612981 -0.350631 -0.110817 0.000333112 0.000242979 0.000808186 -0.0208846   0.115174  -0.013974 -0.156343  0.389011  -9.80004 
             89.0006 -0.523215  -2.94768  -149.304    61.2878  0.0324392 -0.0323565 -0.782225 -0.948054 -0.067555 0.00767848 0.00546465 0.00798971  0.490685 -0.294961 -0.174897 0.000338862 0.000221789 0.000828344 -0.0207446   0.115995 -0.0133327 -0.156201  0.389463  -9.80002 
             89.1004 0.941366 -3.57502 -146.925     61.3474 -0.00899106  -0.0416304  -0.781485  -0.942768 -0.0616685 0.00755729  0.0055167 0.00785796  0.368999 -0.256478 -0.116701 0.000252954 0.000279185  0.00100905 -0.0193806   0.113309 -0.0145921 -0.155067  0.387508  -9.80012 
             89.2003  2.67002 -3.10817 -145.702    61.3675 -0.0148856 -0.0534191  -0.783334  -0.946199 -0.0636066 0.00772777 0.00548789 0.00799344  0.176645  -0.14369 -0.076499 0.000293208 0.000302682 0.000987652 -0.0198536    0.11529 -0.0138907 -0.155521  0.389018  -9.80005 
             89.3001  3.86129 -1.26851  -143.97    61.3696 -0.0143417 -0.0640028  -0.788408  -0.948503 -0.0614446 0.00788002 0.00542466 0.00804451 -0.0278733  -0.168964 -0.0773939 0.000683927 5.26985e-05  0.00102288 -0.0198629   0.116706 -0.0134525 -0.155583  0.390471  -9.79999 
                89.4   2.5768 0.550339 -140.332    61.3435 -0.0331119 -0.0789509  -0.791708  -0.956594 -0.0763043 0.00793608 0.00531462 0.00808832 -0.208859 -0.191223 -0.077754 0.000794612 0.000128801 0.000973394 -0.0210007   0.117098 -0.0127555 -0.157216  0.391055  -9.79994 
             89.5006   3.35052 -0.418367   -134.52    61.3108 -0.0506895  -0.102332  -0.796494   -0.96032 -0.0781443 0.00787626 0.00531308 0.00806583   -0.37068  -0.135323 -0.0976494 0.000766627 0.000268502 0.000897601 -0.0208305    0.11653 -0.0114517 -0.157555  0.391228  -9.79993 
             89.6004   3.67841 0.0457366  -128.771    61.2674 -0.0701963  -0.108832  -0.794989  -0.961041 -0.0815335 0.00790894 0.00526458 0.00807231  -0.493267  -0.111933 -0.0031342 0.000408965 0.000311248 0.000811636 -0.0211245   0.116272 -0.0114346 -0.15782 0.390905 -9.79994 
             89.7003   4.00793 -0.278227   -123.61    61.2106 -0.0752808  -0.104284  -0.796229  -0.961617 -0.0815219 0.00788626 0.00526266 0.00805851  -0.606573 -0.0852633  0.0573379 0.000561469 0.000538513 0.000795232 -0.0211172     0.1166 -0.0116107 -0.157895  0.391203  -9.79992 
             89.8001  3.56866 -1.29985 -119.203    61.1514 -0.0869958 -0.0915606  -0.792232  -0.960397 -0.0803647 0.00792286 0.00525938 0.00808274  -0.698608 -0.0910246  0.0524689 0.000528256 0.000546536  0.00082697 -0.0210677   0.116664 -0.0122628 -0.157692  0.390865  -9.79994 
                89.9  3.87181   -2.908 -116.746    61.0772  -0.091734 -0.0807573   -0.79181  -0.959768 -0.0790459 0.00796596  0.0052329  0.0081078  -0.825616 -0.0948178  0.0323139 0.000578027 0.000671194 0.000934071 -0.0208896   0.116981 -0.0128147 -0.157547   0.39104  -9.79994 
             90.0006   4.5129 -3.84149 -116.567   60.9813 -0.109273 -0.076031 -0.789803 -0.961467 -0.082244 0.00797694 0.00539365 0.00808277   -1.02907  -0.162796 -0.0142418 0.000584753 0.000705393 0.000984147 -0.0213666   0.117093 -0.0132036 -0.15799 0.390783 -9.79994 
             90.1004  4.57709 -6.28893 -117.832    60.8894  -0.128663 -0.0773275   -0.78736  -0.958904 -0.0770871 0.00776799 0.00527825 0.00811586     -1.18258    -0.121237 -0.000851353  0.00075423 0.000901697  0.00121992 -0.0207092   0.116305 -0.0131997 -0.157155  0.390287  -9.79997 
             90.2003  4.75742 -8.14326 -120.553    60.7776  -0.129868 -0.0662484 -0.786558 -0.957183 -0.071481 0.00768401 0.00502551 0.00817859 -1.28298 0.055689 0.121658 0.000684086 0.000803896  0.00124731 -0.0196649   0.116139 -0.0137841 -0.156318  0.390382  -9.79998 
             90.3001  4.77205 -10.5454 -124.844    60.6288  -0.103294 -0.0447518   -0.78796   -0.95758 -0.0709366    0.00805  0.0049407 0.00816919 -1.37416 0.245539 0.213387 0.000808716 0.000748569  0.00126176  -0.019881   0.117618 -0.0142616 -0.156768  0.391303  -9.79994 
                90.4  4.53978 -11.2362 -131.797     60.4892  -0.0696533 -0.00575404  -0.782969  -0.955933 -0.0718983 0.00810634 0.00490072 0.00818303 -1.39404 0.384136 0.232146 0.000788192   0.0005127  0.00159787 -0.0202256   0.118643 -0.0156651 -0.156804  0.391407  -9.79993 
             90.5006  3.31263 -11.9915 -139.068    60.3478 -0.0163204  0.0156135  -0.784042   -0.95368 -0.0681704 0.00824006 0.00473498 0.00809929  -1.38434  0.499429 0.0957745   0.0008539 0.000458842  0.00158322 -0.0200852   0.119182 -0.0160056 -0.15656  0.39191 -9.79992 
             90.6005  2.59011 -13.0961 -146.181   60.2093 0.0469715 0.0349565    -0.7817  -0.951025 -0.0653226 0.00832863 0.00458381 0.00801944  -1.38428  0.566493 0.0111793 0.000607393 0.000186069  0.00149699 -0.0200847   0.120319 -0.0172741 -0.156266  0.392434   -9.7999 
             90.7003  1.28154 -13.9481 -152.739   60.0779  0.107299 0.0524833  -0.778153  -0.948634 -0.0628148 0.00833198 0.00446443 0.00797619  -1.30186  0.486289 0.0746897 0.000675328 0.000105196  0.00148965 -0.0199538   0.121068 -0.0187917 -0.155801  0.392617   -9.7999 
             90.8001 0.0438653  -14.1664  -157.512   59.9548  0.157435 0.0647898   -0.77783  -0.948603 -0.0618463 0.00833021 0.00447833 0.00794943 -1.17358 0.449436 0.156846 0.000689679 5.53484e-05  0.00146073 -0.0198586   0.121436 -0.0189077 -0.155734  0.392804  -9.79989 
                90.9 0.0040065  -12.6195  -160.142   59.8379  0.188466 0.0686754  -0.776731  -0.950551 -0.0657442 0.00844808 0.00436303 0.00800519 -1.09544 0.326078  0.14684  0.000384348 -0.000337927   0.00108666 -0.0200494   0.121005 -0.0177003 -0.156214  0.392458   -9.7999 
             91.0006 0.137789 -11.0431 -163.266   59.7351  0.210822 0.0694613  -0.773398  -0.947986 -0.0679911 0.00856017 0.00437259 0.00786259   -1.09066   0.220545 0.00524659  0.000354148 -0.000352161   0.00110681 -0.0195754   0.120856 -0.0170442 -0.155872  0.391929  -9.79993 
             91.1004 -0.378925  -9.02349  -166.108   59.6244  0.221754 0.0436507   -0.76416   -0.94946 -0.0729941 0.00873633  0.0042999 0.00780983  -1.17286   0.13324 -0.143981  0.000245528 -0.000394942     0.001078 -0.0189061   0.121648 -0.0151157 -0.156048  0.391446  -9.79994 
             91.2003 -0.41169 -9.19087 -168.626   59.5013  0.238329 0.0378491  -0.767814  -0.948748 -0.0709535  0.0087364 0.00431437 0.00779015  -1.23186  0.107944 -0.113315   0.00023949 -0.000374858   0.00104335 -0.0196686   0.121539 -0.0157941 -0.156204  0.391838  -9.79993 
             91.3001 -0.988498  -9.68918  -170.662   59.3805  0.238177 0.0193021  -0.764119  -0.950777 -0.0745248 0.00871043 0.00431703 0.00779744  -1.19621 0.0481184 -0.016151  0.000201623 -0.000328321   0.00106124  -0.019001   0.121203 -0.0149234 -0.156363  0.391253  -9.79995 
                91.4 -1.67289 -8.97985 -172.592   59.2526  0.255785 0.0275279  -0.766464  -0.952215 -0.0725929 0.00871155 0.00426651 0.00780689  -1.15684 0.0518454  0.108447  0.000271043 -0.000360234   0.00102523 -0.0199176   0.122146 -0.0151744 -0.156667  0.392237   -9.7999 
             91.5006 -2.10219 -7.72924 -174.021   59.1375  0.262755 0.0599913  -0.768194  -0.951259 -0.0727839 0.00869246  0.0042487  0.0078417  -1.13301 0.0800142  0.177947  0.000272015 -0.000372335   0.00101844  -0.020477   0.121951 -0.0164735 -0.156737    0.3923   -9.7999 
             91.6004 -1.19715 -6.15218 -175.364   59.0127  0.251845 0.0618744 -0.761868 -0.954929 -0.080519  0.0087789 0.00423204 0.00781016  -1.23568 0.0248265 0.0167283  0.000115023 -0.000353097   0.00100103 -0.0207173   0.121379 -0.0156572 -0.157774  0.391617  -9.79991 
             91.7003 -0.877736  -5.79915  -176.979    58.884  0.265946 0.0400424  -0.767387  -0.954543 -0.0785119 0.00876888 0.00413845 0.00785162  -1.33193 0.0490485  -0.14478 0.000178474 -0.00035142  0.00101876 -0.0206001   0.121538 -0.0141104 -0.157479  0.392261  -9.79989 
             91.8001 -1.43988 -6.63626 -177.516   58.7479  0.258048 0.0247831   -0.76596  -0.954486 -0.0808309 0.00877579 0.00417014 0.00782866    -1.3672 -0.0554492 -0.0757071  4.80113e-05 -0.000311981  0.000960021 -0.0207314   0.120778  -0.013907 -0.157845  0.391751   -9.7999 
                91.9 -0.99227 -7.23665 -176.662   58.6069  0.246596 0.0220592  -0.765686  -0.954813 -0.0855214 0.00881481 0.00409676  0.0077594  -1.33699 -0.152581 0.0616404  3.34403e-05 -0.000300717  0.000956524 -0.0215793   0.120533 -0.0138246 -0.158458  0.391791  -9.79989 
             92.0006 -0.360233   -6.7616  -175.178   58.4804  0.223008 0.0345808  -0.764398  -0.952524 -0.0837141 0.00883522 0.00419576 0.00774022  -1.26862 -0.206916  0.070791  8.55319e-06 -0.000310583  0.000969373 -0.0212297   0.120132 -0.0144281 -0.15817 0.391254 -9.79992 
             92.1004 -0.275896  -5.81064  -173.521   58.3751  0.197383 0.0364451  -0.762169  -0.943302 -0.0773748 0.00877779 0.00435449  0.0076052   -1.23981  -0.248143 -0.0871362  9.95791e-05 -0.000402693  0.000986886 -0.0202373   0.120283 -0.0146132 -0.156766   0.39049  -9.79997 
             92.2003 -0.678382    -4.365  -172.663   58.2541  0.182963 0.0387357  -0.766653  -0.942955 -0.0747442 0.00866274 0.00427655 0.00755712  -1.31231  -0.25382 -0.145524  0.000154733 -0.000448766  0.000982329  -0.019847   0.120716 -0.0158081 -0.156113  0.390957  -9.79996 
             92.3001 -1.27717  -4.8041 -171.701   58.1196  0.165199 0.0126212  -0.765833  -0.943529 -0.0755903 0.00866028 0.00430088   0.007526    -1.3005  -0.208329 -0.0960554  0.000199571 -0.000413106  0.000977749 -0.0200679   0.121507 -0.0145887 -0.15621 0.391428 -9.79994 
             92.3999 -1.21703   -5.503 -171.125   57.9894  0.147552 0.0163591  -0.765717  -0.943734 -0.0779639 0.00870797 0.00432449 0.00746937  -1.20743 -0.179624  0.122605  0.000324093 -0.000262424   0.00096813 -0.0208648   0.121611 -0.0148053 -0.156653  0.391635  -9.79993 
             92.5006 -1.05935 -4.39379 -172.179   57.8544  0.127481 0.0414408  -0.764931  -0.950756 -0.0870998 0.00877011 0.00455526  0.0075691 -1.21095 -0.16785 0.237594  0.000355783 -0.000515671   0.00112755 -0.0219825   0.121406  -0.015595 -0.158091   0.39189  -9.79989 
             92.6004 -1.33651 -2.33612 -172.911   57.7241  0.112269 0.0538536  -0.767039  -0.955578 -0.0937381 0.00889566 0.00464029 0.00768003  -1.28788 -0.165648 0.0609184 0.000382063 -0.00054337  0.00109063 -0.0226681   0.121149 -0.0147216 -0.159023    0.3923  -9.79986 
             92.7002 -0.739728  -1.65938  -174.694   57.5912 0.0884038 0.0591928  -0.761742  -0.958698 -0.0945661 0.00881067 0.00473094 0.00768413   -1.38917  -0.192681 -0.0934722  0.000392344 -0.000531222    0.0011168 -0.0224003   0.120978 -0.0156495 -0.159399  0.391744  -9.79988 
             92.8001 -0.429916  -2.51374  -175.331   57.4529 0.0737297 0.0432907  -0.764397  -0.955832 -0.0910987 0.00877661 0.00468488 0.00773274  -1.44557 -0.189196 -0.080577   0.00040116 -0.000495957   0.00110194 -0.0220864   0.121114 -0.0148046 -0.158812  0.391925  -9.79988 
             92.8999  0.35627 -3.62535 -175.993   57.3085 0.0446363 0.0405697  -0.763549  -0.955415 -0.0911837 0.00876096 0.00471622  0.0076964  -1.38887 -0.296159  0.101961  0.000385415 -0.000480208  0.000995464 -0.0222198   0.120375 -0.0147878 -0.15905 0.391474 -9.79989 
             93.0006  1.52824 -4.10943 -175.062   57.1663 0.0183693 0.0603116    -0.7642  -0.956602 -0.0933496 0.00876364 0.00465277 0.00770644 -1.37033 -0.33436 0.215763  0.000380469 -0.000472492  0.000966303 -0.0226012   0.120931 -0.0149903 -0.159218  0.391934  -9.79987 
             93.1004  1.58891 -3.78878  -173.57     57.0334 -0.00127645   0.0657143   -0.76589  -0.953623 -0.0934054 0.00870765  0.0046798 0.00766884   -1.3672 -0.268892 0.0488434  0.000466918 -0.000519012  0.000802547 -0.0227187   0.122034 -0.0136132 -0.158726  0.392586  -9.79986 
             93.2003  1.43592   -3.184 -172.512    56.8946 -0.0272288   0.066569  -0.766541  -0.953489 -0.0930561 0.00868934 0.00467637 0.00766222  -1.47419 -0.257758 -0.118162   0.0004675 -0.00052896 0.000793653 -0.0225855   0.121996 -0.0138468 -0.158616  0.392581  -9.79986 
             93.3001 0.895033 -3.04964 -172.371   56.7454 -0.052649 0.0624687  -0.768342  -0.954758 -0.0928874 0.00866243 0.00463259 0.00766486   -1.53749  -0.268085 -0.0886332  0.000457688 -0.000548538   0.00079905 -0.0223487   0.121798 -0.0147258 -0.158546  0.392613  -9.79986 
             93.3999 0.732227 -4.40752 -171.969    56.5806 -0.0709609   0.042334  -0.766472  -0.954476 -0.0967127  0.0086591 0.00467263 0.00756931  -1.54169 -0.165189 0.0110046  0.000451301 -0.000469397  0.000790703 -0.0235665   0.122631 -0.0132878 -0.159145  0.393132  -9.79983 
             93.5006 0.711026  -4.1847 -171.798    56.4416 -0.0946701  0.0668552  -0.766519  -0.953395 -0.0927031 0.00859082 0.00467432 0.00757957  -1.43283 -0.133557  0.220017  0.000436177 -0.000495973  0.000793169 -0.0225563   0.121725 -0.0143137 -0.158631  0.392411  -9.79986 
             93.6004 -0.102576  -3.17123  -173.012    56.2941 -0.0928569  0.0764359 -0.770392 -0.953814 -0.094288 0.00870141 0.00467795  0.0075678    -1.46376 -0.00814725    0.101026 0.000904997  -0.0004975 0.000937547 -0.0229589   0.121992 -0.0134644 -0.158731  0.393025  -9.79984 
             93.7003 0.899602 -1.94486 -174.848   56.1454 -0.102267 0.0848439 -0.765861 -0.954026 -0.092625 0.00859426 0.00472369 0.00753355   -1.55689 -0.0389953 -0.0593884  0.000723897 -0.000550387  0.000924274 -0.0226045   0.122027 -0.0141657 -0.158685  0.392554  -9.79986 
             93.8001   1.1849 -3.43019 -176.198   55.9866 -0.114124 0.0689935  -0.765176  -0.953164 -0.0925729 0.00851633  0.0047527  0.0074921   -1.57566 -0.0517399 -0.0939909 0.000722873 -0.00032022 0.000875376 -0.0227851   0.121213 -0.0135713 -0.158925   0.39209  -9.79987 
             93.8999 0.774758 -4.83676  -175.45   55.8397 -0.108754 0.0646643  -0.766248   -0.95344 -0.0863237 0.00845551 0.00480975 0.00762177     -1.453 -0.0546043  0.0532674  0.000891563 -0.000347227  0.000604432  -0.021461   0.122394 -0.0136096  -0.1579 0.392545 -9.79987 
             94.0006   1.4434 -6.35441 -174.625   55.6962 -0.130022 0.0926145  -0.762312  -0.954567 -0.0867402 0.00868568 0.00486777 0.00755487  -1.39252 -0.117413  0.205198 0.000813016 -0.00031211 0.000582349 -0.0216837   0.120891 -0.0160072 -0.158525  0.391509   -9.7999 
             94.1004  1.67696 -5.01865 -173.498   55.5708 -0.134139  0.114332  -0.763181  -0.949368 -0.0792803 0.00855956 0.00499191 0.00742283   -1.38468 -0.0630128   0.102547  0.000860924 -0.000527401  0.000464776 -0.0202748   0.121645 -0.0166615 -0.157035  0.391452  -9.79993 
             94.2003  1.41165 -3.52358 -172.287   55.4212 -0.134103  0.107767  -0.764762    -0.9508 -0.0831916 0.00865481 0.00494599 0.00749143   -1.51843 -0.0343617 -0.0965235  0.000935126 -0.000511963  0.000424711 -0.0210994   0.122123  -0.015481 -0.157509  0.392084  -9.79989 
             94.3001 0.615117 -3.78815 -172.499   55.2707 -0.145585  0.093395  -0.762717  -0.948471 -0.0799814 0.00861918 0.00498525 0.00752566   -1.53847 -0.0616227 -0.0884405   0.00101682 -0.000346168  0.000618102 -0.0205288   0.121239 -0.0150183 -0.157268  0.391279  -9.79993 
             94.3999 -0.140311  -4.65216  -172.366   55.1091 -0.140492 0.0966581  -0.762228  -0.949946 -0.0872315 0.00878325 0.00494614 0.00735026    -1.5339 -0.0161867   0.117244   0.00112203 -0.000366426   0.00060837 -0.0227901   0.123361 -0.0158804 -0.158151  0.392777  -9.79986 
             94.5006 -0.759817  -4.73146  -173.154   54.9498 -0.138544  0.108114  -0.761884  -0.951919 -0.0948209 0.00887457 0.00510762 0.00726428    -1.4684 0.00769824    0.28588   0.00103817 -0.000366424  0.000619654 -0.0247959   0.123984 -0.0133101 -0.159456  0.393582   -9.7998 
             94.6004 -0.596154  -4.19144  -174.333   54.8119 -0.138612  0.133505  -0.760373  -0.945859 -0.0888007 0.00879418  0.0050227 0.00723062  -1.42197 0.0422118  0.228175   0.00108439 -0.000551395  0.000723671 -0.0240796   0.123826 -0.0128072 -0.158563  0.393032  -9.79984 
             94.7003 0.618078  -4.5694 -175.898   54.6668 -0.126217  0.152083 -0.765662 -0.948243 -0.089911 0.00887833 0.00501111 0.00729207    -1.50344   0.0698334 -0.00326494    0.0010689 -0.000561568  0.000719128 -0.0240074   0.124307  -0.013426 -0.158435  0.393795  -9.79981 
             94.8001 0.871232 -6.01882 -177.311   54.5097 -0.129652  0.134114   -0.76137  -0.947746 -0.0912266 0.00877915 0.00506689 0.00721422  -1.56165 0.0517212 -0.192318   0.00101079 -0.000533391  0.000728219 -0.0244136   0.123408 -0.0124337 -0.159015  0.393053  -9.79983 
             94.8999 0.502485 -6.54118 -177.327    54.351 -0.108275   0.11365  -0.762856  -0.948091 -0.0943878   0.008787 0.00497562  0.0072009  -1.51913 0.0580912  -0.12242   0.00134968 -0.000631688  0.000528215 -0.0249862   0.125087 -0.0119696 -0.158951  0.394148  -9.79979 
             95.0006  1.31527 -5.56549 -176.635  54.2036 -0.11582 0.111918  -0.763859  -0.947739 -0.0935508 0.00880649 0.00502233 0.00717416   -1.41869 -0.0227058  0.0462599   0.00129272 -0.000654476  0.000523984 -0.0248425    0.12399 -0.0122473 -0.159043  0.393646  -9.79981 
             95.1004  1.23484 -2.65408 -174.711   54.0697 -0.118875  0.116594  -0.764076  -0.947248 -0.0917041 0.00872372 0.00509543 0.00706845   -1.36099 -0.0512253 -0.0953104    0.0013997 -0.000865414  0.000292468 -0.0242757   0.123988 -0.0126906 -0.158679  0.393503  -9.79982 
             95.2003   1.0438 0.243705 -173.532   53.9359 -0.113152  0.100398  -0.765397  -0.946509 -0.0920123 0.00862426 0.00508628 0.00696192   -1.43722 -0.0216814  -0.320776   0.00151042 -0.000864241  0.000333432 -0.0239244   0.124803  -0.012842 -0.158201   0.39388  -9.79981 
             95.3001 0.674089  3.22567 -173.011    53.797 -0.117696 0.0657985  -0.765412   -0.94499 -0.0896119 0.00859433 0.00507196 0.00689105    -1.4859 -0.0233831  -0.308957   0.00147938 -0.000894894  0.000338718  -0.023112   0.124709 -0.0128409 -0.157658  0.393611  -9.79983 
             95.3999 0.272629   4.2622  -172.34   53.6479 -0.117376 0.0444521  -0.765115  -0.945195 -0.0904435 0.00860264 0.00506467   0.006876    -1.43689 -0.00934264  -0.0194647    0.0017292 -0.000712863  0.000399421 -0.0232203   0.124971 -0.0129208 -0.157694  0.393739  -9.79983 
             95.5006 0.148158  5.39638 -173.143   53.5087 -0.120655 0.0535019  -0.765013  -0.943375 -0.0893937 0.00854799 0.00507121 0.00688043   -1.38463 0.00223525   0.258179   0.00164938 -0.000706734  0.000406484  -0.023454   0.124682 -0.0122871 -0.157692  0.393578  -9.79983 
             95.6004 0.0454572   7.51116  -173.783  53.3528 -0.12355 0.085955  -0.764975  -0.957467 -0.0956855 0.00857542 0.00521147 0.00686393  -1.48559 0.0397709  0.210434   0.00180042 -0.000823754   0.00039912 -0.0228679   0.124231 -0.0134754 -0.158879  0.393714  -9.79981 
             95.7003  1.12977  7.57741 -174.713   53.2108 -0.119773 0.0901918  -0.762372  -0.943694 -0.0877997 0.00846354 0.00511463 0.00688794   -1.53745   0.136402 -0.0376996   0.00175192 -0.000755323  0.000403362 -0.0240123   0.124314 -0.0122406 -0.158128  0.393292  -9.79984 
             95.8001   2.3688  5.43022 -177.532   53.0469 -0.103183 0.0807136  -0.763167  -0.945925 -0.0929102  0.0084833 0.00516981 0.00676818  -1.62709   0.15256 -0.115624   0.00175833 -0.000725371  0.000432854 -0.0244963    0.12431 -0.0120927 -0.158606  0.393511  -9.79982 
                95.9 4.63591 1.13383 176.483    52.8644 -0.0913207  0.0978523 -0.756644 -0.953445 -0.100032 0.00890163 0.00568357 0.00639686  -1.70337 0.0520156  0.136207   0.0017236 -0.00065878 0.000496232 -0.0247715    0.12502 -0.0140496 -0.159747  0.393678  -9.79979 
             96.0006  5.22874 -1.19632  175.676    52.6898 -0.0834547   0.109762 -0.756883 -0.951183 -0.106009  0.0088876 0.00562836 0.00634481  -1.60672 -0.053394  0.248365   0.00171833 -0.000628585  0.000471031 -0.0259148   0.125674 -0.0132752 -0.159993  0.394124  -9.79977 
             96.1004  3.40117 -2.03896  178.578   52.5519 -0.103531   0.13218 -0.754502 -0.945216  -0.10194 0.00894807 0.00616492  0.0062321  -1.49789 -0.152757  0.121329   0.00194716 -0.000893838 -0.000112759 -0.0251735     0.1254  -0.013242 -0.159325   0.39338  -9.79981 
             96.2003  3.32013  -0.7997 -176.443    52.4121 -0.0990817   0.137801 -0.756762 -0.941658 -0.109657 0.00863373 0.00659006  0.0058203   -1.53642 -0.0754847 -0.0928864   0.00172227  -0.00108688 -0.000417316 -0.0244675   0.126607  -0.013253 -0.158487   0.39367  -9.79982 
             96.3001  1.57498 0.631723 -172.262    52.2678 -0.0953196   0.127061 -0.757804  -0.94002 -0.115416 0.00839057 0.00691785  0.0054068   -1.58602 -0.0540772   -0.16299   0.00180346  -0.00112259 -0.000412583 -0.0230121   0.127687 -0.0134322 -0.157501  0.393746  -9.79983 
                96.4   0.62266 -0.312294  -170.082    52.1228 -0.0916874   0.115974 -0.757136 -0.941131 -0.118088 0.00826738 0.00695069 0.00533859   -1.50277 -0.0211858  0.0352105   0.00183806  -0.00106411 -0.000376616 -0.0213553   0.128911 -0.0134004 -0.156603  0.393894  -9.79984 
             96.5006 -0.0220183  -0.151087   -167.789  51.9733 -0.10399 0.120077 -0.755515  -0.93761 -0.115808 0.00832426 0.00697572 0.00536529    -1.41258 0.000457978    0.252146   0.00181673  -0.00103257 -0.000352147  -0.022081   0.127993 -0.0121554 -0.156893   0.39338  -9.79985 
             96.6004 -0.683528  -0.16385  -167.683  51.8271 -0.10644 0.139577 -0.755117 -0.938041 -0.116931 0.00833021 0.00704998 0.00535412   -1.42391 0.00692576     0.1915   0.00228018  -0.00102001 -2.12981e-05 -0.0225192   0.127799 -0.0117035 -0.15722 0.393351 -9.79985 
             96.7003  0.183017 -0.711163  -168.201   51.6792 -0.113521  0.169311 -0.749858 -0.945674 -0.116217 0.00830674 0.00728557  0.0053241  -1.53276 0.0101659  0.020102   0.00219878  -0.00103552 -7.90077e-06 -0.0214643   0.127853 -0.0133994 -0.157534  0.392971  -9.79986 
             96.8001  0.38697 -2.79909 -169.387   51.5107 -0.114378  0.163116 -0.749667 -0.948862 -0.121351 0.00832067 0.00742619 0.00520519  -1.64686 0.0058009 -0.114458   0.00219876 -0.000984069  3.57018e-07 -0.0220234   0.127749 -0.0132669 -0.158193  0.393049  -9.79985 
                96.9 0.332061 -5.06367 -170.294    51.3437 -0.0945082   0.163914 -0.748797 -0.950091 -0.125898 0.00852185 0.00736906  0.0052358  -1.62327 0.0331359 0.0229486   0.00227381 -0.000973056 -5.41337e-06 -0.0221819   0.129468 -0.0139194 -0.158185  0.393834  -9.79981 
             97.0006  1.04624 -6.02893 -169.822    51.1965 -0.0981461   0.172732 -0.749727 -0.950612 -0.120958 0.00850376 0.00744287 0.00521582   -1.50401 -0.0697304   0.159938   0.00223274   -0.0010091 -2.51999e-05 -0.0210241    0.12892 -0.0140764 -0.157686  0.393532  -9.79983 
             97.1004   1.6976 -5.43089 -169.282   51.0528 -0.108731  0.189307 -0.749559  -0.95014 -0.120376 0.00850234  0.0074639 0.00518701   -1.44644 -0.0730001   0.115761   0.00215397  -0.00106257 -4.23509e-05 -0.0209074   0.128693 -0.0141279 -0.157625  0.393382  -9.79984 
             97.2003  2.66589 -4.12508 -168.525   50.9065 -0.123197  0.180864  -0.74611 -0.947427 -0.120406 0.00860454  0.0074724 0.00512435  -1.57028 -0.086597 -0.142575    0.0020338   -0.0010978 -8.83728e-05  -0.021045   0.128737 -0.0133752 -0.157583  0.393095  -9.79985 
             97.3001  1.38763 -3.79779 -169.119   50.7546 -0.132835  0.164948 -0.746432 -0.946326 -0.119249 0.00855231 0.00742792 0.00511556   -1.63244 -0.0715669  -0.215997   0.00204917  -0.00113066 -2.77606e-05 -0.0203296   0.128569 -0.0136732 -0.157141  0.392896  -9.79987 
             97.3999 0.455184 -4.99486 -168.975   50.5945 -0.123722  0.149798  -0.74562 -0.946779 -0.118834 0.00854761 0.00739556 0.00504266    -1.59253 -0.00397205  -0.0320242   0.00215258  -0.00109415 -4.84602e-05 -0.0202362    0.12989 -0.0135274 -0.156955  0.393451  -9.79985 
             97.5006 -0.371502  -4.84948   -169.47     50.43 -0.115847  0.157591 -0.744678 -0.947214 -0.120915 0.00859662  0.0074063 0.00497325   -1.53814 -0.0312852   0.205472   0.00217477  -0.00113782 -6.22021e-05 -0.0211442   0.130947 -0.0131874 -0.157322   0.39401  -9.79982 
             97.6004 -1.29621 -3.51001 -169.756    50.276 -0.125203  0.172995 -0.743631  -0.94745 -0.121928 0.00861275 0.00744319 0.00500008   -1.52305 -0.0532419   0.135481   0.00187766  -0.00120086 -8.21872e-05  -0.021285   0.130553 -0.0127011 -0.157532  0.393777  -9.79983 
             97.7002 -0.515498  -2.00277  -169.162   50.1225 -0.126374  0.173721  -0.74406 -0.944246 -0.119864 0.00861453 0.00743353 0.00495186    -1.61876 -0.00106387  -0.0945207  0.00183308 -0.00120052 -0.00011265 -0.0212142   0.130718 -0.0123917 -0.15718 0.393804 -9.79983 
             97.8001 0.480253 -2.65678 -171.032  49.9466 -0.13355 0.166364 -0.741494 -0.949212 -0.124875 0.00865552 0.00760581 0.00489111     -1.7205 -0.00486869   -0.151129  0.00197316  -0.0010079 0.000159623 -0.0219968   0.130281 -0.0131698 -0.158155  0.393615  -9.79982 
             97.9003  1.75541  -3.9292 -174.672   49.7541 -0.124676  0.158587 -0.741511  -0.95011 -0.133789 0.00889043 0.00788164 0.00477878   -1.78202 -0.0454046  0.0267788   0.00197479 -0.000942195  0.000195105 -0.0243946   0.131593 -0.0129828 -0.159295  0.394596  -9.79977 
             98.0001   2.6054 -4.30164 -174.992   49.5953 -0.124201   0.16734  -0.74322 -0.949858 -0.126146 0.00886134 0.00789567 0.00490818  -1.64514 -0.114478   0.19489   0.00233424  -0.00109972 -8.02963e-05 -0.0223033   0.132145  -0.013046 -0.158082  0.394687  -9.79978 
                98.1   2.5019 -4.59205 -171.737   49.4344 -0.130094  0.182377 -0.743695 -0.949619 -0.125755  0.0088297 0.00792973 0.00491285   -1.60367 -0.0671033  0.0763954   0.00230546  -0.00107873 -0.000121108 -0.0221712   0.132469 -0.0128525 -0.157941  0.394843  -9.79978 
             98.2006  1.69447 -3.66584 -168.146   49.2912 -0.148226  0.180947 -0.739108 -0.939932 -0.121402 0.00896509 0.00844943 0.00482843   -1.63788 -0.0727292   -0.15498   0.00236006  -0.00115884 -0.000129286 -0.021352   0.13188 -0.013215 -0.157028  0.393789  -9.79983 
             98.3005 -0.00449562    -3.60464    -167.076   49.1336 -0.158731  0.164508 -0.738885 -0.938925 -0.119893 0.00896727 0.00846632 0.00485374   -1.62972 -0.0391041  -0.152457  0.00269008 -0.00118822 9.87019e-05 -0.0208026   0.131545 -0.0133361 -0.156739  0.393509  -9.79985 
             98.4003 -0.542713  -4.48289  -167.047   48.9799 -0.170421  0.156787 -0.739292 -0.938629  -0.11865 0.00894052 0.00846513 0.00489926   -1.46182 -0.0194539   0.111784  0.00265679 -0.00115217  0.00012165 -0.0204568   0.130686 -0.0130876 -0.156677  0.393101  -9.79987 
             98.5002 -0.169354  -4.24125   -168.78   48.8237 -0.171024   0.16941 -0.738741 -0.938923 -0.123956 0.00903201  0.0087094 0.00490674  -1.43122 0.0140152  0.230098   0.0025285 -0.00119854 0.000198078 -0.0219462    0.13084 -0.0123408  -0.1575 0.393327 -9.79985 
                98.6 -0.126807  -2.72378  -170.234   48.6678 -0.166063  0.203003 -0.737729 -0.948298 -0.130529  0.0090261 0.00894141 0.00504823  -1.53011 0.0623997  0.163897  0.00269381 -0.00133202 0.000178366 -0.0219134   0.131151 -0.0138419 -0.158297  0.393553  -9.79982 
             98.7003 0.927349 -1.04616 -172.109   48.4961 -0.146979  0.204943 -0.743888 -0.953549 -0.139187 0.00921556  0.0090003 0.00521644   -1.70684   0.116377 -0.0691063  0.00256098 -0.00132539 0.000187496 -0.0225982   0.131307 -0.0131796 -0.15901 0.394335 -9.79978 
             98.8001  1.10017 -3.55893 -174.295    48.326 -0.134671  0.194851 -0.744076 -0.952969 -0.137621 0.00921566    0.00898 0.00525811   -1.72699  0.0932081 -0.0846461  0.00277484 -0.00120171 0.000223613 -0.0223485   0.131364 -0.0132268 -0.158813  0.394332  -9.79978 
             98.8999  1.46924  -4.8277 -175.129   48.1683 -0.133982  0.188039 -0.745198 -0.952739 -0.129813  0.0091126  0.0090433 0.00540558   -1.58935 -0.0121404   0.100749  0.00256994 -0.00126042  0.00015707 -0.0207138   0.130522 -0.0126509 -0.158084  0.393831  -9.79982 
             99.0006   1.3993  -5.0193 -173.948    47.993 -0.135536  0.208245 -0.745284 -0.954403 -0.140129 0.00914486 0.00870268 0.00533341   -1.56796 -0.0676008   0.254668  0.00265822 -0.00130038 7.16317e-05 -0.0232771   0.131082 -0.0125153 -0.159345  0.394504  -9.79977 
             99.1004  1.06001 -3.75965 -172.621   47.8481 -0.158815  0.222452 -0.739631  -0.94734    -0.136 0.00922182  0.0089632 0.00522236   -1.59836 -0.0858805  0.0204248  0.00208829 -0.00140856 8.45245e-05  -0.022506   0.130175 -0.0124489 -0.158751  0.393333  -9.79982 
             99.2002  1.03485 -2.59146 -171.278   47.6796 -0.161974  0.211666  -0.74043 -0.948816 -0.137416 0.00923154 0.00890744 0.00525819   -1.71899 -0.0742973  -0.195623  0.00196672 -0.00130771 9.61982e-05 -0.0228986   0.130643 -0.0119401 -0.158964   0.39372  -9.79981 
             99.3001 -0.230755  -3.11013  -171.258   47.5086 -0.165067  0.185996 -0.739198 -0.947783 -0.137806 0.00921835  0.0089359 0.00523506   -1.70646 -0.0635421  -0.168854  0.00211681 -0.00128018 0.000128256 -0.0228893   0.131416 -0.0109053 -0.158828  0.393948   -9.7998 
             99.4003 -0.134311  -3.84532  -171.254   47.3407 -0.161295  0.188896 -0.740755  -0.94905 -0.138153 0.00925212 0.00890095 0.00522523   -1.59357 -0.0154869   0.116816  0.00206333  -0.0012717 0.000125889 -0.0229715    0.13217 -0.0124867 -0.158737  0.394418  -9.79978 
             99.5002 -1.07652 -2.83167 -172.411   47.1774 -0.163678  0.192786 -0.740026 -0.948161 -0.139587 0.00929841 0.00896851 0.00522756   -1.57929 0.00320842    0.15894  0.00209723 -0.00124263 0.000125948 -0.0236677    0.13219 -0.0111599 -0.159059  0.394486  -9.79977 
                99.6 -0.615267  -1.50095  -173.322   47.0218 -0.153556  0.201145 -0.741401 -0.946885 -0.138783   0.009313 0.00891618 0.00520535   -1.64989  0.0465993 -0.0478792  0.00215659 -0.00128645 0.000107799  -0.023518   0.132656 -0.0111188 -0.158761  0.394741  -9.79977 
             99.7006    0.4398 -0.672412  -175.339   46.8577 -0.162216  0.196841 -0.737491 -0.946777 -0.135797 0.00922021 0.00896641 0.00515425  -1.71215 0.0182502 -0.184043  0.00203006 -0.00130436 0.000127663 -0.0230792   0.132358  -0.011851 -0.158669  0.394223  -9.79979 
             99.8005 0.870087  -1.5675 -176.021   46.6781 -0.178712  0.182103 -0.735949 -0.946956 -0.137547 0.00921298 0.00900306 0.00505894   -1.73435  -0.048532 -0.0878032  0.00183371 -0.00108946 1.76704e-05 -0.0236596   0.131489 -0.0120102 -0.15915 0.393816  -9.7998 
             99.9003  1.30022 -1.92043 -175.735   46.5021 -0.191953  0.182064 -0.736184  -0.94609  -0.14048 0.00921787 0.00895268 0.00499307  -1.65669 -0.136808  0.158764  0.00194568 -0.00107738 3.00015e-05 -0.0245578   0.131124  -0.011636 -0.159561  0.393796  -9.79979 
                 100  1.16949 -1.04418 -174.862    46.341 -0.194047  0.202947  -0.73729 -0.945422  -0.14011 0.00915846 0.00897799 0.00498374  -1.68346 -0.119066  0.212711   0.00179472  -0.00123896 -9.34775e-05 -0.0241107   0.132055 -0.0114958 -0.15912 0.394165 -9.79979 
               100.1 0.206473 0.242166 -173.157   46.1701 -0.200294  0.212408 -0.738142  -0.94303 -0.140466 0.00913928 0.00902064 0.00494334   -1.82263  -0.114103 -0.0406014   0.00198868  -0.00122455 -0.000126934 -0.0242286   0.132494 -0.0109082 -0.158899  0.394358  -9.79978 
               100.2   -1.00011 -0.0521798   -172.349   45.9791 -0.210089  0.191371 -0.737544 -0.942388 -0.142348  0.0091386 0.00906036 0.00490675  -1.89556 -0.135998  -0.20952   0.00200369  -0.00120622 -0.000116155  -0.0250387    0.132879 -0.00948378 -0.159188  0.394618  -9.79977 
               100.3 -1.20518 -1.83535 -171.883   45.7987 -0.225912  0.169082 -0.736655 -0.940645 -0.139922  0.0090903 0.00908596 0.00498128   -1.80778 -0.0862558 -0.0628839   0.00192267   -0.0011517 -8.20089e-05   -0.024392    0.132669 -0.00893873 -0.158816  0.394315  -9.79978 
               100.4 -0.686715  -2.77605   -171.87   45.6282 -0.233815   0.17482 -0.736755  -0.94076 -0.138578 0.00909001 0.00909261 0.00500071  -1.62382 0.0100875  0.190039   0.00180906  -0.00117799 -7.64142e-05 -0.0239808   0.132407 -0.0092627 -0.158672  0.394148  -9.79979 
             100.501 -1.53055 -2.20326 -172.302   45.4633 -0.240916  0.204343 -0.734051 -0.942999 -0.137667 0.00902894  0.0091187 0.00502064   -1.6936 0.0197591 0.0996709   0.00178838  -0.00117168 -6.53576e-05 -0.0235064   0.132065 -0.0105199 -0.158751  0.393752  -9.79981 
               100.6 -0.00910278  -0.0478625    -174.609   45.2942 -0.224775  0.222622 -0.733688  -0.94604 -0.138813 0.00897499 0.00912906 0.00504041   -1.78599  0.0716398 -0.0731672   0.00143375  -0.00129504 -3.14486e-05  -0.022792   0.133053 -0.0116105 -0.158537  0.394071   -9.7998 
               100.7 0.399735 -1.02465 -175.862   45.1085 -0.216735  0.206612 -0.735258 -0.945806 -0.141506   0.008992 0.00913523 0.00503249   -1.82237  0.0465878 -0.0969836   0.00149424    -0.001227 -4.15232e-05 -0.0232688   0.132917 -0.0111556 -0.158744  0.394196  -9.79979 
               100.8 0.480817 -2.24698 -175.257   44.9363 -0.222521  0.207687 -0.735443 -0.945843 -0.138168 0.00898555  0.0091794  0.0050623    -1.6648 -0.0314708   0.144213   0.00161635  -0.00107655 -0.000229926 -0.0227916   0.132311 -0.0112427 -0.158601    0.3939   -9.7998 
               100.9  1.22505 -3.75638 -174.173   44.7731 -0.234155  0.222672 -0.735601 -0.944957 -0.137989 0.00899011 0.00916947 0.00502501   -1.54402 -0.0395576   0.236926   0.00148786  -0.00094436 -0.000256527 -0.0231248   0.131646 -0.0108234 -0.158781  0.393676  -9.79981 
             101.001 0.833874 -2.95847 -173.067   44.6158 -0.253592  0.241666 -0.732771 -0.945985 -0.133827 0.00904047 0.00920114 0.00505802   -1.64163 -0.0354929  0.0202446   0.00146031 -0.000978515 -0.000230529 -0.0227117   0.130594 -0.0116496 -0.15888 0.393019 -9.79984 
               101.1 0.281071 -1.19168 -171.203   44.4526 -0.238781  0.243255 -0.737085 -0.946799 -0.136893 0.00887941 0.00917813 0.00493913   -1.74743 0.00227257  -0.131168   0.00185128  -0.00125077 -0.000331557 -0.0220015   0.131653 -0.0122383 -0.158378  0.393618  -9.79982 
               101.2 -0.690873  -2.15534  -171.144   44.3047 -0.244082  0.229901 -0.737341 -0.943471 -0.126897 0.00879986 0.00919902 0.00503761   -1.63245  0.0157416 -0.0405601   0.00181411  -0.00123207 -0.000272064 -0.019537  0.131021 -0.012086 -0.157078  0.392939  -9.79987 
               101.3 -1.26634 -2.92556   -171.2    44.116 -0.220237  0.238978 -0.735305 -0.943289 -0.138805 0.00891286  0.0092591 0.00488153 -1.63626 0.111072  0.26184  0.00209379 -0.00118838 -0.00026087 -0.0226097   0.133139 -0.0117021 -0.158235  0.394065   -9.7998 
               101.4 -1.56036 -3.07364  -172.72   43.9377 -0.217116  0.263377 -0.734378 -0.946001  -0.14594 0.00893948 0.00948194 0.00486231 -1.58746 0.107843 0.270187   0.00170027  -0.00110441 -4.09204e-05 -0.0241529    0.13252 -0.0112781 -0.159331  0.394006  -9.79979 
             101.501 -1.46403 -2.77428 -172.982   43.7838 -0.205852  0.282266 -0.733333  -0.94208 -0.140502 0.00890224 0.00944208 0.00483633 -1.65918 0.112774 0.040426  0.00169466 -0.00113105 -8.1455e-05 -0.0236814   0.132611 -0.0115709 -0.158769  0.393808  -9.79981 
               101.6 -0.680978  -1.49443  -174.384   43.6104 -0.192481  0.258999 -0.738846 -0.937455 -0.141886 0.00904138  0.0093451 0.00483417  -1.77892 0.0983457 -0.218161   0.00167663  -0.00109978 -8.64809e-05 -0.0247807   0.131946 -0.0092032 -0.158892  0.394052  -9.79979 
               101.7 -0.479483  -3.39813  -175.282   43.4419 -0.203561  0.238064 -0.737586 -0.936091 -0.134758 0.00893314 0.00938291 0.00484068   -1.73542 -0.0226847  -0.119172  0.00158195 -0.00105331 -7.6432e-05  -0.0239095    0.130304 -0.00911557 -0.158622  0.393153  -9.79983 
               101.8 -0.532296  -4.39817  -174.337   43.2695 -0.216306  0.234466 -0.737782 -0.935572 -0.135464 0.00894655 0.00937546 0.00481364  -1.65863 -0.153664  0.082716   0.00157311  -0.00106726 -0.000109102  -0.0242609    0.129782 -0.00909795 -0.158811  0.392991  -9.79984 
               101.9 0.241514 -4.54685 -173.612   43.1243 -0.222234  0.272248 -0.739192  -0.93648 -0.131776 0.00889637 0.00949751 0.00485919  -1.56851 -0.134366  0.125043   0.00169277  -0.00113516 -0.000110423 -0.0227314   0.130398 -0.0115274 -0.158032  0.393053  -9.79985 
                 102 -0.320756  -2.89294  -171.634   42.9445 -0.238378   0.27031 -0.738898 -0.940858 -0.133382 0.00896428   0.009375 0.00501208  -1.77326 -0.126265 -0.178912    0.0015355  -0.00118187 -0.000217484  -0.023468   0.130156 -0.0111725 -0.158703  0.393204  -9.79983 
               102.1 -0.501888  -1.91312  -170.572   42.7611 -0.243078  0.251085 -0.740858 -0.941999 -0.133796  0.0089036 0.00934493 0.00500301  -1.87371  -0.10243 -0.248628   0.00141845  -0.00117667 -0.000238181 -0.0233736   0.130504 -0.0116631 -0.158625  0.393472  -9.79982 
               102.2 -1.15839 -2.55351 -170.282  42.5741 -0.26157 0.215034 -0.740236  -0.94165 -0.134113 0.00889335 0.00941632 0.00501564   -1.82419 -0.0999317 -0.0853597   0.00160022  -0.00104343 -0.000179381 -0.0234633   0.129912 -0.0100207 -0.158806  0.393242  -9.79983 
             102.301 -1.23123 -2.86424  -170.75   42.4177 -0.273631  0.217712 -0.742258 -0.943223 -0.129399 0.00881158 0.00930913 0.00509174   -1.58796 -0.0684476   0.204583   0.00165696  -0.00106873 -0.000127194  -0.0214974    0.129235 -0.00954911 -0.158116  0.392932  -9.79985 
               102.4 -1.22959 -1.50408 -171.859    42.262 -0.275111  0.243883 -0.741764 -0.943143  -0.12834 0.00879396 0.00928031 0.00508233   -1.62021 0.00677173    0.15386   0.00144448  -0.00126367 -5.24852e-06 -0.0212091   0.129499 -0.0101279 -0.157937  0.392948  -9.79985 
               102.5 -0.385531  0.410862  -173.194   42.0981 -0.272143  0.276107  -0.73569 -0.950171 -0.128016 0.00860275 0.00937216 0.00509012    -1.7377  0.0404009 0.00813182   0.00138628   -0.0013469 -2.24153e-05 -0.0197581   0.130557 -0.0131498 -0.157815  0.392816  -9.79986 
               102.6  0.431426 -0.833164  -174.615   41.9304 -0.249082  0.262096 -0.744482 -0.944615 -0.124665 0.00863183 0.00922164 0.00520688   -1.74085  0.0640358 -0.0864749   0.00174473 -0.000977751 -1.24056e-05 -0.0196992   0.130776 -0.0117943 -0.157105  0.393421  -9.79985 
               102.7 0.385036 -2.39145 -175.127   41.7538 -0.242873  0.256191 -0.746409 -0.943984  -0.12853 0.00859898  0.0092073 0.00512681   -1.64476 0.00201042    0.11304   0.00176922  -0.00094788 -3.18955e-05 -0.0205231   0.130709  -0.010982 -0.15741  0.39362 -9.79984 
             102.801  1.19118 -3.40566 -174.391   41.5907 -0.233015  0.275886 -0.747424 -0.944748 -0.131675 0.00859618 0.00915049 0.00512216    -1.54756 -0.00331593    0.243084   0.00177178 -0.000973303 -0.000107699 -0.0208563    0.13159 -0.0109811 -0.157477  0.394089  -9.79982 
               102.9  1.18038 -2.05777 -173.812   41.4238 -0.237101  0.294552 -0.747376 -0.948817 -0.133934 0.00862358 0.00907617 0.00521023    -1.64123 -0.00186715   0.0331279   0.00195465  -0.00112747 -0.000126043 -0.0214932   0.131225 -0.0111165 -0.158087  0.394154   -9.7998 
                 103  1.26603 -1.14824 -172.549   41.2572 -0.232076  0.283392 -0.747707 -0.946698 -0.134807  0.0086237 0.00909097 0.00517417     -1.76122 -0.000609505    -0.246998   0.00201325  -0.00114179 -0.000134997 -0.0215579   0.131673  -0.010667 -0.157908  0.394299   -9.7998 
               103.1 0.404751 -1.25714 -172.792   41.0763 -0.226385  0.255037 -0.747218 -0.945952   -0.1367 0.00863948 0.00910014 0.00515634  -1.78931 0.0187578 -0.182059   0.00206549   -0.0011097 -9.38974e-05 -0.0221319   0.132304 -0.0100741 -0.158033  0.394576  -9.79979 
               103.2 -0.480943  -1.19754  -172.294   40.8953 -0.243171  0.244132 -0.748234 -0.943429 -0.134786 0.00867432 0.00918185 0.00520539   -1.72921 -0.0073915   0.132642   0.00198172  -0.00110588 -0.000117493 -0.0229621   0.130468 -0.0094038 -0.158419     0.394   -9.7998 
             103.301   -1.5249 -0.218276  -172.454   40.7204 -0.259021  0.270153 -0.748315 -0.943853  -0.13461 0.00867112 0.00922773 0.00526575  -1.64611 -0.049416  0.278925   0.00162508  -0.00119658 -9.42171e-05  -0.0233376    0.129297 -0.00968181 -0.158761  0.393603  -9.79981 
               103.4  -1.80933 -0.328747  -172.962   40.5651 -0.269617  0.301989 -0.745598 -0.942529 -0.130452 0.00863727 0.00921314 0.00528866   -1.66168 -0.0536273    0.10675   0.00165724  -0.00116787 -2.84915e-05  -0.022593   0.129155 -0.0109082 -0.158393  0.393212  -9.79984 
               103.5 -0.364871  0.675162  -174.399   40.3925 -0.277359  0.306118 -0.744102 -0.945177 -0.130705 0.00861796  0.0092784 0.00528991  -1.78864 -0.060011 -0.114444  0.00155564 -0.00120762 1.03551e-05 -0.0223238    0.12917 -0.0114831 -0.15852 0.393131 -9.79984 
               103.6 -0.304711   -1.4603  -175.566   40.2162 -0.279785  0.285587 -0.747846 -0.940626 -0.130406 0.00854467 0.00916846 0.00534446  -1.76748 -0.119983 -0.066483  0.00170791 -0.00111683 6.91823e-06  -0.0226352    0.129277 -0.00983001 -0.158194  0.393381  -9.79983 
               103.7 -0.267402  -2.16437  -175.101   40.0455 -0.303498  0.284504 -0.747954 -0.939549 -0.128177 0.00851973 0.00919081  0.0053218  -1.60502 -0.226558  0.170729  0.00170936 -0.00115574 -3.3309e-05   -0.022711    0.128351 -0.00944147 -0.158253  0.393034  -9.79984 
             103.801  1.35086 -1.89614 -173.765   39.8965 -0.320019  0.314095 -0.748431 -0.940382 -0.126647 0.00847865  0.0092818  0.0053582  -1.52984 -0.210199  0.249075   0.00170116  -0.00116876 -1.82966e-05 -0.0215463   0.129031 -0.0101822 -0.157742  0.393158  -9.79985 
               103.9  0.362253 -0.474408  -172.784   39.7396 -0.350854  0.319617  -0.74476 -0.937089 -0.123942 0.00855965 0.00933312 0.00535476  -1.66173 -0.228877 -0.110681   0.0017774 -0.00125033 1.26915e-05  -0.0220606    0.128618 -0.00928659 -0.157842  0.392786  -9.79986 
                 104  0.355653 -0.765933  -171.562   39.5739 -0.367225  0.295637 -0.745181 -0.934632 -0.125582 0.00854237 0.00934514 0.00533826  -1.72523 -0.236343 -0.325347   0.00174867  -0.00120244 -1.54459e-05  -0.0221918    0.129238 -0.00863176 -0.157649  0.392998  -9.79986 
               104.1 -0.341078 -0.904619   -170.23      39.4 -0.401955  0.276159  -0.74549 -0.934009 -0.123871  0.0085816 0.00934991 0.00535777    -1.7077  -0.225035 -0.0402467   0.00177054  -0.00117117 -1.29476e-05   -0.022573    0.128191 -0.00887818 -0.157868  0.392664  -9.79987 
               104.2 0.0303537 -0.325251  -169.335  39.2255 -0.40015 0.283719  -0.74342 -0.933888  -0.12764 0.00858529 0.00931655 0.00535167   -1.64411 -0.0709856   0.218594   0.00144991  -0.00109786 -6.24438e-05  -0.0231964    0.129899 -0.00858693 -0.157958  0.393233  -9.79984 
               104.3  -0.770609 -0.0198435   -170.935   39.0587 -0.395462  0.297729 -0.744621 -0.933092 -0.129636 0.00863743 0.00935549 0.00533966 -1.62253 0.061992 0.168464  0.00169353 -0.00104626 9.45855e-05  -0.0237749    0.130193 -0.00776882 -0.158099  0.393489  -9.79983 
               104.4 0.525004  1.45379 -173.252   38.8897 -0.380836  0.320337 -0.741692 -0.939942 -0.132108 0.00859161 0.00945998 0.00538189   -1.76221   0.111401 -0.0431513 0.00156337 -0.0011381 0.00011333  -0.0227977    0.131052 -0.00963606 -0.158205  0.393607  -9.79982 
             104.501  0.81176 0.301546 -176.079   38.7149 -0.378928  0.318642 -0.735241 -0.942022 -0.126658 0.00852135 0.00943507 0.00539703  -1.79718   0.06736 -0.139226   0.00180222 -0.000911822   0.00017575 -0.0216769   0.131351 -0.0111557 -0.157942    0.3932  -9.79984 
               104.6 0.883409 -1.44997  -177.43   38.5315 -0.381609  0.301688 -0.738077 -0.939705 -0.129999 0.00843319 0.00948527 0.00529003   -1.73712 -0.0395905  0.0335412   0.00172855 -0.000845147  8.10389e-05 -0.0229849   0.130297 -0.0098543 -0.158397  0.393086  -9.79984 
               104.7  1.73657 -2.14259 -176.944   38.3626 -0.385686  0.319386 -0.735867 -0.942199 -0.129753 0.00848494 0.00950098  0.0053216  -1.64437 -0.124841  0.214089   0.00170224 -0.000882525  5.94329e-05 -0.0223596   0.130937 -0.0112538  -0.1583 0.393149 -9.79984 
               104.8  1.75175 -1.11527 -175.178   38.2058 -0.394438  0.346418 -0.736028 -0.943273 -0.128443 0.00844664 0.00956877 0.00531286 -1.62733 -0.10616 0.151703    0.0016541 -0.000893954  3.10788e-05 -0.0214792   0.131185 -0.0121179 -0.157999  0.393139  -9.79984 
               104.9  1.45432 0.617919 -173.734   38.0556 -0.397628  0.355371 -0.736347 -0.939591 -0.128803 0.00838406 0.00969498 0.00516349   -1.69222 -0.0515544  -0.108548   0.00195492 -0.000978855 -3.21415e-06 -0.0205988   0.131745 -0.0124119 -0.157362  0.393096  -9.79986 
             105.001   1.07643 -0.221223  -173.689  37.8857 -0.38046 0.349787 -0.739802 -0.941951 -0.132899 0.00833502   0.009631 0.00515208   -1.71421  0.0414262 -0.0868849   0.00199663 -0.000961803  1.05815e-06 -0.0200818   0.132799 -0.0130967 -0.157125  0.393661  -9.79984 
               105.1   1.7612 -1.31892 -174.731   37.7033 -0.369386  0.335592 -0.737597 -0.939135 -0.134841 0.00832158 0.00968519 0.00506716 -1.66361 0.149127 0.107914    0.0019635 -0.000869357  4.98445e-05 -0.0215566   0.133405 -0.0119412 -0.157479  0.393872  -9.79982 
               105.2  0.423339 -0.967255  -175.591   37.5323 -0.366461  0.354634  -0.73712 -0.938613   -0.1357 0.00832006 0.00979994  0.0050968 -1.57375 0.126738 0.285915    0.0019527 -0.000826323  3.00979e-05 -0.0225287   0.132591 -0.0117886 -0.15796 0.393658 -9.79982 
               105.3 0.0652353  0.487469  -177.767   37.3738 -0.361711  0.378588 -0.736096 -0.938472 -0.134578 0.00829316 0.00984093 0.00512252 -1.60878 0.151942 0.189263    0.0019717 -0.000866296  9.49083e-05 -0.0226179    0.13213 -0.0116202 -0.158067  0.393435  -9.79983 
               105.4   1.26071 -0.221047   -179.55   37.2133 -0.363172  0.377151 -0.734059   -0.9321 -0.129187 0.00820812 0.00979962 0.00509005   -1.70525   0.113285 -0.0766325   0.00190772 -0.000820127  8.01551e-05 -0.0231424   0.131384 -0.0104718 -0.15792  0.39295 -9.79985 
             105.501 1.47804 -4.3524 177.795   37.0352 -0.333118  0.358151   -0.7383 -0.931843 -0.134758 0.00824803 0.00976058 0.00508127  -1.75453 0.0997248 -0.166405    0.0019646 -0.000743765  0.000107118  -0.0235957    0.132182 -0.00994882 -0.157899  0.393552  -9.79983 
               105.6  1.41412 -5.28681  177.482   36.8553 -0.323451  0.345578 -0.738532  -0.93136 -0.137677 0.00826264  0.0097143 0.00504623    -1.68186 -0.00910315  -0.0203205   0.00197906  -0.00101196 -2.41737e-05  -0.0244251    0.132347 -0.00987191 -0.15816 0.393743 -9.79982 
               105.7  2.24486 -3.91314  178.239    36.697 -0.319051  0.349453   -0.7382 -0.932077 -0.137587 0.00822347 0.00975857 0.00500341   -1.53071 -0.0303986  0.0456198    0.0019284  -0.00105237 -0.000107973  -0.023899   0.132944 -0.0101286 -0.157926  0.393847  -9.79982 
               105.8  2.37439  0.23288 -179.636   36.5636 -0.338528  0.375949 -0.742545 -0.932892 -0.134447 0.00786493    0.01005 0.00455931   -1.52762 -0.0320288 -0.0416597  0.00185516 -0.00115794 -0.00016128   -0.02176   0.131032 -0.0126153 -0.157407  0.392981  -9.79986 
               105.9  1.76496  3.87661 -177.908   36.4036 -0.338297  0.379656 -0.746292 -0.937057 -0.134292 0.00766738 0.00999536 0.00459701   -1.67154 -0.0164137   -0.16353   0.00189957  -0.00113205 -0.000216054 -0.0212716   0.130535 -0.0137601 -0.15743 0.393055 -9.79986 
             106.001  1.1875 3.48434 -177.67   36.2273 -0.330699  0.353475 -0.743961 -0.935085 -0.135772 0.00764967  0.0100122 0.00456394   -1.69125  0.0506015 -0.0536227   0.00185752  -0.00104311 -0.000194545 -0.0220624   0.131375 -0.0127886 -0.157526  0.393276  -9.79985 
               106.1 0.339177  3.06237 -176.676  36.0382 -0.32384 0.352813 -0.742423 -0.932184 -0.139022 0.00768369  0.0100532 0.00425425  -1.69421 0.0840524  0.225348   0.00222639 -0.000925438 -0.000123171 -0.0242462   0.131486 -0.0124345 -0.158183  0.393492  -9.79983 
               106.2 -0.656288   3.39143  -176.915   35.8702 -0.314642  0.360572 -0.742856 -0.927731 -0.138627 0.00758087   0.010091  0.0042459 -1.63169 0.107666 0.256892   0.00218947 -0.000909627 -0.000127999 -0.0250331   0.131481 -0.0108018 -0.15812 0.393498 -9.79983 
               106.3 0.442947  3.70739 -178.399   35.7311 -0.312606  0.388466 -0.739538 -0.920495  -0.12857 0.00751894 0.00988872 0.00430948  -1.63007  0.132522 0.0798563   0.00214019  -0.00100061 -8.57413e-05 -0.0239651   0.131432  -0.011419 -0.157232  0.392921  -9.79987 
               106.4 1.54846  3.0085 179.653  35.5963 -0.28184 0.395738 -0.744242 -0.911839 -0.125163 0.00760456 0.00959062  0.0045207   -1.62447   0.189093 -0.0449009   0.00219019  -0.00104015 -5.61423e-05 -0.0231514   0.132047 -0.0114422 -0.156083  0.393052  -9.79988 
             106.501   1.90364 -0.586186   177.211   35.4213 -0.298158  0.380786 -0.742324 -0.908879 -0.118425 0.00726104 0.00969815 0.00429217  -1.64005 0.0182022 0.0270666   0.00212024 -0.000921156 -2.82863e-05 -0.0241959   0.130071 -0.0102857 -0.15651 0.392326  -9.7999 
               106.6   2.4129 -3.03029  177.575   35.2434 -0.299298  0.397842 -0.742254 -0.909863 -0.123159 0.00734036 0.00953914 0.00413328   -1.59147 -0.0942046   0.243283    0.0019686 -0.000996665 -0.000271841 -0.0256252   0.130025 -0.0110928 -0.157125  0.392577  -9.79988 
               106.7 2.87884 -3.9046 179.221   35.0694 -0.295839  0.427098 -0.745602 -0.914723 -0.127873 0.00724122 0.00921412 0.00420399   -1.60919 -0.0829259   0.234222   0.00201867 -0.000995212 -0.000273299  -0.026674   0.130459 -0.0116295 -0.157601  0.393251  -9.79985 
               106.8  2.22205 -3.88726  -178.71   34.8927 -0.302736  0.422555 -0.741414  -0.91401  -0.12797 0.00735916 0.00913912 0.00428997   -1.75794 -0.0719337  -0.105161    0.0020544  -0.00100322 -0.000276573 -0.0278601   0.131121 -0.0102376 -0.157962  0.393452  -9.79983 
               106.9  1.39661 -4.21958 -177.226   34.7098 -0.321307  0.407053 -0.741121 -0.914396 -0.125853  0.0074082 0.00914127   0.004356   -1.8494 -0.109085 -0.232872   0.00195629 -0.000980122 -0.000240073  -0.027949   0.130228 -0.0104822 -0.158152  0.393186  -9.79984 
             107.001 0.374831 -5.38172 -175.877   34.5373 -0.323265  0.393224 -0.741293 -0.917027 -0.126204 0.00735752 0.00910143 0.00434322   -1.75061 -0.0551258 -0.0766856   0.00199891 -0.000927592 -0.000232795 -0.0265392   0.130946 -0.0109854 -0.157702  0.393274  -9.79984 
               107.1 -0.654571  -4.29989  -175.382  34.3808 -0.32636 0.404521 -0.741988 -0.919563 -0.124493 0.00728469 0.00898137 0.00422601   -1.61681 -0.0532458   0.220636   0.00222144  -0.00112087 -0.000136754 -0.0245978   0.131142 -0.0116203 -0.157103  0.393156  -9.79986 
               107.2 -1.08288   -2.366 -175.947   34.2274 -0.319758  0.437631 -0.742918 -0.919357  -0.12249 0.00718821 0.00887932 0.00412934  -1.58283 0.0158804  0.164442   0.00208893  -0.00117978 -8.68751e-05 -0.0239859    0.13225 -0.0133682 -0.156578   0.39345  -9.79986 
               107.3 -0.189399  -2.46389  -175.742   34.0735 -0.307175  0.438403 -0.746497 -0.914356 -0.118839 0.00722178 0.00875188 0.00415618  -1.63987  0.102889 -0.154761   0.00193439  -0.00105481 -0.000142546 -0.0236719   0.132815 -0.0127782 -0.155938  0.393706  -9.79986 
               107.4 0.214323 -1.67259  -176.87   33.9169 -0.316041  0.419604 -0.741337 -0.912083 -0.112604 0.00699468 0.00874292 0.00401801  -1.65197 0.0406981 -0.299815  0.00201229 -0.00107565  -8.284e-05 -0.0224364   0.131076  -0.013529 -0.155643  0.392557  -9.79991 
             107.501  0.94804 -2.01051 -178.875   33.7478 -0.324154  0.393901 -0.742742 -0.910923 -0.114491 0.00693772 0.00880303 0.00395211  -1.58714 -0.110872 -0.107388   0.00203613  -0.00105278 -5.55393e-05 -0.0232003   0.130025 -0.0130645 -0.155989  0.392349  -9.79991 
               107.6  2.43805 0.261339 -177.776   33.5774 -0.331833  0.386792 -0.741881 -0.907603 -0.121926 0.00704204 0.00863684  0.0041184  -1.50053 -0.166617  0.113125   0.00197761  -0.00132549 -0.000381569 -0.0261009   0.130884 -0.0119322 -0.15674 0.392901 -9.79987 
               107.7  2.97546  3.44414 -176.191   33.4259 -0.352538  0.403477 -0.745029 -0.912489 -0.120348 0.00691786 0.00859806 0.00416501   -1.53421  -0.176112 -0.0183382  0.00195602 -0.00137539 -0.00041188 -0.0254816   0.129904 -0.0133585 -0.156856  0.392782  -9.79988 
               107.8  2.49279  5.51738 -174.675   33.2573 -0.363909  0.405316   -0.7529 -0.924105 -0.121507 0.00679878 0.00837995 0.00421436  -1.74613 -0.162522 -0.198486    0.0019857  -0.00134623 -0.000417438 -0.0246522   0.129114 -0.0149725 -0.157204  0.393178  -9.79986 
               107.9  1.87459  5.60424 -173.298   33.0827 -0.361863  0.370612 -0.749714 -0.919382 -0.130418 0.00664053  0.0084336 0.00415512    -1.7503 -0.0948284   -0.27351   0.00198024  -0.00133653 -0.000446159 -0.0252614   0.131622 -0.0135357 -0.156933  0.393699  -9.79984 
             108.001  1.63235  5.25002 -171.812   32.9076 -0.364322  0.363448 -0.750899 -0.921323 -0.132379 0.00666862 0.00838516  0.0041044     -1.6734 -0.00400563    0.103287  0.00196046  -0.0013017 -0.00047873 -0.0252707   0.131875 -0.0141647 -0.157035  0.393903  -9.79983 
               108.1  1.59398  8.43902 -171.085   32.7515 -0.345788  0.374028 -0.748417 -0.915295 -0.136713 0.00673727 0.00830157 0.00399011 -1.61268 0.144616 0.337368   0.00206575  -0.00156086 -0.000404436 -0.0254127   0.133729 -0.0125816 -0.156514   0.39425  -9.79982 
               108.2  2.03549  9.36939 -172.401   32.5918 -0.321266  0.406019 -0.749413 -0.913854 -0.137542 0.00675211 0.00823661 0.00399086 -1.69997 0.335161 0.204932   0.00210184  -0.00150069 -0.000321005 -0.0252602   0.133907 -0.0126033 -0.15634 0.394321 -9.79982 
               108.3  2.55097  7.82735 -177.167    32.433 -0.304458   0.42121 -0.742072 -0.907426 -0.119316   0.006487  0.0079487 0.00407341   -1.79471   0.322335 -0.0250036   0.00198113  -0.00153284 -0.000304871 -0.0245209   0.133469 -0.0128611 -0.15559 0.393576 -9.79987 
               108.4 2.84059 3.78648 176.756  32.2457 -0.27209 0.422481 -0.740997 -0.911974 -0.125243 0.00665273 0.00811611 0.00396666    -1.82719    0.177967 -0.00518075   0.00201726   -0.0014711 -0.000226386 -0.0243781   0.133975 -0.0135026 -0.155947  0.393767  -9.79985 
             108.501 3.10811 1.12989 174.852   32.0645 -0.302422  0.374957 -0.747682 -0.894942  -0.10963 0.00588545 0.00823055 0.00377339   -1.78009  -0.142745 0.00854844    0.0019794  -0.00143515 -0.000264147  -0.0275518     0.13032 -0.00870492 -0.155727  0.392826  -9.79989 
               108.6   3.25415 -0.112717   176.451   31.8905 -0.320599  0.410414 -0.75586 -0.90392 -0.10845 0.00583154  0.0080007 0.00383918  -1.63892 -0.235709  0.175903   0.00200093  -0.00170176 -0.000611647 -0.0262586   0.128885  -0.011119 -0.155899  0.392947  -9.79989 
               108.7  2.21086  0.78376 -179.685   31.7119 -0.335398  0.434621 -0.770716 -0.917129 -0.107561 0.00543455 0.00741595 0.00404273   -1.75283   -0.24616 -0.0386937   0.00227088  -0.00187397 -0.000751564 -0.0252371   0.127028 -0.0128975 -0.156147  0.393453  -9.79986 
               108.8  1.51479  2.06026 -173.009   31.5312 -0.339403  0.432041 -0.780825 -0.925647 -0.112757 0.00487009 0.00719175 0.00401168  -1.82616 -0.138019 -0.133909   0.00226312  -0.00186022 -0.000857103 -0.0243024   0.126713  -0.014025 -0.156127  0.393938  -9.79984 
               108.9 -0.212421   3.33429  -169.509    31.352 -0.341944  0.432557 -0.787443 -0.931791 -0.116307 0.00459397 0.00718998 0.00389318   -1.81913 0.00338058  0.0100929    0.0023323  -0.00184675 -0.000772686 -0.0228023   0.126271 -0.0154568 -0.155957  0.394059  -9.79984 
             109.001   -1.307  3.22163 -167.633    31.173 -0.339662  0.433358 -0.784451 -0.927008  -0.11429 0.00469583 0.00721877 0.00393144 -1.76045 0.108538  0.26276  0.00230719 -0.00179531 -0.00076328 -0.0232781   0.126313 -0.0137966 -0.155856  0.393874  -9.79985 
               109.1 -2.56697  3.37758 -169.699   30.9967 -0.325232  0.452105 -0.785681 -0.923214 -0.116061  0.0047428 0.00730195  0.0039245 -1.65858  0.13792 0.284527    0.0022024  -0.00171794 -0.000374114 -0.0245468   0.126401  -0.012388 -0.156015  0.394045  -9.79984 
               109.2 -0.0587715    3.21677   -172.181   30.8307 -0.324864  0.475129 -0.781434 -0.923976 -0.110003 0.00453574 0.00735766 0.00379708  -1.75063  0.134847 0.0632341   0.00209163  -0.00169931 -0.000347812 -0.0241284   0.125745 -0.0126852 -0.155993  0.393546  -9.79986 
               109.3  1.06115  2.32987 -176.293  30.6775 -0.31288 0.473946  -0.782981  -0.915068 -0.0963049 0.00445443 0.00675234  0.0038921 -1.75039  0.11213 -0.11189   0.00212234  -0.00180358 -0.000290893 -0.0234118   0.125334 -0.0123356 -0.15494  0.39338 -9.79988 
               109.4    1.7351 -0.353739  -179.458   30.4986 -0.266387  0.464192 -0.785995 -0.914602 -0.110295 0.00490457 0.00672185 0.00406743   -1.70426  0.0982473 -0.0419667   0.00227729  -0.00176002 -0.000280818 -0.0239489   0.127737 -0.0121441 -0.155025  0.394385  -9.79984 
             109.501  3.25099 -1.75091  178.482   30.3409 -0.260077  0.479144 -0.785228 -0.916341 -0.109598 0.00493909 0.00674009 0.00411864   -1.54528 -0.0430034   0.241925   0.00227106  -0.00180218 -0.000291442 -0.0231962     0.1281  -0.012673 -0.154868  0.394417  -9.79984 
               109.6  3.51188 0.245397  177.671   30.1833 -0.289237  0.495338 -0.783368 -0.914318 -0.104818 0.00504148 0.00674297 0.00417742   -1.5844 -0.174124  0.100667  0.00224447 -0.00212223 -0.00042612 -0.0237658   0.127056 -0.0121674 -0.155033  0.394053  -9.79986 
               109.7  2.28155  1.17674 -179.613   30.0268 -0.329206  0.494216  -0.780739  -0.912607 -0.0994306 0.00528829 0.00683539 0.00430546  -1.63707 -0.226093 -0.198424   0.00230123     -0.00213 -0.000497258 -0.0236122    0.12592 -0.0123856 -0.155071  0.393547  -9.79988 
               109.8  1.69463  3.08508 -176.233   29.8519 -0.360792  0.469499  -0.780833  -0.912297 -0.0941787  0.0054795 0.00660353 0.00449721  -1.69836 -0.230276 -0.235777   0.00218985  -0.00210765 -0.000547508  -0.024663   0.124978 -0.0122756 -0.155412  0.393494  -9.79987 
               109.9  1.32784  3.76971 -174.223   29.6625 -0.354536  0.457625  -0.777383  -0.911254 -0.0981032 0.00522183  0.0063022 0.00439287   -1.69129 -0.0789412  0.0449151   0.00225114  -0.00201439 -0.000561524 -0.0273149   0.127477 -0.0126701 -0.155844  0.394393  -9.79983 
             110.001 0.413197  5.00469 -173.794   29.4959 -0.354405  0.475317  -0.775931  -0.910773 -0.0996974 0.00520407 0.00628884 0.00436894   -1.63541 -0.0248247   0.316627   0.00230173  -0.00202225 -0.000464246 -0.0274876   0.128222 -0.0124359 -0.155809  0.394543  -9.79982 
               110.1 0.663634   6.0747 -175.005   29.3352 -0.357654  0.519443  -0.775449  -0.916379 -0.0977089 0.00516986 0.00633347  0.0043748  -1.65251 0.0707901   0.26292   0.00211572  -0.00208137 -0.000281003 -0.0261889   0.127847 -0.0138948 -0.15581 0.394378 -9.79983 
               110.2  2.35378  4.98182 -177.226   29.1866 -0.348596  0.536071  -0.777069  -0.905656 -0.0915097 0.00514253 0.00593978 0.00457541   -1.71164   0.118031 -0.0288795   0.00204601  -0.00211713 -0.000269076 -0.0259342   0.127835 -0.0136006 -0.154919  0.394205  -9.79985 
               110.3 2.69219 2.66141 178.605   29.0272 -0.332525  0.514878  -0.783034  -0.895153 -0.0900625 0.00507381 0.00557667 0.00479344  -1.73203 0.0254848 -0.135609  0.00211541 -0.00214209 -0.00021149 -0.0266138    0.12772 -0.0117933 -0.15426 0.394333 -9.79986 
               110.4  3.45987 0.765839  177.549  28.8661 -0.32511 0.497541   -0.78431  -0.893259 -0.0903348 0.00504897 0.00552406 0.00490988   -1.56722 -0.0805149  0.0365982   0.00214752  -0.00213729 -0.000239864 -0.0262617   0.128324 -0.0108918 -0.153897  0.394492  -9.79986 
             110.501 3.69199 1.62643 179.901   28.7027 -0.340536  0.510817  -0.785352   -0.89263 -0.0899701 0.00507609 0.00536984 0.00497514  -1.51921 -0.131888  0.193779   0.00217393  -0.00213229 -0.000320414 -0.0271388   0.127745 -0.0109117 -0.154149  0.394488  -9.79985 
               110.6  3.70186  3.81318 -177.374   28.5452 -0.382814  0.529721  -0.785436  -0.893752 -0.0809249 0.00521372 0.00532035 0.00509876 -1.59723 -0.20099 0.046793   0.00210874  -0.00223294 -0.000427491 -0.0270925   0.125884 -0.0112039 -0.154342  0.394041  -9.79987 
               110.7  3.46673  4.43836 -175.408   28.3874 -0.402331  0.550002  -0.793715  -0.900599 -0.0809065 0.00509237 0.00530933 0.00507386  -1.70143 -0.178756 -0.069615   0.00218263  -0.00219873 -0.000426643 -0.0254621   0.124407 -0.0128759 -0.154278  0.394002  -9.79987 
               110.8  2.71866  2.55996 -174.934   28.2028 -0.399354  0.519112 -0.787288 -0.895811 -0.084236 0.00497431 0.00533953 0.00492136   -1.71621 -0.0247254  -0.143757   0.00223442  -0.00210066 -0.000414521 -0.0274892    0.12659 -0.0111646 -0.154462  0.394403  -9.79985 
               110.9 2.36567 0.93221 -174.69   28.0223 -0.396395  0.514495   -0.78697  -0.894306 -0.0843786 0.00500457 0.00539877 0.00479058  -1.61762 0.0772134  0.133621   0.00220237  -0.00203134 -0.000431376 -0.0287703   0.126625 -0.0112494 -0.154776  0.394523  -9.79984 
             111.001  1.55087  1.17839 -176.854   27.8711 -0.376236  0.537657  -0.786914  -0.894777 -0.0854017  0.0050465 0.00528593 0.00476527 -1.51127  0.16291 0.250518    0.0022009  -0.00209469 -0.000390784 -0.0282434    0.12721  -0.011417 -0.154577  0.394655  -9.79984 
               111.1  2.06122  1.04535 -179.345   27.738 -0.35208 0.561606  -0.788465  -0.889625 -0.0823014 0.00508224 0.00504299 0.00470927 -1.53136 0.182162  0.13227   0.00219917  -0.00216434 -0.000308424 -0.0276711    0.12748 -0.0115069 -0.153986  0.394661  -9.79985 
               111.2  1.40485 0.529222  177.964   27.5769 -0.334495  0.564667  -0.789164  -0.889318 -0.0834861  0.0050952 0.00507362 0.00471174  -1.63236  0.141192 0.0102023   0.00230429  -0.00211787 -0.000272132 -0.0280471   0.127403 -0.0111511 -0.154093  0.394709  -9.79984 
               111.3 0.948333 -2.74288  177.073   27.4126 -0.320752  0.552761  -0.790696  -0.885288 -0.0838847 0.00495645 0.00510586  0.0047235  -1.65284 0.0816599 0.0467151   0.00225284  -0.00199941 -0.000348265  -0.0286579    0.127411 -0.00938111 -0.15401 0.394737 -9.79984 
               111.4   1.4069 -6.39301  177.545   27.2449 -0.320074  0.580661  -0.791632  -0.886954 -0.0838773 0.00518942 0.00503197 0.00455998  -1.57117 0.0330889  0.278454    0.0022133  -0.00199796 -0.000363343 -0.0293081   0.126593 -0.0113233 -0.154379  0.394734  -9.79984 
             111.501  1.16465 -9.23892  178.658    27.093 -0.329644  0.597397  -0.788065  -0.885429 -0.0833149 0.00520978 0.00509857 0.00458451    -1.51091 -0.00851616      0.1764   0.00220244   -0.0020118 -0.000347424  -0.029036   0.126131 -0.0103745 -0.154408  0.394343  -9.79985 
               111.6 0.614253 -9.91646  179.779   26.9464 -0.340088   0.61688  -0.787152  -0.884104 -0.0827997 0.00523073  0.0051489 0.00456773   -1.58639 -0.0128726   0.013817   0.00221959  -0.00213795 -0.000320104 -0.0286582   0.125403 -0.0113846 -0.154339  0.393974  -9.79987 
               111.7 -1.50387 -9.57237 -178.978   26.7919 -0.324869  0.636805  -0.792633  -0.882931 -0.0807181 0.00482934 0.00494404 0.00447019   -1.63734  0.0530949 -0.0714434   0.00235309  -0.00229813 -0.000366121 -0.0289021   0.126105 -0.0144383 -0.153812  0.394317  -9.79986 
               111.8 -1.42272 -10.9304 -178.896    26.623 -0.326601  0.616441  -0.794393   -0.88801 -0.0836853 0.00489948 0.00492324 0.00446455   -1.64556  0.0580412 -0.0416883   0.00230208    -0.002047 -0.000137439 -0.0275009   0.124871  -0.012451 -0.154044  0.394064  -9.79987 
               111.9 -2.15828 -10.4106 -179.781    26.457 -0.319505  0.608426  -0.796441   -0.89228 -0.0855876 0.00503355  0.0049834 0.00453423  -1.51947 0.0650983  0.140785  0.00226639 -0.00203721 -9.9298e-05  -0.027416   0.124413 -0.0105132 -0.154461  0.394239  -9.79986 
             112.001 -2.86709 -8.73545  179.766   26.3076 -0.313354  0.608216  -0.801012  -0.898576 -0.0848967  0.0052092 0.00496747 0.00448212  -1.49634 0.0744736 0.0947792   0.00232518  -0.00207368 -7.61283e-05  -0.0257528    0.123381 -0.00823317 -0.154572  0.394259  -9.79985 
               112.1 -3.29975 -7.74945  178.331   26.1628 -0.297509  0.627048  -0.799173  -0.893816 -0.0783915 0.00516545 0.00491358 0.00443437   -1.57947  0.0824433 -0.0109519  0.00216322 -0.00213482 6.38875e-06  -0.0261027    0.124715 -0.00987793 -0.154023    0.3944  -9.79986 
               112.2  -2.7228 -8.84827  177.095   26.0171 -0.280395  0.634328  -0.799145  -0.888534 -0.0682976 0.00524884 0.00490455 0.00458868  -1.59981 0.0370882 -0.019529   0.00216813  -0.00214375 -7.21512e-06 -0.0259791    0.12589 -0.0110638 -0.153291  0.394545  -9.79986 
               112.3 -1.31557 -11.3978  177.307    25.862 -0.283451     0.647  -0.796592  -0.885296 -0.0678426 0.00536362 0.00498568 0.00459783   -1.56216 -0.0548699   0.132495  0.00217818 -0.00212496 2.49542e-07 -0.0263289   0.126078 -0.0120566 -0.153193  0.394388  -9.79987 
               112.4 -0.694708  -12.9261   178.811  25.6907 -0.28209  0.67239   -0.79693  -0.883476 -0.0686063 0.00538293 0.00478507 0.00446696   -1.52817 -0.0493549   0.233023   0.00223265  -0.00206216 -7.27303e-05 -0.0282452   0.126447 -0.0124236 -0.153496  0.394742  -9.79985 
             112.501 0.526158  -12.386 -179.692   25.5309 -0.295105  0.663893  -0.794769  -0.888356 -0.0738233 0.00548948 0.00470163 0.00440025    -1.57281  -0.0695363 -0.00826121   0.00208587   -0.0020612 -0.000113786 -0.0273765   0.126217 -0.0107365 -0.153828  0.394682  -9.79985 
               112.6  1.35048 -10.5863 -177.974   25.3587 -0.357625  0.632904  -0.786033  -0.891798 -0.0938115    0.00593 0.00468069 0.00440699  -1.69977 -0.225215 -0.223491   0.00114755  -0.00210535 -3.68383e-05  -0.0268101    0.124105 -0.00908655 -0.154898  0.393755  -9.79987 
               112.7 -0.447945  -9.82261  -177.192   25.1884 -0.325976   0.61215 -0.784201 -0.890827 -0.074436 0.00589486 0.00457027 0.00396911  -1.70017 -0.036807 -0.141428   0.00159099  -0.00206674 -0.000100676   -0.027314    0.128176 -0.00908123 -0.154134  0.394934  -9.79983 
               112.8 -1.50854 -10.1988 -176.962   25.0323 -0.280576    0.6216  -0.776666  -0.883641 -0.0479529 0.00605059 0.00424205 0.00351225 -1.56672 0.109979 0.100476   0.00164092  -0.00200942 -0.000107526 -0.0280612   0.134074 -0.0111462 -0.152733  0.396212   -9.7998 
               112.9 -2.08462 -10.2171 -178.738    24.891 -0.274306  0.629317  -0.778132  -0.885759 -0.0455765 0.00594975 0.00403656 0.00359575  -1.44927 0.0850877  0.179591  0.00165897 -0.00195529 0.000187407 -0.0255573   0.133563 -0.0103875 -0.152209  0.395908  -9.79983 
             113.001 -1.22776 -8.11806  179.961   24.7613 -0.286423  0.650835  -0.766962  -0.873348 -0.0499881 0.00557358 0.00374639  0.0033399  -1.47225 0.0182364  0.031705  0.00166475  -0.0019929 0.000205346 -0.0242085   0.132933 -0.0124201 -0.151372  0.394552  -9.79989 
               113.1 -0.935256  -8.11095   177.935    24.599 -0.283716  0.650227 -0.767312 -0.877255 -0.053628 0.00561772 0.00387603 0.00334265   -1.61428 -0.0128564  -0.115102  0.00133407 -0.00192943  0.00014169 -0.0251769   0.132983 -0.0126459 -0.151871  0.394791  -9.79988 
               113.2 -0.385411  -9.54038   176.946   24.4331 -0.273302  0.643002  -0.768984  -0.875851 -0.0473963 0.00573416 0.00386735 0.00332901   -1.65999 -0.0646732 -0.0807539  0.00130007 -0.00192052 9.80518e-05 -0.0260925   0.134376 -0.0130681 -0.151693  0.395373  -9.79985 
               113.3 -0.181532  -10.2928   177.946   24.2624 -0.290273  0.644812 -0.769489 -0.872799 -0.051711 0.00580307 0.00376179 0.00323218  -1.56981 -0.198141 0.0915697  0.00129016 -0.00191038 8.23108e-05 -0.0274822   0.133646 -0.0134566 -0.152021  0.395295  -9.79985 
               113.4 0.668984 -8.82085 -180.005   24.1062 -0.299904  0.647438  -0.768243  -0.874971 -0.0490172 0.00575384  0.0037171 0.00326102  -1.52478 -0.162818 0.0373795  0.00130646 -0.00193973 8.25826e-05 -0.0273014   0.134599 -0.0127703 -0.151969  0.395562  -9.79984 
             113.501  0.35909 -5.88251 -177.335   23.9432 -0.332063  0.642912  -0.766076  -0.876174 -0.0526324 0.00590912 0.00365569 0.00337798  -1.60415 -0.206376 -0.150991   0.0013186 -0.00195099 7.90837e-05 -0.0275114   0.133831 -0.0126477 -0.152316  0.395339  -9.79985 
               113.6 -0.512461  -3.28952  -175.643   23.7944 -0.363196  0.605065  -0.762814  -0.874213 -0.0542567 0.00605869 0.00373692 0.00329307  -1.60171 -0.229918 -0.302491 0.00128942 -0.0020007 9.4447e-05 -0.0265683   0.133795 -0.0114336 -0.152183  0.395042  -9.79986 
               113.7 -1.37999 -2.45364 -175.345    23.632 -0.372288  0.586228  -0.762226  -0.873848 -0.0532645 0.00607877 0.00372781 0.00323267   -1.56262  -0.157586 -0.0788056   0.0013088 -0.00195884 0.000110729 -0.0270089   0.134611 -0.0117462 -0.152157   0.39528  -9.79985 
               113.8 -2.03706 -1.61066 -176.492   23.4781 -0.386645  0.583429  -0.762223  -0.873795 -0.0533602  0.0060783 0.00375138  0.0032226  -1.46891 -0.160965  0.125339  0.00128197 -0.00196172 0.000133382 -0.0271496   0.134688 -0.0114852 -0.152197   0.39532  -9.79985 
               113.9 -1.08445 0.402636 -177.913   23.3302 -0.408247  0.605337  -0.760548  -0.874908 -0.0536952 0.00602957 0.00380646 0.00321581  -1.49382 -0.108503  0.133478    0.001214 -0.00199927 0.000160073 -0.0270458   0.134536 -0.0121408 -0.15227 0.395182 -9.79985 
             114.001 -1.10969  2.39456  179.881    23.18 -0.40619 0.612043  -0.762279  -0.873548 -0.0532019 0.00608638 0.00375988 0.00321381   -1.59446 -0.0286154 -0.0949462  0.00124162 -0.00203465 0.000169279 -0.0269505   0.134819 -0.0123503 -0.152101  0.395309  -9.79985 
               114.1 0.164611 0.401309  176.623   23.0104 -0.390888  0.595058  -0.766094  -0.873863 -0.0576262  0.0061869 0.00377678  0.0031889   -1.67874 -0.0284448  -0.170881  0.00111837 -0.00162798 0.000282585 -0.0275202   0.135276 -0.0120113 -0.152214  0.395692  -9.79983 
               114.2   0.28142 -0.805452    175.35   22.8535 -0.400276  0.594791  -0.763724   -0.87538 -0.0549202 0.00627128 0.00379678  0.0032838  -1.59061 -0.144175 0.0207297  0.00118119 -0.00166398 0.000278114 -0.0266335   0.135483 -0.0130446 -0.152058  0.395562  -9.79984 
               114.3 0.755142 -1.50421  176.444   22.7009 -0.416991  0.599126   -0.76394  -0.875205 -0.0543468  0.0062408 0.00383577 0.00329717  -1.45395 -0.219347  0.178104   0.0011428 -0.00166786 0.000203404 -0.0264514   0.135538 -0.0126662 -0.151982  0.395558  -9.79984 
               114.4  0.841652 -0.240556   177.814   22.5443 -0.441861  0.627984  -0.765316  -0.879268 -0.0540907 0.00622243 0.00372054  0.0033754   -1.5612 -0.204381  0.109209  0.00113541 -0.00164676 0.000173428 -0.0264058   0.134975 -0.0137243 -0.152197  0.395582  -9.79984 
             114.501 -0.452413   1.56132  -179.816   22.3805 -0.461102  0.618495  -0.763997  -0.877029 -0.0540226   0.006278  0.0037645 0.00336521  -1.69241 -0.180358 -0.144184  0.00110432 -0.00166786 0.000110011 -0.0267822   0.135192 -0.0130969 -0.152191  0.395583  -9.79984 
               114.6 -1.19987  1.35261 -179.509   22.2096 -0.481763  0.600544  -0.763653  -0.876634 -0.0536005 0.00628998 0.00377719 0.00337169  -1.69294 -0.155239 -0.136353  0.00112356 -0.00146328 0.000291922 -0.0269182    0.13504 -0.0129409 -0.152234  0.395544  -9.79984 
               114.7 -1.29857  1.23111 -179.177   22.0495 -0.503748  0.589851  -0.764553    -0.8761 -0.0522442   0.006268 0.00376577 0.00338864  -1.49773 -0.147178  0.177118  0.00104501 -0.00142461 0.000288041  -0.026682   0.134359 -0.0121989 -0.152199  0.395381  -9.79985 
               114.8 -1.20005  2.07359  179.661   21.8853 -0.515333  0.608326  -0.764409  -0.875832 -0.0559196 0.00629636 0.00390539 0.00339911   -1.52307 -0.0609253   0.315739  0.00117614 -0.00139038 0.000372417 -0.0281092   0.134306 -0.0117973 -0.152623  0.395528  -9.79983 
               114.9 -0.00604763     3.87979       178.5   21.7341 -0.514321  0.635599  -0.765016  -0.874243 -0.0550402 0.00630588 0.00386564 0.00338056  -1.60593 0.0818288  0.159306  0.00116802   -0.001431 0.000349039 -0.0280461   0.134368 -0.0117283 -0.152491   0.39553  -9.79984 
             115.001 0.773203  3.60583  175.029   21.5689 -0.483373  0.622663  -0.774664  -0.868439 -0.0588706 0.00642812 0.00376438 0.00343793  -1.70093  0.189671 -0.160256  0.00120088 -0.00141267 0.000377229 -0.0291337    0.13404 -0.0101893 -0.15233 0.395904 -9.79982 
               115.1 1.62983  1.0236 171.869   21.4025 -0.472327  0.592204  -0.779059  -0.865409 -0.0554831 0.00628621 0.00372561 0.00346879  -1.68291 0.0843048 -0.172551 0.000751176 -0.00121998 0.000329075  -0.0293228    0.132991 -0.00892607 -0.152185  0.395788  -9.79983 
               115.2  1.62267 0.595392  171.548   21.2415 -0.459313  0.584285  -0.778407  -0.865377 -0.0570735 0.00628542 0.00371465 0.00346742   -1.50917 0.00995132   0.109575 0.000825564 -0.00125997 0.000296358  -0.0293507    0.133776 -0.00891221 -0.152108  0.395948  -9.79982 
               115.3 2.26199 1.98874  173.13   21.0915 -0.472223  0.601363  -0.778952  -0.865553 -0.0541385 0.00633869 0.00374774 0.00346778   -1.52103 -0.0582662   0.162266 0.000788309 -0.00128984 0.000257449  -0.0291124    0.132761 -0.00910204 -0.15218 0.395714 -9.79983 
               115.4 1.56116 3.46925 175.769   20.9448 -0.467536  0.631785   -0.78207   -0.87121 -0.0563194 0.00614163 0.00376643 0.00340126   -1.61536 0.00286078 -0.0147593 0.000849208 -0.00136825 0.000239147 -0.0274583   0.132966 -0.0109326 -0.151983  0.395754  -9.79983 
             115.501 -0.228049   4.49424   178.784   20.7627 -0.488325  0.629739  -0.781719  -0.875371 -0.0505005 0.00630164 0.00360058 0.00355893   -1.72911 -0.0249631  -0.125805 0.000890899 -0.00131206 0.000226527 -0.0275238   0.131354  -0.011637 -0.15238 0.395575 -9.79984 
               115.6 -0.658738   2.67151  -179.528   20.5867 -0.471659  0.614155  -0.780683  -0.874658 -0.0539847 0.00620883 0.00357274 0.00347387   -1.71811  0.0855771 -0.0195924  0.000970008 -0.000942264  0.000453285 -0.0281657   0.132548 -0.0111879 -0.152359  0.395866  -9.79982 
               115.7 -1.40293  2.36355 -179.147   20.4208 -0.462548  0.622248  -0.780848  -0.874369 -0.0535955  0.0062039 0.00357299 0.00347681 -1.59671 0.145118 0.264151  0.000954534 -0.000984387  0.000479402 -0.0281844   0.132411 -0.0110496 -0.152358  0.395837  -9.79983 
               115.8 -0.756596   3.61341   180.001   20.2638 -0.464204  0.648934  -0.780564  -0.873845 -0.0484828 0.00611457 0.00357315 0.00342714 -1.59086 0.206561 0.237965 0.000772873 -0.00105025 0.000543764 -0.0278781   0.131128 -0.0110357 -0.152376  0.395469  -9.79984 
               115.9 0.758161   3.6322  177.378   20.1134 -0.448082  0.651039  -0.782413  -0.866517 -0.0423959 0.00606049 0.00333005 0.00334482   -1.61701   0.255574 -0.0584027 0.000755681 -0.00102211 0.000592502 -0.0282288   0.130376 -0.0099389 -0.152029   0.39527  -9.79985 
                 116 1.17107 2.41422  173.64   19.9526 -0.433702  0.650994  -0.777001  -0.869926 -0.0386991 0.00599034 0.00333789 0.00333098  -1.65442  0.199703 -0.162334 0.000772492 -0.00101978 0.000661714 -0.0272508   0.130605 -0.0111074 -0.152015  0.395044  -9.79986 
               116.1   1.2007 0.509342  172.825  19.7835 -0.41838 0.632593  -0.778448  -0.868368 -0.0394716 0.00595572 0.00334102 0.00329053   -1.65718   0.103965 -0.0409465  0.000899612 -0.000955531  0.000610018 -0.0278464     0.1302 -0.0106022 -0.152104  0.395043  -9.79986 
             116.201 0.217535  0.81899  174.122   19.6341 -0.401718  0.635985  -0.777261  -0.868817 -0.0390462 0.00590946 0.00350524 0.00324885   -1.52628 0.00057392   0.147978 0.000970199 -0.00104898  0.00056094 -0.0268554   0.131462 -0.0102087 -0.151752  0.395148  -9.79986 
               116.3 1.19194 1.30006 176.699    19.485 -0.394479  0.657904   -0.77789  -0.871014 -0.0412067 0.00581569 0.00349948 0.00325046   -1.51571 -0.0275196  0.0941069  0.00086716 -0.00115276 0.000311682 -0.0264291     0.1321 -0.0108883 -0.151674  0.395295  -9.79986 
               116.4 0.449437  2.47227 -179.887   19.3264 -0.388667  0.658266  -0.779328  -0.873148 -0.0428339 0.00574299 0.00341975 0.00326299  -1.62403 0.0137709 -0.134196  0.00111266 -0.00114016 0.000113412 -0.0264974   0.132369 -0.0111096 -0.151714  0.395476  -9.79985 
               116.5 -0.0571867    2.73772   -177.683   19.1633 -0.392231  0.647074  -0.781271  -0.875038 -0.0410159 0.00576496 0.00342697 0.00327998  -1.66353 0.0379233 -0.175799  0.00107895 -0.00108082 0.000252675 -0.0259521   0.131481 -0.0118993 -0.151744  0.395333  -9.79986 
               116.6 -0.30256  1.74505  -175.84   18.9921 -0.390659  0.636176  -0.780859  -0.873295 -0.0391856 0.00580496 0.00342109 0.00323751  -1.60877 0.0774487 0.0604032  0.00104527 -0.00100113 0.000261635 -0.0273504   0.130942  -0.011532 -0.152047  0.395344  -9.79985 
             116.701 -1.70218  2.12469 -175.223   18.8531 -0.373742  0.658487 -0.780681 -0.873699 -0.039515 0.00576667 0.00331894 0.00323081  -1.45288 0.0979431  0.336231 0.000956199 -0.00122801  0.00031578 -0.0252776   0.132009 -0.0114111 -0.151431  0.395366  -9.79986 
               116.8 -1.56111   3.6124 -176.208    18.712 -0.353755  0.690249 -0.782225 -0.872212 -0.041346  0.0058089 0.00323747 0.00319924 -1.46803   0.1787 0.236474 0.000688944 -0.00140535  0.00042461 -0.0250813   0.132708  -0.011345 -0.151226  0.395556  -9.79985 
               116.9 0.013288  3.84656 -177.402   18.5517 -0.356384  0.702469  -0.773271  -0.877816 -0.0345736  0.0056194 0.00348983 0.00309675   -1.58967   0.224691 -0.0406469 0.000579386 -0.00123337 0.000603599 -0.0254979   0.131133 -0.0113547 -0.151823  0.394918  -9.79987 
                 117 1.02193 1.60943 179.562   18.3818 -0.326697  0.694059  -0.774967  -0.880919 -0.0432744 0.00572758 0.00367885  0.0030225  -1.66157  0.247358 -0.111551  0.00056317 -0.00121077 0.000608342 -0.0265301   0.131637 -0.0112904 -0.152297  0.395233  -9.79985 
               117.1   1.55645 -0.453618   175.522   18.2126 -0.311394  0.666074  -0.782535  -0.874023 -0.0420256 0.00548056 0.00366962 0.00293487   -1.66512   0.100055 -0.0218299 0.000614003 -0.00114239 0.000670565  -0.0281951    0.129775 -0.00833931 -0.152332  0.395141  -9.79985 
             117.201   1.86437 -0.835941   175.387   18.0606 -0.306101  0.675147  -0.782445  -0.875097 -0.0393811 0.00548391 0.00370662 0.00295444   -1.5345 -0.017229  0.148186 0.000654184 -0.00118114 0.000609703 -0.0270825   0.129981  -0.008517 -0.152073  0.395104  -9.79986 
               117.3    2.4863 -0.318798   177.814   17.9089 -0.322183  0.687958  -0.781753  -0.874354 -0.0372266 0.00554884 0.00374931 0.00294046     -1.545 -0.0705317  0.0197932 9.26028e-05 -0.00126059 0.000148009  -0.0270773    0.129154 -0.00858914 -0.152129  0.394879  -9.79987 
               117.4  1.14311   1.1603 -178.422   17.7548 -0.334436   0.69753  -0.785681  -0.876977 -0.0364059 0.00549807 0.00371166 0.00295391   -1.63235 -0.0808058  -0.181213 0.000369234 -0.00132782 0.000113843   -0.026351    0.128097 -0.00984785 -0.152114  0.394768  -9.79987 
               117.5 -0.389877   1.83925  -175.527   17.6103 -0.334207  0.681501  -0.787081  -0.876479 -0.0409921 0.00535919 0.00400176 0.00277938   -1.62363 -0.0761277  -0.200283 0.000404862 -0.00134487 0.000121041  -0.024462   0.128711 -0.0102453 -0.151667  0.394653  -9.79988 
               117.6 -1.03063  1.76605 -173.499   17.4303 -0.340639  0.665169 -0.785876 -0.873136 -0.039734 0.00539889 0.00394663 0.00275325    -1.66271 -0.00534383   0.0149075 0.000356867 -0.00130301 0.000149743   -0.026703    0.128738 -0.00997741 -0.152027  0.394793  -9.79987 
             117.701 -2.01281  1.97424 -172.663   17.2589 -0.353771  0.674756   -0.78664  -0.871285 -0.0389183 0.00543112  0.0040212  0.0027718   -1.57825 -0.0138169   0.276056 0.000321497 -0.00127462 0.000180168  -0.0278013     0.12759 -0.00939764 -0.152302  0.394628  -9.79988 
               117.8  -1.5597  2.33703 -173.909   17.1033 -0.340954  0.696078  -0.788815  -0.870036 -0.0404355 0.00550497 0.00396976 0.00279463  -1.54893 0.0777592  0.156636 -5.11245e-05  -0.00128922  0.000390709  -0.0280111    0.128096 -0.00898151 -0.152234  0.394851  -9.79987 
               117.9 -0.532274   2.20444  -175.936   16.9662 -0.314841  0.715371  -0.790664  -0.865593 -0.0376755 0.00562134 0.00372046 0.00288491   -1.56334   0.195146 -0.0766694 -6.65394e-05  -0.00131733  0.000389918  -0.0270682    0.128904 -0.00997555 -0.15168 0.395018 -9.79987 
                 118 0.431914  1.53812 -178.913   16.8137 -0.288828  0.701114  -0.792172  -0.863938 -0.0367982 0.00567198 0.00361699 0.00293488  -1.61925   0.19412 -0.183939 -9.10503e-05  -0.00133087  0.000399427  -0.0267923     0.12909 -0.00980928 -0.151485  0.395106  -9.79987 
               118.1  1.43469 0.275397   177.52   16.6316 -0.271619  0.673058  -0.795025   -0.85894 -0.0439447 0.00567446 0.00374313 0.00283497    -1.6377  0.0585812 -0.0364807 -8.07966e-05  -0.00126369  0.000428333  -0.0292953     0.12892 -0.00845864 -0.151914   0.39527  -9.79986 
             118.201  2.41271 0.520664  178.109   16.4729 -0.265172  0.681908  -0.794219  -0.859113 -0.0450855 0.00566759 0.00372972 0.00284779   -1.52452 -0.0226255   0.185828  2.2745e-05 -0.00130021 0.000265211  -0.0293153    0.129484 -0.00850438 -0.151903  0.395365  -9.79985 
               118.3 1.98163 1.99858 179.964   16.3343 -0.272942  0.703462  -0.794117  -0.857376 -0.0443012 0.00567306 0.00395176 0.00275727   -1.48178 -0.0719365   0.102866 3.01168e-05 -0.00140817 5.97886e-05  -0.0283395    0.129221 -0.00885444 -0.15167 0.395152 -9.79986 
               118.4 0.178418  2.36585 -177.115   16.1784 -0.304268  0.718048  -0.796174  -0.863029 -0.0375612 0.00587789 0.00373216 0.00293724  -1.60402 -0.171815 -0.126881 -1.8808e-06 -0.00138117 3.87157e-05 -0.0277554   0.126949 -0.0104227 -0.151884  0.394861  -9.79987 
               118.5 -1.69541  2.15554 -174.284   16.0221 -0.307345  0.695722  -0.795694  -0.861851 -0.0421086 0.00573142 0.00382801 0.00284698  -1.61773  -0.11964 -0.197509 3.38797e-05 -0.00138886 3.15705e-05 -0.0274619   0.128219  -0.010026 -0.151708  0.395022  -9.79987 
               118.6 -1.96718  2.19544 -172.261   15.8648 -0.344186  0.674106  -0.797437  -0.858484 -0.0362571 0.00585936 0.00385739 0.00289778  -1.48063  -0.15194 0.0819002 -0.000335718  -0.00137324  0.000225375  -0.0278085    0.125679 -0.00873646 -0.151767  0.394544  -9.79989 
             118.701 -1.65161  2.30754 -172.544   15.7189 -0.385624    0.6745  -0.799498  -0.854315 -0.0304698 0.00575496 0.00381066 0.00279095  -1.41871 -0.225383   0.18252 -0.000448471  -0.00131624  0.000337645  -0.0286474     0.12301 -0.00689012 -0.15184 0.394058 -9.79991 
               118.8 -1.08721  3.84043 -172.872   15.5863 -0.414487  0.697327  -0.796851  -0.853673 -0.0240435 0.00563126 0.00373524 0.00266259  -1.44966 -0.158093 0.0873705 -0.000333329  -0.00151438  0.000412877  -0.0275131    0.122467 -0.00769453 -0.151533  0.393749  -9.79992 
               118.9 -0.763412   5.41941  -173.255   15.4253 -0.396263  0.694185  -0.80725 -0.858512 -0.042068 0.00586893 0.00377556 0.00290073   -1.60805 0.00647149   -0.17663 -0.000295122  -0.00151776  0.000382599  -0.0279577    0.124007 -0.00768216 -0.151924  0.394563  -9.79988 
                 119 0.485597  3.34988 -175.288   15.2665 -0.372276  0.672693  -0.811457  -0.857603 -0.0489606 0.00605461 0.00367124 0.00306959  -1.61747 0.0851733 -0.212259 -0.000522966  -0.00121334  0.000503082  -0.0276946    0.125567 -0.00743794 -0.151788  0.395077  -9.79987 
               119.1 0.914923  2.55845 -176.542   15.1054 -0.346739   0.67956  -0.803171  -0.862524 -0.0560685 0.00627502 0.00365947 0.00315748  -1.60822 0.0771769 0.0800795 -0.000446309  -0.00126234  0.000469479  -0.0267012     0.12883 -0.00983779 -0.151856  0.395446  -9.79985 
             119.201  1.31831  2.67896 -176.104   14.9357 -0.340334  0.694497 -0.802808 -0.861357 -0.061258 0.00628933 0.00360594 0.00313941  -1.55102 0.0322604  0.244926 -0.000424002  -0.00122024  0.000411148  -0.0280113     0.12917 -0.00964243 -0.152138  0.395547  -9.79984 
               119.3  1.71456  2.19114 -175.008  14.7906 -0.34326 0.718206  -0.802017  -0.859927 -0.0579413  0.0063017 0.00368816 0.00315247  -1.53005 0.0324381  0.124692 -0.000229698  -0.00114645  0.000278725   -0.027439     0.12874 -0.00980702 -0.151957  0.395371  -9.79985 
               119.4  2.07418   2.3539 -173.885   14.6342 -0.339261  0.718353  -0.801412  -0.858663 -0.0575275 0.00631209 0.00370127 0.00314878  -1.64662 0.0778405 -0.143725 -0.000144948  -0.00117857  0.000302107 -0.0275909   0.128737 -0.0095286 -0.151934   0.39534  -9.79985 
               119.5  1.09115   1.5713 -174.809   14.4955 -0.321954   0.72099  -0.803295  -0.861241 -0.0599314 0.00628226 0.00356786 0.00316544   -1.55287   0.119946 -0.0789234 -9.98602e-05  -0.00130914  0.000337581 -0.0247941   0.129147 -0.0111198 -0.151433  0.395353  -9.79986 
               119.6  1.00306  1.11344 -175.048   14.3324 -0.307486  0.702657  -0.801597  -0.856908 -0.0603213 0.00629796 0.00362661 0.00314778 -1.44823 0.189167 0.103452 -0.000148004    -0.001234  0.000274873  -0.0265527    0.129463 -0.00947794 -0.151615  0.395396  -9.79985 
             119.701 -0.374903   1.77493  -176.369    14.179 -0.298801   0.71982  -0.801956  -0.855541 -0.0600853 0.00630417 0.00374436 0.00325049 -1.40579 0.166986 0.283951   9.701e-05 -0.00124277 0.000358444  -0.0280672     0.12863 -0.00906978 -0.151939  0.395291  -9.79985 
               119.8 0.534745  3.39803 -177.579   14.0357 -0.281233  0.726525  -0.803299   -0.84873 -0.0596645 0.00643563 0.00370353 0.00324318  -1.45229  0.215754 0.0884095 -0.000189208  -0.00122162  0.000272808 -0.0294371   0.128399 -0.0069978 -0.151915  0.395312  -9.79985 
               119.9 0.964741  4.34949  -179.22   13.8981 -0.282461  0.731632  -0.795044  -0.847227 -0.0457074 0.00627843 0.00372237 0.00308443  -1.50102  0.156645 -0.163306 -0.000187029  -0.00119999  0.000312314  -0.0281743    0.127391 -0.00812791 -0.151571   0.39468  -9.79988 
                 120 1.24694 3.15263 179.247    13.739 -0.266175  0.713762  -0.794658   -0.84968 -0.0496032 0.00631157 0.00374831 0.00303907  -1.5243 0.115913 -0.22627 -0.000197138 -0.000902202  0.000256559   -0.028837    0.127644 -0.00858558 -0.151872  0.394801  -9.79987 
               120.1  1.01486  4.23315 -179.691   13.5923 -0.275207   0.69707  -0.796878  -0.850386 -0.0418635 0.00635321 0.00383611 0.00304064   -1.50285 -0.0481852 -0.0879726 -0.000155367 -0.000905208  0.000255138  -0.0280414    0.125654 -0.00862923 -0.151781  0.394439  -9.79989 
             120.201 0.203571  6.90567  -176.94    13.432 -0.295224   0.69454  -0.798882  -0.847513 -0.0405026  0.0064585 0.00367257 0.00316169  -1.45254 -0.136733 0.0881622  -9.5424e-05 -0.000924117  0.000171404  -0.0298712    0.124352 -0.00825326 -0.152085  0.394375  -9.79989 
               120.3  1.13576   8.6283 -172.284    13.278 -0.309763  0.702596 -0.800438 -0.849408 -0.040215 0.00645647 0.00348994 0.00320694   -1.48499  -0.115941 0.00292156 -0.000256138 -0.000782776 -0.000111381  -0.0305355    0.123933 -0.00851511 -0.152293  0.394447  -9.79988 
               120.4 0.675563  10.3762 -169.441    13.148 -0.311944  0.693491  -0.797174  -0.842462 -0.0450819 0.00640541 0.00372344 0.00313981  -1.52378 -0.104664 -0.210694 -0.000319963 -0.000793144 -0.000113152  -0.0294699    0.125336 -0.00791993 -0.151782  0.394386  -9.79989 
               120.5 0.408247  10.1038  -167.22   13.0138 -0.327799  0.672775  -0.796704  -0.839636 -0.0417979 0.00641466 0.00379106 0.00326592  -1.46814 -0.106179 -0.178604 -0.000336244 -0.000762711 -5.88404e-05  -0.0281479    0.124888 -0.00768726 -0.15137 0.394171 -9.79991 
               120.6 0.0784332   9.73751   -164.33   12.8569 -0.333514   0.66765   -0.79686  -0.842091 -0.0437874 0.00644506 0.00376958 0.00318119    -1.41841 -0.00893367   0.0584691 -0.000365913 -0.000729984 -6.49057e-05  -0.0286237    0.125057 -0.00838552 -0.151637  0.394239   -9.7999 
             120.701 -0.47376  9.73874 -161.995   12.7224 -0.316615  0.691531  -0.795828  -0.846089 -0.0504692 0.00646566  0.0037387 0.00319931  -1.31046 0.0757932  0.249883 -0.000327331 -0.000741667   -7.005e-05  -0.0274389    0.126237 -0.00909537 -0.151673  0.394436  -9.79989 
               120.8 -0.207595   11.2301  -161.021   12.6152 -0.283351  0.727692  -0.796271  -0.845853 -0.0556797 0.00652003  0.0035772 0.00314199 -1.28004  0.21217 0.185788 -0.000195204 -0.000873596  6.69157e-07  -0.0255623    0.127264 -0.00958101 -0.151396  0.394711  -9.79989 
               120.9   1.0356  11.8846 -159.174   12.4539 -0.251813  0.738521  -0.796091  -0.854531 -0.0697653 0.00652635 0.00366873 0.00324127  -1.49079  0.276252 -0.041713 -0.000245407 -0.000737323 -5.59938e-05 -0.0257141   0.128236 -0.0101485 -0.152013  0.394774  -9.79987 
                 121 0.525288  10.8582 -158.408   12.2822 -0.230444  0.713002  -0.797417  -0.848499 -0.0742203 0.00649748 0.00374415 0.00314155   -1.5922  0.291023 -0.107184 -0.000200572 -0.000590769  -4.7706e-05  -0.0284977    0.128053 -0.00899736 -0.15228 0.394659 -9.79987 
               121.1 0.390484  10.3265 -156.634   12.1328 -0.215266  0.695707 -0.802022 -0.842387 -0.063444 0.00644324 0.00378116 0.00312576  -1.49041    0.2975 0.0530481 -0.000272686  -0.00059724  -7.3036e-05  -0.0295788    0.126228 -0.00785031 -0.151959  0.394518  -9.79988 
             121.201 0.627056  10.2563 -154.366   11.9942 -0.210512  0.695926  -0.807656  -0.836409 -0.0469931  0.0064424 0.00382295 0.00310375 -1.42884 0.264676 0.146231 -0.000388584 -0.000573692 -0.000124807  -0.0308303     0.12343 -0.00687711 -0.151544  0.394248   -9.7999 
               121.3 0.844424  10.9899 -154.291   11.8531 -0.206256   0.72628  -0.805743  -0.846379 -0.0362777 0.00634481 0.00388944 0.00312683 -1.43115 0.193765 0.118861 -0.000374093 -0.000770351  0.000212784  -0.0294021     0.12232 -0.00870312 -0.151516  0.393945  -9.79991 
               121.4  1.03648  10.9383 -153.465   11.7055 -0.148626   0.73695  -0.806715  -0.847099 -0.0608889 0.00640075  0.0037731 0.00314296   -1.51962   0.286752 -0.0721056 -0.000239962 -0.000775434  0.000198518  -0.0278929    0.124961 -0.00885785 -0.151901  0.394502  -9.79989 
               121.5 -0.106451   10.5295  -152.774   11.5467 -0.119107  0.717179  -0.806742  -0.842452 -0.0638759 0.00641253 0.00380143 0.00312219  -1.56761  0.291558 -0.140378 -0.000230836  -0.00074516  0.000190662  -0.0292556    0.125291 -0.00796507 -0.151978  0.394501  -9.79989 
               121.6 -0.852977   9.95293  -151.709   11.3834 -0.099177  0.714457  -0.807618  -0.844002 -0.0603913 0.00642331 0.00379797 0.00312212  -1.58986  0.341927 0.0258743 -0.000219697 -0.000734097  0.000203978  -0.0297187    0.124583 -0.00856363 -0.152031  0.394314  -9.79989 
             121.701 -2.36257  10.2369 -151.362    11.2338 -0.0563692   0.730826  -0.807704   -0.84498 -0.0597222 0.00641771 0.00378665 0.00311805 -1.45799 0.427611 0.241791  -9.3778e-05 -0.000856655  0.000299717  -0.0290137     0.12457 -0.00864666 -0.151955  0.394388  -9.79989 
               121.8  -2.6478  10.4589 -154.363    11.0966 -0.0301749   0.749066   -0.80875   -0.84254 -0.0482512 0.00630513 0.00383951 0.00309325 -1.41643 0.408039 0.183246 -3.34622e-05  -0.00084143  0.000776294   -0.029641    0.123029 -0.00824886 -0.151627  0.394179   -9.7999 
               121.9 -0.0682185    9.62023   -158.114   10.9495 0.0388279  0.773537  -0.808925   -0.84829 -0.0647311  0.0065657 0.00376861 0.00336917  -1.50331  0.504929 0.0108118  -7.5779e-05 -0.000889719  0.000725914  -0.0275696    0.124992 -0.00927257 -0.152033  0.394585  -9.79988 
                 122 -0.690618    8.1822   -162.14  10.8023 0.105321 0.752811  -0.813497  -0.837677 -0.0708985 0.00665371 0.00358706 0.00342049  -1.50185  0.483067 -0.102457 -3.17985e-05 -0.000881233  0.000748843  -0.0288352    0.125197 -0.00744681 -0.15196 0.394882 -9.79987 
               122.1 -0.65902  6.22671 -163.955  10.6884 0.176107 0.709893  -0.819844  -0.824367 -0.0669214 0.00656456  0.0035611 0.00358346   -1.33819   0.384109 -0.0750168 -0.000184204  -0.00086995    0.0006156   -0.028682    0.124903 -0.00391506 -0.151308    0.3954  -9.79986 
             122.201 -1.41394  5.15503 -161.472  10.5474  0.16207 0.744361  -0.825355  -0.833828 -0.0552993 0.00689242 0.00303597 0.00366524 -1.32242 0.153332 0.113158 0.000488402 -0.00105117 0.000448529  -0.0285765    0.121527 -0.00728438 -0.151393  0.394906  -9.79988 
               122.3 -2.20945  4.77393  -155.78  10.4052 0.175603 0.752867  -0.825544  -0.834958 -0.0569878 0.00683954 0.00271892 0.00364425  -1.34895   0.12534 0.0766716  0.000461314 -0.000891514 -0.000115962  -0.0294072    0.121772 -0.00724361 -0.15156 0.394898 -9.79988 
               122.4 -2.20911  4.79005 -151.676  10.2706 0.170857 0.761597  -0.827517  -0.837439 -0.0491277 0.00709451 0.00263693 0.00372539   -1.4489 0.0441316 -0.123571  0.000443732 -0.000906471 -3.86011e-05  -0.0291931    0.119904 -0.00838206 -0.151458  0.394664  -9.79989 
               122.5 -3.39098  4.46885 -147.458  10.1293 0.164108 0.760976  -0.830389  -0.840468 -0.0451024 0.00719731 0.00258491 0.00377936  -1.45884 0.0142409 -0.116832  0.000480108 -0.000909554 -3.55661e-05  -0.0286561    0.118369 -0.00994586 -0.151382  0.394473   -9.7999 
               122.6 -3.83511  5.47198 -142.291  9.98959 0.143647 0.746527  -0.831588   -0.83617 -0.0384363 0.00746239 0.00253232  0.0038644  -1.43701 0.0358015  0.048652  0.000425047 -0.000882508 -2.61097e-05  -0.0300097    0.116058 -0.00922066 -0.151152  0.394142  -9.79991 
             122.701 -4.59114  6.73622 -138.159  9.84042  0.15249 0.754376  -0.831251  -0.835228 -0.0405859 0.00745964 0.00252606 0.00387831  -1.34385 0.0979146  0.215124  0.000434551  -0.00088447 -3.22632e-05 -0.0306525   0.116509 -0.0087371 -0.151282  0.394144  -9.79991 
               122.8 -3.91881  7.60438 -137.076  9.71908 0.171947 0.776175  -0.831898  -0.834198 -0.0371062 0.00748105 0.00240927 0.00384091 -1.30605 0.151863 0.114626  0.000609024 -0.000960245  0.000443979  -0.0298872    0.116392 -0.00880074 -0.15112 0.394335 -9.79991 
               122.9 -0.100979   7.42011  -136.098  9.58726 0.184131 0.764291  -0.834707  -0.830314 -0.0352184 0.00744867 0.00226843 0.00378184  -1.39117  0.161565 -0.120364  0.000460425 -0.000887009  0.000419423   -0.030651    0.115572 -0.00782002 -0.150992  0.394345  -9.79991 
                 123 -0.0392923     6.9139   -134.661  9.42778 0.203039  0.74001  -0.836289  -0.828372 -0.0458295 0.00749809 0.00234346 0.00376856  -1.46212  0.194416 -0.181632    0.0006075 -0.000529333  0.000377015  -0.0319783     0.11636 -0.00710329 -0.151401  0.394203  -9.79991 
               123.1 -1.75986  6.03492  -132.06  9.29085  0.22493 0.746434  -0.832376   -0.83374 -0.0442606 0.00756016 0.00224506 0.00382761  -1.33222   0.20259 0.0522932  0.000648188 -0.000632608  0.000374618  -0.0304399    0.116889 -0.00854558 -0.151359  0.394287   -9.7999 
               123.2 -2.35703  5.55001 -128.984  9.17141 0.255656 0.750061  -0.835388  -0.831935 -0.0392011  0.0075416 0.00236458  0.0038748 -1.25893 0.215624 0.150902  0.000608852 -0.000513522  0.000282081  -0.0293049    0.116231 -0.00749269 -0.151212  0.394678  -9.79989 
               123.3 -0.739657   5.92462  -127.746  9.03994 0.272571 0.776502 -0.833505  -0.83742 -0.042635 0.00753182 0.00239106 0.00390836 -1.28899 0.135538 0.119271   0.0004994 -0.00062383 0.000421804  -0.0288255     0.11696 -0.00890147 -0.151409  0.394503  -9.79989 
               123.4  1.05247   5.6359 -127.504  8.91554 0.286454 0.789721  -0.832612  -0.839039 -0.0383519 0.00750447 0.00238351 0.00387864   -1.40581  0.0843615 -0.0786214  0.000476564 -0.000638018  0.000484235  -0.0276214    0.116453 -0.00974328 -0.151207  0.394687  -9.79989 
               123.5 -0.404596   3.62783  -125.956  8.76299 0.286012 0.784995  -0.832257  -0.841972 -0.0404578 0.00754314 0.00237336 0.00382858  -1.50558 0.0379592 -0.100227 0.000585032 -0.00056178  0.00047657 -0.0283309    0.11687 -0.0108315 -0.151351  0.394344   -9.7999 
               123.6 -1.59414  3.03723 -124.042  8.60958 0.286504  0.76515  -0.832991  -0.839155 -0.0395718 0.00752178 0.00244957 0.00381504  -1.49334 0.0793684  0.061528  0.000560584 -0.000496658  0.000438116  -0.0294999     0.11669 -0.00919228 -0.151299  0.394231  -9.79991 
               123.7 -1.5125 3.28381 -122.77  8.44104 0.294009 0.771103  -0.831695  -0.837854 -0.0464984 0.00754045 0.00245019 0.00381713  -1.46578 0.0979929  0.243396  0.000602084 -0.000466726  0.000445737  -0.0308692    0.118501 -0.00852456 -0.151746  0.393921  -9.79991 
               123.8 -1.45054   4.5904 -122.204  8.31922  0.29814 0.800834  -0.829864  -0.837625 -0.0396101 0.00748205 0.00245918 0.00378415  -1.42038 0.0899148  0.187254  0.000473975 -0.000539178  0.000540717  -0.0304466    0.116984 -0.00900076 -0.151205  0.394068  -9.79991 
             123.901 0.149398  4.85063 -120.781  8.19506 0.287863 0.817895  -0.824466  -0.838933 -0.0327209 0.00744829 0.00250816 0.00371421   -1.42923  0.0129787 0.00342563  0.000346763 -0.000526761  0.000538836  -0.0306545    0.116031 -0.00971622 -0.150629  0.393993  -9.79993 
                 124 0.422075  3.68157 -119.329  8.03768 0.299386 0.819978  -0.825494  -0.840178 -0.0368746 0.00745067 0.00250924 0.00375418   -1.47021  0.0507445 -0.0948903  0.000347795 -0.000254703  0.000354496 -0.0301627   0.116924 -0.0101251 -0.150974  0.393999  -9.79992 
               124.1 -1.05413  2.53946 -116.479  7.89516 0.308099 0.820975  -0.824769  -0.841088 -0.0370029 0.00746205 0.00249891 0.00376165  -1.37679  0.103363 0.0508454  0.000471408 -0.000291572  0.000361826  -0.029778   0.117094 -0.0106226 -0.151006  0.394044  -9.79992 
               124.2 -0.460653   3.29265  -113.015  7.75631 0.312456 0.810238  -0.826642  -0.837878 -0.0373393 0.00748889 0.00248168 0.00374945  -1.34251 0.0451792  0.117049  0.000454554 -0.000207707  0.000281324  -0.0308454    0.116832 -0.00885855 -0.150974  0.393961  -9.79992 
               124.3 -0.0522213    4.48846   -111.173  7.60247 0.317381  0.80115  -0.825943  -0.834731 -0.0443725 0.00751558  0.0024335 0.00375038     -1.3556 -0.00435459   0.0409057  0.000510241 -6.72754e-05  0.000361122  -0.0318522    0.118502 -0.00705062 -0.15141 0.393752 -9.79992 
             124.401  1.07928  5.29605 -109.006  7.47584 0.314044 0.791781  -0.825713  -0.832825 -0.0406176 0.00755761 0.00241349 0.00369094   -1.41269 -0.0905805  -0.172018  0.000528367 -8.44286e-05  0.000392389  -0.0315312    0.117453 -0.00649336 -0.151139  0.394059  -9.79992 
               124.5 0.916997  5.01199 -105.544  7.32973 0.305611 0.791837 -0.826467  -0.83592 -0.042575 0.00753234 0.00241506 0.00369578  -1.40831 -0.133672 -0.183332 -0.000128692  9.14919e-05   0.00010501  -0.0308285    0.117868 -0.00853267 -0.151329   0.39398  -9.79992 
               124.6 0.258975  4.25792 -100.589  7.19933 0.297706 0.777152  -0.827029  -0.836701 -0.0413386 0.00754112 0.00249341 0.00373931  -1.28092 -0.103031 0.0139549 -4.55928e-05  0.000146659  6.83803e-05   -0.029903     0.11733 -0.00802669 -0.151325  0.394268   -9.7999 
               124.7  1.70183  5.41343 -96.3952  7.08203 0.287835 0.782886  -0.827561  -0.836204 -0.0390338 0.00757832 0.00248926 0.00373375   -1.2205 -0.070623  0.153071  -0.00040177  0.000190849 -7.12752e-05  -0.0299602     0.11649 -0.00758805 -0.151104   0.39441   -9.7999 
               124.8 0.554266  5.51827 -94.2632  6.96014  0.28667 0.802364  -0.828035  -0.836764 -0.0408385  0.0075806 0.00247153 0.00372857   -1.19645 -0.0367628  0.0813876 3.68601e-05 0.000146154  -8.729e-05  -0.0293463    0.116647 -0.00809964 -0.151286   0.39449   -9.7999 
             124.901  2.51199  4.82361 -91.7971  6.85144 0.280847 0.820557  -0.830442  -0.840371 -0.0354351  0.0076027 0.00255416 0.00371557   -1.17281 -0.0471387 -0.0460543 -0.000237443  0.000135404  -6.6642e-05 -0.0288813   0.115158 -0.0101239 -0.150921  0.394581   -9.7999 
                 125  1.15661  3.81221 -88.4346  6.73119 0.275884 0.821994  -0.831608  -0.842066 -0.0370259 0.00761627 0.00253741 0.00369419   -1.07649  0.0200241 -0.0352326 0.000440878  0.00014029  -7.998e-06 -0.0289454   0.115626 -0.0110657 -0.151037  0.394327  -9.79991 
               125.1 -0.115078    3.5359  -82.1192   6.6243 0.272865 0.818724  -0.830492  -0.840004 -0.0363261 0.00757843  0.0024772 0.00365665 -0.972334 0.0860126  0.140618 0.000399756 0.000165243 -0.00015527  -0.030386   0.116246 -0.0106169 -0.150842  0.393973  -9.79992 
               125.2 -0.387926   5.22353  -74.7787  6.49807 0.287253   0.8297  -0.826962  -0.839954 -0.0506994 0.00750271 0.00268593 0.00351019 -1.00711 0.125296 0.218469  0.000448953  8.56343e-05 -0.000221768 -0.0291137   0.119532   -0.00975 -0.152064  0.393607  -9.79992 
               125.3 -1.17327  6.58028 -66.4223  6.37083 0.294941 0.855964  -0.828283  -0.842525 -0.0608583 0.00728129 0.00268769 0.00345158  -1.08541 0.0829802  0.131627  0.000447337  9.64653e-05 -0.000392219 -0.0286425   0.121717 -0.0105537 -0.152737  0.392919  -9.79994 
             125.401 1.50909 7.74656 -59.715  6.26272 0.290226  0.85835  -0.828078  -0.842895 -0.0585298 0.00724683 0.00266493  0.0034842   -1.12368 -0.0824934 -0.0528242  0.000399218  0.000145103 -0.000352963 -0.0293836   0.121748 -0.0104888 -0.152432  0.392755  -9.79995 
               125.5 0.699947  7.28421 -53.8048  6.17022 0.286494 0.857615  -0.828071  -0.843186 -0.0500052 0.00733691 0.00260844  0.0034742  -1.13239 -0.141744 -0.028042  0.000893899   0.00034753 -0.000130306 -0.0294634   0.119606   -0.01096 -0.151844  0.393428  -9.79993 
               125.6  1.28884  5.93378 -48.9817  6.06305 0.273212 0.858347  -0.828808  -0.842241 -0.0470724 0.00733238 0.00258166 0.00344605 -1.13628 -0.14623 0.113636 0.000729714 0.000449484 5.39288e-05 -0.0299298   0.118733 -0.0107377 -0.151557  0.393655  -9.79993 
               125.7  2.31498  5.92745 -46.2964   5.9638 0.254055 0.868676  -0.829066  -0.838572 -0.0452097 0.00723052  0.0027234 0.00338176   -1.07625 -0.0939081   0.266907 0.000625406 0.000388265 0.000247746 -0.0326751   0.118303 -0.0102711 -0.150624  0.393505  -9.79995 
               125.8  2.66512  7.29185 -42.4929  5.87818 0.253602 0.885275  -0.833167  -0.838106 -0.0335709 0.00708594 0.00262411 0.00337967  -1.05169 -0.126493  0.178197 0.000598365 0.000383863 0.000237255 -0.0341741   0.114649 -0.0091913 -0.149548  0.394568  -9.79992 
             125.901  3.95232  6.17072 -39.3245  5.78611 0.234606 0.889665  -0.833602  -0.838925 -0.0258346 0.00696741 0.00264468 0.00331443  -1.04697 -0.229329 -0.015846 0.000350576 0.000644801  0.00018242  -0.0362419    0.113384 -0.00891171 -0.148415  0.394872  -9.79993 
                 126  2.40778  4.71644 -35.7034  5.67376 0.220345 0.886837  -0.834187  -0.839353 -0.0266086 0.00699312 0.00264553 0.00338079   -1.12327  -0.150778 -0.0156151 0.000586665 0.000618336 0.000217496  -0.0345621    0.112894 -0.00867367 -0.149084  0.395151   -9.7999 
               126.1 -0.551982   4.24093  -30.7531   5.5594 0.209783 0.885543   -0.83606   -0.83902 -0.0260888  0.0069967  0.0027363 0.00340183   -1.10234 -0.0943011  0.0709356 0.000640197 0.000617083 0.000177888  -0.0340301    0.112384 -0.00797872 -0.149347  0.395273  -9.79989 
               126.2 -1.29412  5.37801 -26.0569  5.43718 0.218776 0.914992  -0.831998  -0.850543 -0.0257185 0.00708837 0.00274593 0.00335442  -1.12156 -0.106133  0.159846 0.000511763 0.000422076 0.000231237 -0.0270526   0.110936 -0.0104739 -0.151428  0.396337  -9.79982 
               126.3 -2.00174  5.95002 -20.0467  5.32781 0.186414 0.920576  -0.832586  -0.846799 -0.0315653 0.00693859 0.00266876 0.00336289  -1.12169 -0.287432  0.008998 0.000534132 0.000514014 0.000168487  -0.0298508    0.113496 -0.00978437 -0.150577  0.395131  -9.79988 
             126.401 0.292341  6.59267 -17.3697  5.21948 0.155618  0.91729 -0.831866 -0.848039  -0.02809 0.00691557 0.00267467 0.00326019   -1.06442  -0.457241 -0.0921266  0.00035029  0.00048487 0.000225802 -0.0294625   0.112347 -0.0100968 -0.150608  0.395694  -9.79986 
               126.5 -0.46831  5.17705 -14.2363  5.09719 0.090523 0.909043  -0.830125  -0.848489 -0.0319799 0.00697274 0.00266447 0.00339406   -1.15911    -0.6322 -0.0336869 0.000597781  0.00061434 0.000228144  -0.0280144    0.115044 -0.00997202 -0.151224   0.39458  -9.79989 
               126.6 -2.33079  2.88162 -10.4974   4.97849 0.0106484    0.9083   -0.82746  -0.845218 -0.0372538 0.00695216 0.00270178 0.00324857  -1.20483 -0.641507  0.134175 0.000686303 0.000667251 0.000231297  -0.0289274    0.117715 -0.00971439 -0.15103 0.393586 -9.79994 
               126.7 -0.983471   5.27218  -8.29212    4.86099 -0.0703064     0.9152  -0.832705  -0.842124 -0.0438118 0.00706246 0.00271387 0.00342281  -1.23895 -0.676138  0.188648 0.000732175 0.000644477  0.00031658  -0.0303499    0.118861 -0.00887413 -0.150615  0.392744  -9.79998 
               126.8 -1.46533  5.98562 -6.59139   4.74906 -0.121669  0.905411  -0.843326  -0.840314 -0.0398176 0.00709443 0.00274475 0.00344041  -1.19577 -0.599607 0.0002139 0.000773069 0.000588138   0.0003892  -0.0317479    0.115402 -0.00693433 -0.150269  0.393575  -9.79995 
             126.901 -0.27939  3.34553 -5.43314   4.60882 -0.163186  0.935017  -0.830344  -0.845194 -0.0356697 0.00723253 0.00278499 0.00352827    -1.31171   -0.468487 -0.00408418 0.000615597 0.000580541 0.000412974  -0.0292127    0.116233 -0.00933497 -0.151055   0.39404  -9.79992 
                 127 -2.00378 0.792284 -4.00677   4.48212 -0.194106  0.937909  -0.829829  -0.846256 -0.0324071 0.00726632 0.00276452 0.00350994  -1.33029 -0.310802 0.0193416 0.000593374 0.000677351 0.000353976  -0.0296046    0.115496 -0.00973135 -0.150835  0.394472   -9.7999 
               127.1 -2.13402  1.74282 -1.87883    4.3439 -0.207512  0.942566  -0.832817  -0.848375 -0.0288223 0.00729682 0.00279648 0.00348902   -1.4176 -0.180784 0.0564506  0.00050702 0.000325596 0.000302711  -0.0288646    0.113392 -0.00970862 -0.151137  0.395148  -9.79987 
               127.2 -1.05234  2.99458 -2.73329   4.19786 -0.211367  0.950984  -0.834575  -0.853575 -0.0292635 0.00715864 0.00273637 0.00324972   -1.37535 -0.0767781 -0.0155122 0.000510664 0.000294307 0.000423873 -0.0264111   0.111358 -0.0103962 -0.152004  0.395755  -9.79983 
               127.3  2.51546  4.21798 -2.99273  4.06441 -0.22487 0.953126  -0.832895  -0.855083 -0.0294558 0.00709609 0.00292221 0.00342649   -1.3304 -0.063462 -0.105383 0.000343548 0.000238859 0.000382478 -0.0265946   0.112749 -0.0116883 -0.151681  0.395299  -9.79986 
             127.401  3.17844   3.2631 -2.79356   3.92829 -0.230052   0.94366  -0.832614  -0.855933 -0.0309628 0.00708925 0.00291974 0.00344104   -1.34119 -0.0251503 -0.0567686 0.000398106  0.00030311 0.000341813 -0.0259485   0.112812 -0.0117322 -0.151918  0.395237  -9.79986 
               127.5  3.3878  2.7941 -2.3958   3.79857 -0.225123  0.926524  -0.834594  -0.854381 -0.0278697 0.00705535 0.00298204 0.00343582    -1.33908 0.000659403   0.0352126 0.000447386  0.00033269 0.000304701 -0.0267776   0.111605 -0.0100669 -0.151752  0.395678  -9.79984 
               127.6  5.36548  2.38905 -2.01822   3.67273 -0.214269  0.934372  -0.836666  -0.854023 -0.0220942 0.00708602 0.00296158  0.0033789  -1.33014 0.0181432  0.155125 0.000300291 0.000366202 0.000344963  -0.0283165     0.10997 -0.00978038 -0.151184  0.396418  -9.79982 
               127.7  6.31811  3.45923 -1.16776   3.55165 -0.240315  0.942046  -0.840679  -0.853487 -0.0212575 0.00700641 0.00289111 0.00343931   -1.20614  -0.179586 0.00445144 0.000381755 0.000405384 0.000294836 -0.0298513    0.11285 -0.0096674 -0.150149  0.395054  -9.79989 
               127.8   4.96649   3.92002 -0.387728  3.43231 -0.24281 0.943891 -0.836699 -0.856328  -0.02002 0.00704962 0.00285538 0.00360155  -1.17762 -0.152321 -0.110672 0.000348295 0.000401683 0.000273628 -0.0291546   0.110984 -0.0105827 -0.15049 0.396107 -9.79984 
             127.901  5.44462  1.45776 0.908833    3.2912 -0.269719  0.912307  -0.839554  -0.857644 -0.0246706 0.00682238 0.00301715 0.00380629  -1.30034 -0.207825 -0.208423 0.000366237 0.000572784  0.00018984 -0.0260273   0.111851  -0.008693 -0.151668  0.395212  -9.79986 
                 128   5.87124 -0.495199   3.62534   3.15797 -0.289818  0.899384  -0.839665  -0.858362 -0.0247188 0.00686008 0.00303656 0.00382718   -1.33427  -0.225521 -0.0732477 0.000330115 0.000562412 0.000123638  -0.0256749    0.111469 -0.00895635 -0.151813  0.395335  -9.79985 
               128.1 5.52261 1.39183 6.32187  3.04378 -0.31345 0.894938  -0.839756  -0.854607 -0.0200169  0.0068208 0.00290014 0.00411884   -1.21869  -0.232691 -0.0145962 0.000384855 0.000385279 0.000150314  -0.0295514     0.11203 -0.00926565 -0.150255  0.395496  -9.79987 
               128.2 4.76425 3.76345 7.72685   2.92911 -0.337359  0.889135  -0.840135  -0.853949 -0.0187868 0.00684077 0.00291186 0.00418302     -1.124  -0.198558 -0.0922488 0.000293102 0.000406426 0.000100883  -0.0302513    0.112422 -0.00904722 -0.149934   0.39539  -9.79988 
               128.3 3.58904 3.43029 7.87013   2.81335 -0.363275  0.890004  -0.839185  -0.853668 -0.0214706 0.00682058 0.00282409 0.00413825   -1.1392 -0.116567 -0.121563 0.000291339 0.000456121 0.000126117 -0.0295003   0.113686 -0.0107043 -0.150124   0.39477   -9.7999 
               128.4  5.07417 0.148029   9.1171   2.68487 -0.366141      0.88  -0.838706  -0.856175 -0.0273462 0.00681167 0.00281979 0.00431569   -1.19407 -0.0436003  -0.131837 0.000192083 0.000500041 0.000112947 -0.0274138   0.112633  -0.010943 -0.151056  0.394989  -9.79988 
               128.5  4.53709 -1.04683  11.4269   2.56971 -0.348012  0.892186  -0.844997  -0.856592 -0.0229872 0.00699032 0.00280103 0.00422222    -1.1924 0.00957545  0.0893034 0.000156961 0.000483591 0.000101834 -0.0283607   0.109058 -0.0125804 -0.15094 0.396186 -9.79983 
               128.6 3.54311 1.22905 14.2029   2.44811 -0.343702  0.888654  -0.842239  -0.856658 -0.0256685 0.00711532 0.00287192  0.0041363    -1.1032 -0.0113777  0.0593035 0.000235421 0.000402468 0.000111841 -0.0277436   0.109039 -0.0113447 -0.151344   0.39631  -9.79982 
             128.701 4.25111 3.50355 17.5213   2.34078 -0.361182  0.889088    -0.8423  -0.855256 -0.0271198 0.00708458 0.00289028 0.00407663  -0.982291 -0.0901071 -0.0279087 -0.000117404  0.000411999 -5.95547e-05 -0.0272791   0.110199 -0.0111704 -0.151459  0.395712  -9.79984 
               128.8 4.70797 4.00559 18.6817   2.23694 -0.365765  0.885528   -0.84135  -0.855515 -0.0295105 0.00706888 0.00286913 0.00404248 -0.956729 -0.104395 -0.107582 -5.90493e-05  0.000543649  0.000198748 -0.0264198   0.109554 -0.0112835 -0.151952  0.395886  -9.79983 
               128.9 7.97749 2.31176 19.8844    2.1435 -0.394383  0.872504  -0.842545  -0.854598 -0.0279327  0.0070735 0.00283884 0.00421307   -0.970942   -0.194635 -0.00237059 -9.31941e-05  0.000622072  0.000169289 -0.0263519   0.111257 -0.0108981 -0.151684  0.395097  -9.79987 
                 129  8.4367 3.09707 21.6168   2.04121 -0.415666  0.873358  -0.843584  -0.855204 -0.0287785 0.00705805 0.00281479 0.00422015  -1.02163 -0.260195  0.142086 -0.000136809  0.000626401  0.000152476 -0.0257323   0.110924 -0.0103745 -0.151942  0.395077  -9.79986 
               129.1 8.88708 4.62947 24.2778   1.94771 -0.438742  0.877252  -0.844908  -0.854867 -0.0270808 0.00707977 0.00280807 0.00424507 -0.954908 -0.248855 0.0705076 -4.37074e-05  0.000598595  0.000122007   -0.026695    0.110656 -0.00951122 -0.151595  0.395297  -9.79986 
             129.201 6.93013 5.25427 23.4482   1.85827 -0.457747  0.904732 -0.845405 -0.859543   -0.0251 0.00707374 0.00269762 0.00425465 -0.968014 -0.202961 0.0948543  4.4061e-05 0.000663177  0.00023146 -0.0266272   0.110322  -0.011348 -0.151284  0.395519  -9.79986 
               129.3 7.42843 1.54636 21.5751   1.77473 -0.463948  0.912885  -0.847189  -0.860119 -0.0154067 0.00712298 0.00286193 0.00397866  -1.04172  -0.12389 0.0350767 -4.87956e-05   0.00113796  0.000415716 -0.0287125   0.109626 -0.0115049 -0.150409  0.396127  -9.79984 
               129.4  7.32437 -2.31895  18.7481   1.66852 -0.465055  0.915481  -0.847287  -0.860089 -0.0105742 0.00702644 0.00293303 0.00389199  -1.14499  -0.10971 0.0863696 -6.69961e-05    0.0011528  0.000429441 -0.0294126   0.108732 -0.0112039 -0.150258  0.396609  -9.79983 
               129.5  8.80068 -2.48673  17.2329   1.56212 -0.483331  0.919956   -0.845978   -0.857853 -0.00951772 0.00705694 0.00294695 0.00391817  -1.11351 -0.156951 0.0644721   -4.83e-05  0.00109607 0.000413446 -0.0304227   0.109992 -0.0109744 -0.149799  0.396343  -9.79984 
               129.6   8.28909 -0.179708   16.3512   1.45543 -0.485939  0.919786   -0.846719    -0.85839 -0.00427798  0.0070728 0.00298356 0.00395198   -1.02043  -0.131933 -0.0753754 -6.45968e-05    0.0010428  0.000389235 -0.0308495   0.108456 -0.0107099 -0.149816  0.397004  -9.79982 
             129.701 6.81521  1.6673 15.6913   1.33389 -0.511576  0.895076  -0.842232  -0.857984 -0.0153362  0.0071704 0.00306865  0.0036363  -1.07385 -0.201015 -0.231752 6.80989e-05  0.00102044 0.000317357  -0.0283541    0.109598 -0.00978051 -0.15092 0.396389 -9.79983 
               129.8 6.79026 1.11787 16.0425   1.20906 -0.531364  0.885129 -0.845505 -0.863523  -0.02219 0.00714689 0.00318914 0.00364466  -1.12548 -0.216064 -0.146677 -0.000149387   0.00106214  0.000229072 -0.0251507   0.107848 -0.0109734 -0.152118  0.396386  -9.79981 
               129.9 7.28923 1.18308   15.95    1.0937 -0.563504   0.86681  -0.840943   -0.86462 -0.0260812 0.00707045  0.0032084 0.00367771    -1.11338   -0.203309 -0.00208655 -7.37974e-05    0.0010541  0.000247724  -0.0236665    0.110099 -0.00983947 -0.152423   0.39561  -9.79983 
                 130 6.64505 1.88543 16.2949  0.974802 -0.579282  0.886442  -0.843636  -0.867972 -0.0307439 0.00708431 0.00327626 0.00368412  -1.10018 -0.185812   0.10534 -1.22561e-05  0.000981115   0.00029354 -0.0214458   0.108139 -0.0119336 -0.153377  0.395819  -9.79981 
               130.1 6.31684 3.44538 16.6029  0.871054 -0.592213  0.875682  -0.841231  -0.867225 -0.0281054 0.00716318 0.00326154 0.00370776   -1.03154 -0.0838032 -0.0465739 0.000142296 0.000995283 0.000283961  -0.0224987    0.108639 -0.00923777 -0.153021  0.396049  -9.79981 
               130.2  6.6722 3.51139 14.7452 0.785523 -0.61124  0.88644   -0.84948  -0.866498 -0.0181633 0.00723905 0.00338419 0.00373204  -0.971439 0.00744126  -0.057094 0.000141093  0.00101393 0.000289102 -0.0242664   0.110045 -0.0122475 -0.151725  0.395173  -9.79986 
               130.3 7.24452  1.8819 12.2104  0.681347 -0.577485  0.873226  -0.847276  -0.869927 -0.0207027 0.00708775 0.00336169 0.00367315 -0.987988  0.198233 -0.123923 -0.000184444   0.00140287  0.000499231 -0.0238272    0.10717 -0.0113737 -0.152265  0.396477   -9.7998 
               130.4 6.69744 1.52605 10.2528  0.605825 -0.535998  0.863005   -0.852734   -0.867162 -0.00294714 0.00708386 0.00348465 0.00355724 -0.883928  0.304385 -0.123435 -7.59827e-06   0.00125847  0.000497508 -0.0272046     0.1048  -0.011559 -0.151138  0.397534  -9.79978 
             130.501 6.18487  2.0678 8.38052  0.517002 -0.490569  0.854885    -0.85542   -0.869393 -0.00503539 0.00705876 0.00349155 0.00356943  -0.771376   0.382464 -0.0631749 1.83923e-05  0.00123667  0.00051048 -0.0266658   0.102669 -0.0115111 -0.151502  0.398165  -9.79974 
               130.6 5.01958 3.33536 5.53479  0.437135 -0.448564  0.837014  -0.849303   -0.87081 -0.0109361  0.0071115 0.00350809 0.00351424  -0.664266   0.409228 -0.0714335 0.000224484  0.00113016 0.000626688 -0.0255601   0.103297 -0.0101188 -0.152025  0.398227  -9.79973 
               130.7 5.94689 3.06568 4.54093  0.375042 -0.414924  0.817494  -0.844091  -0.871314 -0.0113656 0.00709899 0.00347547 0.00353177  -0.573384   0.387457 -0.0881603 0.000191769  0.00116912 0.000588379  -0.0252998    0.105158 -0.00873865 -0.151988  0.397858  -9.79975 
               130.8 6.06291 2.81938 5.52612  0.316099 -0.391256  0.810101   -0.84488   -0.87037 -0.0114322 0.00698346 0.00352414 0.00355564  -0.529164   0.332091 -0.0895374 -2.35015e-05   0.00116966  0.000202115  -0.0247287    0.106498 -0.00899832 -0.152061  0.397157  -9.79978 
               130.9  6.58708 0.915215  6.71933 0.257044 -0.36586 0.803468  -0.845322  -0.869676 -0.0131099 0.00694001 0.00363823 0.00363631  -0.522343   0.262898 -0.0920708 -1.88598e-05   0.00117511  0.000187842  -0.0238134    0.106887 -0.00927015 -0.152423  0.396813  -9.79979 
             131.001    7.6288 -0.675646   6.70942  0.212002 -0.338105  0.820518  -0.846093  -0.866929 -0.0109834 0.00708067 0.00369032 0.00358136 -0.475305  0.267104 0.0250091 -6.27703e-05   0.00116414  0.000211775 -0.0250248   0.106451 -0.0114073 -0.15211 0.396964 -9.79978 
               131.1 7.55308 -1.2868 5.26032 0.161449 -0.31388 0.832702  -0.845999  -0.866052 -0.0123616 0.00708775 0.00365941 0.00358315 -0.419188  0.343299 0.0245763 -2.20679e-05   0.00102996  0.000377391 -0.0244953   0.106806 -0.0122786 -0.152337  0.396716  -9.79979 
               131.2   8.2623 -1.20522  4.19526  0.125995 -0.277628  0.817452  -0.845466  -0.866577 -0.0101863 0.00714155 0.00367828 0.00360718 -0.372207  0.439055 -0.124514 -3.59313e-05   0.00102402  0.000364428  -0.024939   0.107241 -0.0111174 -0.152079  0.396699   -9.7998 
               131.3 7.54933 -2.2476 2.87001 0.0861286 -0.228986  0.802575   -0.84574  -0.867656 -0.0146351 0.00712153 0.00364538  0.0036236 -0.269266  0.460048 -0.283701 -3.08442e-05   0.00102212  0.000365069 -0.0240762   0.106705 -0.0113462 -0.152458  0.396795  -9.79979 
               131.4  6.00261 -2.01271  1.51527  0.064622 -0.169855  0.745197  -0.841979   -0.87194 -0.0161025 0.00715371  0.0037948 0.00371782 -0.217032  0.446392 -0.454128 -4.16158e-05   0.00101962  0.000370454   -0.023609    0.106192 -0.00943859 -0.152539  0.397342  -9.79976 
             131.501  4.42799 -1.88162 -1.35062 0.0504027 -0.128075  0.677452  -0.838905  -0.875096 -0.0154971 0.00717756 0.00387096 0.00372719 -0.0978542   0.342928  -0.618066 0.000220757  0.00100542 0.000523981   -0.023116    0.106724 -0.00814072 -0.152529  0.397393  -9.79976 
               131.6  5.70675 -1.81676 -1.87264 0.0485434 -0.100304  0.626309   -0.83782    -0.8688 -0.0139695 0.00716128 0.00392027 0.00375039 0.0266151  0.267831  -0.64141 -0.000321194   0.00087381  0.000271285   -0.024842    0.107167 -0.00952406 -0.152209  0.397284  -9.79977 
               131.7   4.31297 -0.913336    -1.032  0.0528876 -0.0800575    0.57531  -0.832481  -0.862583 -0.0139238 0.00706451 0.00390611 0.00374287 0.0946666  0.204933 -0.659347 -0.000262991  0.000807893  0.000235532 -0.0258656   0.108527 -0.0115359 -0.152147  0.397001  -9.79978 
               131.8   3.5083 -1.59338  1.84828  0.0587941 -0.0701597   0.499213    -0.83176   -0.867998 -0.00874991 0.00690596 0.00406699 0.00376924  0.086191  0.107205 -0.685755 -0.000227347  0.000869491  0.000163535 -0.0237758   0.109775 -0.0104523 -0.152438  0.396475   -9.7998 
               131.9  2.62477 -2.34634  4.32375 0.0656528 -0.078834  0.420103    -0.828399    -0.869743 -0.000736211  0.0066252 0.00409856 0.00376302 0.0223883 0.0201695 -0.723335 -0.000175137  0.000902062  0.000151331  -0.0230838    0.112909 -0.00956071 -0.152214  0.395445  -9.79984 
                 132 1.57569 -2.9662 5.98709  0.0742237 -0.0637181   0.344952   -0.832163   -0.870723 -0.00395335 0.00669021 0.00406788 0.00374558 0.0313807 0.0813881 -0.726669 -0.000108995  0.000936478  0.000171785  -0.0239659    0.111006 -0.00902461 -0.151982  0.396067  -9.79982 
               132.1  2.44121 -2.72461  6.81765  0.0793852 -0.0548117   0.278056   -0.831249   -0.870384 -0.00420921 0.00669241 0.00410595 0.00375051 0.0115701 0.0650693 -0.669251 -0.000232303  0.000928538  0.000162675  -0.0244239    0.110929 -0.00940554 -0.151859  0.396188  -9.79982 
             132.201   2.4374 -2.67026  6.95579    0.06891 -0.0557121   0.226934  -0.828189  -0.869502 -0.0049457 0.00669523 0.00408575 0.00374935  -0.111553 0.00338246   -0.53548 -0.000268633  0.000941785  0.000164418 -0.0237777   0.111752 -0.0104622 -0.15214 0.395956 -9.79982 
               132.3 1.82705 -2.2114 5.93162  0.0591993 -0.0542512   0.166582   -0.831112   -0.869588 -0.00420765  0.0067142  0.0041045 0.00375304 -0.130892 0.0243385 -0.424199 -7.78588e-05  0.000857219  0.000255158  -0.0240052    0.111249 -0.00933179 -0.152035  0.396007  -9.79982 
               132.4  2.75342 -1.48591   4.4955  0.0450499 -0.0502798   0.136465   -0.828723   -0.869912 -0.00464275 0.00666826 0.00410125 0.00373244   -0.108183 0.000967093   -0.267951 -0.000115075  0.000833371  0.000275864  -0.0237385    0.111209 -0.00992401 -0.152175  0.396133  -9.79982 
               132.5  2.66168 -0.71552  4.72291  0.0406715 -0.0300013   0.115747   -0.820543   -0.873196 -0.00431553 0.00662898 0.00412426 0.00373128 -0.0371239   0.034655  -0.186037 -0.00020462 0.000864786 0.000222845 -0.0240933   0.110221  -0.010109 -0.152124  0.397126  -9.79978 
               132.6   1.74708 -0.770172   4.74442  0.0330001 -0.0388945   0.110685   -0.823309   -0.870809 -0.00435441 0.00661265 0.00410137 0.00370236 -0.0287306 0.00519486  -0.126425 -0.000136103  0.000867748  0.000197564 -0.0237575      0.111 -0.0111817 -0.152251  0.396553   -9.7998 
               132.7  1.95997 -1.92639  3.85919  0.0251456 -0.0344296   0.102875   -0.820814   -0.869957 -0.00532574 0.00662379 0.00410437  0.0037347 -0.0511734   0.036624 -0.0895769 -0.000165789  0.000916346  0.000262134 -0.0234382   0.111016 -0.0116129 -0.152483  0.396638  -9.79979 
               132.8  3.17635 -2.06256  4.36662 0.0141431 -0.031478  0.103227   -0.818611   -0.868615 -0.00609043 0.00664206 0.00414947 0.00374294  -0.0690776 -0.00527962  -0.0568697 -0.000302483  0.000863952  0.000233844 -0.0230084   0.111163  -0.012383 -0.152768  0.396627  -9.79979 
               132.9  2.80296 -2.44897  5.07635  0.0216988 -0.0289603   0.103433   -0.817266   -0.869412 -0.00491453 0.00667192 0.00404963  0.0037219 -0.0233245 -0.0173679 -0.0110932 -0.00018152 0.000906038 0.000234858 -0.0249963   0.111203 -0.0128858 -0.151979  0.396946  -9.79979 
             133.001  2.42276 -1.77331  4.17361   0.026419 -0.0382068  0.0845506   -0.822487   -0.870357 -0.00207163 0.00669389 0.00407169 0.00372342 0.00666311 -0.0254907 -0.0323721 -4.3912e-05 0.000858743 0.000394621 -0.0254649   0.111464  -0.011013 -0.151583  0.396629  -9.79981 
               133.1  2.40226 -1.71867   4.2994  0.0215274 -0.0419602  0.0693562   -0.825563   -0.871337 -0.00187973 0.00669572 0.00408081 0.00370304 -0.0362418 -0.0295225 -0.0426919 -4.66154e-05   0.00088011    0.0003614  -0.0244613     0.11112 -0.00957556 -0.151872  0.396497  -9.79981 
               133.2   2.0232 -1.57064  4.83306  0.0224552 -0.0390646  0.0587934   -0.826248   -0.872535 -0.00179809 0.00672294 0.00407747 0.00371979 -0.0300041 -0.0326112 -0.0751521 -3.9235e-05 0.000897841 0.000336252  -0.0250807    0.110219 -0.00894886 -0.151655  0.396897  -9.79979 
               133.3  1.44049 -1.13083  3.91698  0.0153501 -0.0294577  0.0306787  -0.829613  -0.875107 -0.0029817 0.00672486 0.00410329 0.00373278 -0.0340918  0.0264821  -0.107037  -5.212e-05 0.000892253 0.000373772  -0.0239863    0.108035 -0.00658974 -0.152092  0.397462  -9.79976 
               133.4   1.85876 -0.612192   3.73547  0.0116823 -0.0493159   0.018522   -0.830888   -0.873506 -0.00179408 0.00672699 0.00408525 0.00375812  0.0113657 -0.0613248 -0.0415099 -3.63031e-05  0.000888387  0.000361993  -0.0235999    0.110407 -0.00629889 -0.152028  0.396435  -9.79981 
               133.5   1.60932 -0.594252   4.43058 0.00582337 -0.0352951  0.0370523   -0.825746   -0.873844 -0.00432457 0.00677553 0.00411518 0.00375837  0.00197852 -0.00102849  -0.0204387 -1.99529e-05  0.000814148  0.000344316  -0.0231572    0.108951 -0.00834548 -0.152473  0.397218  -9.79977 
               133.6   1.23917 -0.803971   3.77774 -0.00232555  -0.0391235   0.0373535   -0.825499   -0.873363 -0.00475868 0.00676776 0.00410862 0.00378271  -0.0160044 -0.00668514 -0.00924406 4.66385e-05 0.000830002 0.000392606  -0.0221534    0.109253 -0.00850858 -0.152847  0.396999  -9.79977 
               133.7   1.51182 -0.390578   3.66446 -0.00152317  -0.0385938   0.0387818    -0.82488   -0.873319 -0.00488143 0.00677151 0.00411098 0.00378145 -0.00767049  -0.0165177 -0.00966288 -2.35026e-05  0.000808876   0.00037621  -0.0224965    0.109149 -0.00875203 -0.152748  0.397109  -9.79977 
               133.8    1.65267 0.00791302    3.11598 0.000441211  -0.0543934   0.0430998   -0.823633   -0.871531 -0.00343241 0.00677863 0.00411171 0.00381216  -0.00789862   -0.0564869 -0.000112473 -2.65227e-05  0.000821254  0.000364124  -0.0231209    0.111155 -0.00941165 -0.152415  0.396476   -9.7998 
               133.9 1.97576 0.68675 2.65136 0.00828007 -0.0536917  0.0363818   -0.825704   -0.871847 -0.00291311 0.00679302 0.00411554 0.00382387  0.0143811 -0.0288252 0.00122892 -4.03973e-05  0.000818813   0.00035056  -0.0244771    0.110144 -0.00863069 -0.151964  0.396879  -9.79979 
             134.001 1.84501 1.13299 2.27565    0.01261 -0.0439736  0.0481711   -0.823208   -0.872611 -0.00304282 0.00679639 0.00412993 0.00382941    0.023902 -0.00395588   0.0281671 -1.50705e-05  0.000767418  0.000356269  -0.0251281    0.108744 -0.00988543 -0.151867  0.397615  -9.79976 
               134.1 1.40977 1.03602 2.29667  0.0164096 -0.0516099  0.0348835  -0.827235  -0.871678 -0.0027233 0.00677117  0.0041342 0.00381179    0.024315   -0.023961 -0.00978202 2.77602e-05  0.00087035  0.00030329  -0.0253459    0.109277 -0.00794289 -0.15172 0.397192 -9.79978 
               134.2 1.28751  1.0661 2.29435 0.0132027 -0.055442 0.0350125   -0.826855   -0.871961 -0.00352782 0.00676107 0.00415422 0.00382789  0.00947686  -0.0266653 -0.00809197 3.35176e-05 0.000849426  0.00030574  -0.0242158    0.109424 -0.00803802 -0.15212 0.397048 -9.79978 
               134.3  1.2497 1.04082  2.2881 0.00573745 -0.0510399  0.0293433   -0.828461    -0.87287 -0.00321815 0.00676515 0.00418944 0.00384477 -0.0200201 -0.0140016 -0.0211733 -5.56738e-06  0.000830682  0.000314298   -0.022852    0.107934 -0.00732005 -0.152689   0.39738  -9.79976 
               134.4 0.91333  1.1204 2.27306  0.0133668 -0.0561132  0.0256604  -0.828712  -0.872044 -0.0029772  0.0067657 0.00417014 0.00383589  0.0128811 -0.0244562  -0.021802 4.02946e-05 0.000845641 0.000319032  -0.0242031    0.108481 -0.00720392 -0.152183  0.397285  -9.79977 
             134.501 0.945352  1.18462  2.28009  0.0113354 -0.0435548   0.035425   -0.826519   -0.873846 -0.00187849 0.00679023 0.00418686 0.00383419 0.00308049  0.0112844 0.00942726 -2.57707e-05  0.000823072  0.000300715  -0.0236627    0.107036 -0.00833321 -0.15243 0.397921 -9.79974 
               134.6 0.566581  1.24339  2.25056 0.0114189 -0.047639 0.0344948  -0.826773  -0.873353 -0.0023643 0.00678349 0.00418221 0.00383083 0.00165631 0.00535469 0.00486675 0.000223106 0.000836408 0.000341357  -0.0236783    0.107613 -0.00816696  -0.1524 0.397687 -9.79975 
               134.7 0.672607  1.22175   1.8121  0.0182555 -0.0425673  0.0291175   -0.828319   -0.873056 -0.00164204 0.00678679 0.00419128 0.00382468  0.0534246  0.0141143 -0.0107381 0.000216338 0.000834764 0.000345123  -0.0245003    0.106931 -0.00761016 -0.152156  0.397917  -9.79974 
               134.8 0.486838  1.23317  1.22452 0.0204122 -0.043456 0.0333114   -0.827051   -0.873285 -0.00211211 0.00678664 0.00418356 0.00382714  0.0460943  0.0138076 0.00767906 0.000246252 0.000827094 0.000356045  -0.0240197    0.107395 -0.00806912 -0.152295  0.397782  -9.79975 
               134.9  1.0115 1.12166 1.31149  0.0188025 -0.0377583  0.0445803  -0.824652  -0.874299 -0.0020334 0.00678948 0.00420732 0.00382283 0.0278402 0.0225252 0.0342732 0.000139373 0.000829384 0.000322498  -0.0231129    0.107182 -0.00900826 -0.152613  0.397932  -9.79974 
             135.001 1.09654  1.0593 1.31383 0.00346229 -0.0418362  0.0379154  -0.827115  -0.874374 -0.0024327 0.00676391 0.00423763 0.00383373 -0.0311704 0.00362693  0.0077843 0.000148973 0.000875357 0.000315149  -0.0208248    0.107254 -0.00797873 -0.153402  0.397546  -9.79974 
               135.1 0.814184  1.09752  1.31721 0.00407172 -0.0435703  0.0309335  -0.828916  -0.873837 -0.0022548 0.00676396 0.00423108 0.00383075   -0.019332  -0.0117747 -0.00907625 0.000220842 0.000884583 0.000314613  -0.0213448    0.107189 -0.00727669 -0.153229  0.397502  -9.79974 
               135.2 0.847412  1.09675  1.29007 0.00648605 -0.0400603  0.0356482   -0.827701   -0.874142 -0.00200747  0.0067738 0.00422709  0.0038353 -0.00120351  0.00338539   0.0082574 0.000222831 0.000879987  0.00032014  -0.0218737    0.106941 -0.00779588 -0.153055  0.397717  -9.79974 
               135.3 1.05688 1.01321 1.29935 0.00970891  -0.040067  0.0253647   -0.830126   -0.873666 -0.00172682 0.00677539 0.00422248 0.00383182  0.0095359 -0.0028701 -0.0201655 0.000217369 0.000891828 0.000317393  -0.0222824    0.106582 -0.00686857 -0.152936  0.397733  -9.79974 
               135.4 0.997152  1.02523  1.32214  0.0129349 -0.0479179  0.0191557   -0.830754   -0.873097 -0.00208301 0.00676977  0.0042161 0.00383013   0.021283 -0.0151649 -0.0312243 0.000248808 0.000891837 0.000310252  -0.0224955    0.107135 -0.00658821 -0.15284 0.397508 -9.79975 
               135.5  1.09276 0.979586  1.31921  0.0105439 -0.0564767  0.0172906   -0.830456    -0.87297 -0.00251778 0.00676383 0.00421423 0.00383124 0.00681979 -0.0393015  -0.027168 0.000266433 0.000875465 0.000303779  -0.0221733    0.107598 -0.00667024 -0.15293  0.39733 -9.79976 
               135.6  1.04172 0.991195  1.27674  0.0135072 -0.0433143  0.0217853   -0.829737   -0.873814 -0.00172188 0.00677216 0.00422229 0.00383546    0.013893  0.00877967 -0.00541695 0.000316361 0.000855796 0.000357502  -0.0222848     0.10657 -0.00707438 -0.152931  0.397757  -9.79974 
               135.7 0.826083  1.08015  1.33336 0.00908105 -0.0527744  0.0196465    -0.82979   -0.873526 -0.00237622 0.00676294  0.0042212 0.00382622 -0.00810963  -0.0367642  -0.0103121 0.000317447 0.000843745 0.000342974  -0.0217811    0.107188 -0.00697253 -0.153078  0.397487  -9.79975 
               135.8 0.976189  1.02917  1.31221 8.61519e-05  -0.0539842   0.0287443   -0.828357   -0.874199 -0.00258514 0.00675839 0.00422686 0.00382795 -0.0277452 -0.0176381  0.0208881 0.000298071 0.000840437 0.000377727  -0.0208713    0.107203 -0.00757111 -0.153376  0.397494  -9.79974 
